TOA5,
TIMESTAMP,
TS,
factor,
,
2022-08-29 18:30,0
2022-08-29 18:35,-0.0074877
2022-08-29 18:40,-0.0149754
2022-08-29 18:45,-0.0074877
2022-08-29 18:50,-0.0037433
2022-08-29 18:55,-0.0112321
2022-08-29 19:00,-0.0224642
2022-08-29 19:05,-0.0187198
2022-08-29 19:10,-0.0149754
2022-08-29 19:15,-0.0112321
2022-08-29 19:20,-0.0112321
2022-08-29 19:25,-0.0037433
2022-08-29 19:30,-0.0187198
2022-08-29 19:35,0.0112321
2022-08-29 19:40,0.0037444
2022-08-29 19:45,-0.0224642
2022-08-29 19:50,0.0074888
2022-08-29 19:55,-0.0037433
2022-08-29 20:00,0
2022-08-29 20:05,-0.0262075
2022-08-29 20:10,0.0112321
2022-08-29 20:15,0
2022-08-29 20:20,-0.0187198
2022-08-29 20:25,0.0112321
2022-08-29 20:30,-0.0187198
2022-08-29 20:35,-0.0074877
2022-08-29 20:40,-0.0224642
2022-08-29 20:45,0.0112321
2022-08-29 20:50,-0.0224642
2022-08-29 20:55,0
2022-08-29 21:00,-0.0037433
2022-08-29 21:05,0.0187209
2022-08-29 21:10,-0.0187198
2022-08-29 21:15,-0.0224642
2022-08-29 21:20,-0.0037433
2022-08-29 21:25,0
2022-08-29 21:30,-0.0187198
2022-08-29 21:35,0.0112321
2022-08-29 21:40,0.0112321
2022-08-29 21:45,-0.0224642
2022-08-29 21:50,0.0037444
2022-08-29 21:55,0.0112321
2022-08-29 22:00,-0.0262075
2022-08-29 22:05,0
2022-08-29 22:10,-0.0037433
2022-08-29 22:15,-0.0187198
2022-08-29 22:20,0.0112321
2022-08-29 22:25,0.0112321
2022-08-29 22:30,-0.0112321
2022-08-29 22:35,0.0112321
2022-08-29 22:40,-0.0187198
2022-08-29 22:45,-0.0187198
2022-08-29 22:50,0.0149765
2022-08-29 22:55,-0.0187198
2022-08-29 23:00,-0.0224642
2022-08-29 23:05,-0.0187198
2022-08-29 23:10,-0.0187198
2022-08-29 23:15,0.0037444
2022-08-29 23:20,-0.0149754
2022-08-29 23:25,-0.0037433
2022-08-29 23:30,0.0037444
2022-08-29 23:35,0.0037444
2022-08-29 23:40,0.0037444
2022-08-29 23:45,0.0074888
2022-08-29 23:50,0.0112321
2022-08-29 23:55,0.0112321
2022-08-30 0:00,0
2022-08-30 0:05,0.0149765
2022-08-30 0:10,-0.0224642
2022-08-30 0:15,-0.0037433
2022-08-30 0:20,-0.0187198
2022-08-30 0:25,0.0112321
2022-08-30 0:30,0.0187209
2022-08-30 0:35,-0.0187198
2022-08-30 0:40,-0.0187198
2022-08-30 0:45,-0.0224642
2022-08-30 0:50,-0.0037433
2022-08-30 0:55,-0.0224642
2022-08-30 1:00,-0.0074877
2022-08-30 1:05,0.0149765
2022-08-30 1:10,-0.0224642
2022-08-30 1:15,-0.0224642
2022-08-30 1:20,0.0149765
2022-08-30 1:25,-0.0224642
2022-08-30 1:30,0
2022-08-30 1:35,-0.0112321
2022-08-30 1:40,-0.0037433
2022-08-30 1:45,-0.0149754
2022-08-30 1:50,-0.0224642
2022-08-30 1:55,-0.0074877
2022-08-30 2:00,-0.0224642
2022-08-30 2:05,-0.0037433
2022-08-30 2:10,0.0112321
2022-08-30 2:15,0.0037444
2022-08-30 2:20,0.0187209
2022-08-30 2:25,-0.0187198
2022-08-30 2:30,0.0112321
2022-08-30 2:35,0.0112321
2022-08-30 2:40,0.0149765
2022-08-30 2:45,-0.0149754
2022-08-30 2:50,-0.0149754
2022-08-30 2:55,0.0149765
2022-08-30 3:00,0.0112321
2022-08-30 3:05,-0.0074877
2022-08-30 3:10,0.0112321
2022-08-30 3:15,-0.0187198
2022-08-30 3:20,-0.0149754
2022-08-30 3:25,0.0149765
2022-08-30 3:30,-0.0187198
2022-08-30 3:35,-0.0149754
2022-08-30 3:40,-0.0149754
2022-08-30 3:45,-0.0074877
2022-08-30 3:50,-0.0037433
2022-08-30 3:55,-0.0149754
2022-08-30 4:00,0.0187209
2022-08-30 4:05,0.0074888
2022-08-30 4:10,-0.0112321
2022-08-30 4:15,-0.0149754
2022-08-30 4:20,-0.0037433
2022-08-30 4:25,0.0074888
2022-08-30 4:30,-0.0074877
2022-08-30 4:35,0.0187209
2022-08-30 4:40,0.0074888
2022-08-30 4:45,0.0149765
2022-08-30 4:50,-0.0074877
2022-08-30 4:55,0.0112321
2022-08-30 5:00,0.0037444
2022-08-30 5:05,0.0037444
2022-08-30 5:10,0.0112321
2022-08-30 5:15,-0.0149754
2022-08-30 5:20,0.0187209
2022-08-30 5:25,0.0112321
2022-08-30 5:30,-0.0037433
2022-08-30 5:35,-0.0037433
2022-08-30 5:40,-0.0149754
2022-08-30 5:45,0.0187209
2022-08-30 5:50,-0.0074877
2022-08-30 5:55,-0.0187198
2022-08-30 6:00,0.0149765
2022-08-30 6:05,-0.0074877
2022-08-30 6:10,0.0187209
2022-08-30 6:15,-0.0187198
2022-08-30 6:20,0.0149765
2022-08-30 6:25,0.0074888
2022-08-30 6:30,0.0112321
2022-08-30 6:35,0.0224642
2022-08-30 6:40,0.0037444
2022-08-30 6:45,0.0187209
2022-08-30 6:50,-0.0037433
2022-08-30 6:55,0.0112321
2022-08-30 7:00,-0.0112321
2022-08-30 7:05,-0.0112321
2022-08-30 7:10,0.0187209
2022-08-30 7:15,-0.0037433
2022-08-30 7:20,-0.0112321
2022-08-30 7:25,-0.0037433
2022-08-30 7:30,0.0336974
2022-08-30 7:35,0
2022-08-30 7:40,0.0336974
2022-08-30 7:45,0.029953
2022-08-30 7:50,0.0149765
2022-08-30 7:55,-0.0037433
2022-08-30 8:00,-0.0074877
2022-08-30 8:05,0.0336974
2022-08-30 8:10,0.0262086
2022-08-30 8:15,0.0112321
2022-08-30 8:20,0.0149765
2022-08-30 8:25,0.029953
2022-08-30 8:30,0.0074888
2022-08-30 8:35,0.0074888
2022-08-30 8:40,0.0112321
2022-08-30 8:45,0
2022-08-30 8:50,0.0262086
2022-08-30 8:55,0.0112321
2022-08-30 9:00,0.0112321
2022-08-30 9:05,-0.0037433
2022-08-30 9:10,0.0037444
2022-08-30 9:15,-0.0037433
2022-08-30 9:20,0
2022-08-30 9:25,0
2022-08-30 9:30,0.0037444
2022-08-30 9:35,-0.0037433
2022-08-30 9:40,0.0336974
2022-08-30 9:45,0.0112321
2022-08-30 9:50,0.029953
2022-08-30 9:55,0
2022-08-30 10:00,0.0112321
2022-08-30 10:05,-0.0074877
2022-08-30 10:10,0
2022-08-30 10:15,0.029953
2022-08-30 10:20,0.0037444
2022-08-30 10:25,0.0336974
2022-08-30 10:30,-0.0037433
2022-08-30 10:35,0.0112321
2022-08-30 10:40,0.029953
2022-08-30 10:45,0.0262086
2022-08-30 10:50,0.029953
2022-08-30 10:55,0.029953
2022-08-30 11:00,-0.0074877
2022-08-30 11:05,0.0336974
2022-08-30 11:10,-0.0112321
2022-08-30 11:15,-0.0074877
2022-08-30 11:20,-0.0037433
2022-08-30 11:25,0.029953
2022-08-30 11:30,0.0037444
2022-08-30 11:35,-0.0037433
2022-08-30 11:40,-0.0112321
2022-08-30 11:45,-0.0074877
2022-08-30 11:50,-0.0037433
2022-08-30 11:55,-0.0074877
2022-08-30 12:00,0.0262086
2022-08-30 12:05,0.0262086
2022-08-30 12:10,-0.0112321
2022-08-30 12:15,0.0262086
2022-08-30 12:20,-0.0112321
2022-08-30 12:25,0
2022-08-30 12:30,-0.0037433
2022-08-30 12:35,0.0149765
2022-08-30 12:40,0.0149765
2022-08-30 12:45,0.0262086
2022-08-30 12:50,-0.0112321
2022-08-30 12:55,0.0112321
2022-08-30 13:00,0.0074888
2022-08-30 13:05,0
2022-08-30 13:10,0.0112321
2022-08-30 13:15,0.0187209
2022-08-30 13:20,0.0074888
2022-08-30 13:25,0.0262086
2022-08-30 13:30,0.029953
2022-08-30 13:35,0.0037444
2022-08-30 13:40,-0.0074877
2022-08-30 13:45,0
2022-08-30 13:50,-0.0037433
2022-08-30 13:55,0.0262086
2022-08-30 14:00,0.0037444
2022-08-30 14:05,-0.0074877
2022-08-30 14:10,0.0187209
2022-08-30 14:15,-0.0074877
2022-08-30 14:20,-0.0037433
2022-08-30 14:25,0.029953
2022-08-30 14:30,-0.0037433
2022-08-30 14:35,0.029953
2022-08-30 14:40,0.029953
2022-08-30 14:45,0.029953
2022-08-30 14:50,0.0262086
2022-08-30 14:55,0
2022-08-30 15:00,0.0262086
2022-08-30 15:05,-0.0037433
2022-08-30 15:10,0.029953
2022-08-30 15:15,0.029953
2022-08-30 15:20,0.0187209
2022-08-30 15:25,0.0336974
2022-08-30 15:30,0.0224642
2022-08-30 15:35,-0.0112321
2022-08-30 15:40,0.0112321
2022-08-30 15:45,0.0336974
2022-08-30 15:50,0.0112321
2022-08-30 15:55,-0.0037433
2022-08-30 16:00,0.0074888
2022-08-30 16:05,0.0187209
2022-08-30 16:10,-0.0037433
2022-08-30 16:15,0.0112321
2022-08-30 16:20,0.029953
2022-08-30 16:25,-0.0074877
2022-08-30 16:30,0.0187209
2022-08-30 16:35,0.0336974
2022-08-30 16:40,0.029953
2022-08-30 16:45,-0.0074877
2022-08-30 16:50,0.0336974
2022-08-30 16:55,-0.0074877
2022-08-30 17:00,0.0224642
2022-08-30 17:05,0.0074888
2022-08-30 17:10,0.0336974
2022-08-30 17:15,0
2022-08-30 17:20,0
2022-08-30 17:25,-0.0074877
2022-08-30 17:30,0.0149765
2022-08-30 17:35,0
2022-08-30 17:40,0.0074888
2022-08-30 17:45,0.0374407
2022-08-30 17:50,-0.0037433
2022-08-30 17:55,0.0112321
2022-08-30 18:00,0.0336974
2022-08-30 18:05,0.029953
2022-08-30 18:10,0.0262086
2022-08-30 18:15,0.029953
2022-08-30 18:20,0.0262086
2022-08-30 18:25,0
2022-08-30 18:30,-0.0037433
2022-08-30 18:35,0.0224642
2022-08-30 18:40,-0.0112321
2022-08-30 18:45,0.0374407
2022-08-30 18:50,-0.0037433
2022-08-30 18:55,0.0037444
2022-08-30 19:00,0.0037444
2022-08-30 19:05,0.0112321
2022-08-30 19:10,0
2022-08-30 19:15,0.0074888
2022-08-30 19:20,0.0112321
2022-08-30 19:25,0
2022-08-30 19:30,0.0374407
2022-08-30 19:35,0.0336974
2022-08-30 19:40,0.029953
2022-08-30 19:45,0
2022-08-30 19:50,-0.0037433
2022-08-30 19:55,0.0262086
2022-08-30 20:00,0.0112321
2022-08-30 20:05,-0.0037433
2022-08-30 20:10,0.0149765
2022-08-30 20:15,0.0187209
2022-08-30 20:20,0
2022-08-30 20:25,-0.0037433
2022-08-30 20:30,0.029953
2022-08-30 20:35,0.029953
2022-08-30 20:40,0.0224642
2022-08-30 20:45,0
2022-08-30 20:50,0.0262086
2022-08-30 20:55,0.0262086
2022-08-30 21:00,0.0187209
2022-08-30 21:05,0.0336974
2022-08-30 21:10,0
2022-08-30 21:15,0.0112321
2022-08-30 21:20,0
2022-08-30 21:25,-0.0037433
2022-08-30 21:30,0.0187209
2022-08-30 21:35,0.0112321
2022-08-30 21:40,0.0037444
2022-08-30 21:45,0.0374407
2022-08-30 21:50,-0.0037433
2022-08-30 21:55,0.029953
2022-08-30 22:00,0.0224642
2022-08-30 22:05,0
2022-08-30 22:10,0.0112321
2022-08-30 22:15,0.0112321
2022-08-30 22:20,0.029953
2022-08-30 22:25,0.0074888
2022-08-30 22:30,0.0112321
2022-08-30 22:35,0.0224642
2022-08-30 22:40,0
2022-08-30 22:45,0
2022-08-30 22:50,0
2022-08-30 22:55,0.0112321
2022-08-30 23:00,0.0224642
2022-08-30 23:05,0.0336974
2022-08-30 23:10,0.0037444
2022-08-30 23:15,0.0187209
2022-08-30 23:20,0.0336974
2022-08-30 23:25,-0.0037433
2022-08-30 23:30,0.029953
2022-08-30 23:35,-0.0037433
2022-08-30 23:40,0.0262086
2022-08-30 23:45,0.0112321
2022-08-30 23:50,0.0336974
2022-08-30 23:55,0.0336974
2022-08-31 0:00,0.0037444
2022-08-31 0:05,0.0336974
2022-08-31 0:10,0.0262086
2022-08-31 0:15,0.0149765
2022-08-31 0:20,0.029953
2022-08-31 0:25,0.0224642
2022-08-31 0:30,0.0374407
2022-08-31 0:35,0.0262086
2022-08-31 0:40,0.0074888
2022-08-31 0:45,0.0074888
2022-08-31 0:50,0
2022-08-31 0:55,0
2022-08-31 1:00,0.0336974
2022-08-31 1:05,0.029953
2022-08-31 1:10,0
2022-08-31 1:15,0
2022-08-31 1:20,0
2022-08-31 1:25,0.0224642
2022-08-31 1:30,0.0224642
2022-08-31 1:35,0.029953
2022-08-31 1:40,0
2022-08-31 1:45,0.0262086
2022-08-31 1:50,0.0187209
2022-08-31 1:55,0.0112321
2022-08-31 2:00,-0.0037433
2022-08-31 2:05,0.0112321
2022-08-31 2:10,0
2022-08-31 2:15,0.0262086
2022-08-31 2:20,0.0074888
2022-08-31 2:25,0.0149765
2022-08-31 2:30,0.0336974
2022-08-31 2:35,0
2022-08-31 2:40,0.0374407
2022-08-31 2:45,0.0149765
2022-08-31 2:50,0.0262086
2022-08-31 2:55,0.0112321
2022-08-31 3:00,0.0374407
2022-08-31 3:05,0
2022-08-31 3:10,-0.0037433
2022-08-31 3:15,0.0374407
2022-08-31 3:20,-0.0074877
2022-08-31 3:25,0.0224642
2022-08-31 3:30,0.0224642
2022-08-31 3:35,0
2022-08-31 3:40,0.029953
2022-08-31 3:45,0
2022-08-31 3:50,0.0037444
2022-08-31 3:55,0
2022-08-31 4:00,0.029953
2022-08-31 4:05,0.0374407
2022-08-31 4:10,0.0187209
2022-08-31 4:15,0.0037444
2022-08-31 4:20,-0.0037433
2022-08-31 4:25,0.029953
2022-08-31 4:30,0.0411851
2022-08-31 4:35,0.0224642
2022-08-31 4:40,0.0224642
2022-08-31 4:45,0.0074888
2022-08-31 4:50,0
2022-08-31 4:55,-0.0037433
2022-08-31 5:00,0.0037444
2022-08-31 5:05,0.0262086
2022-08-31 5:10,0.0224642
2022-08-31 5:15,0.0074888
2022-08-31 5:20,0
2022-08-31 5:25,-0.0037433
2022-08-31 5:30,0.0336974
2022-08-31 5:35,0.0074888
2022-08-31 5:40,0.0037444
2022-08-31 5:45,0.0374407
2022-08-31 5:50,0.0336974
2022-08-31 5:55,0
2022-08-31 6:00,0.0262086
2022-08-31 6:05,0.0374407
2022-08-31 6:10,0.0149765
2022-08-31 6:15,0.0374407
2022-08-31 6:20,0.0336974
2022-08-31 6:25,0
2022-08-31 6:30,0
2022-08-31 6:35,0
2022-08-31 6:40,0.0112321
2022-08-31 6:45,-0.0037433
2022-08-31 6:50,0.029953
2022-08-31 6:55,0.0336974
2022-08-31 7:00,0.029953
2022-08-31 7:05,0.0037444
2022-08-31 7:10,0.0224642
2022-08-31 7:15,0
2022-08-31 7:20,0.0374407
2022-08-31 7:25,-0.0037433
2022-08-31 7:30,0.0187209
2022-08-31 7:35,0.0374407
2022-08-31 7:40,0
2022-08-31 7:45,0.0149765
2022-08-31 7:50,-0.0037433
2022-08-31 7:55,-0.0037433
2022-08-31 8:00,-0.0112321
2022-08-31 8:05,-0.0112321
2022-08-31 8:10,0.0149765
2022-08-31 8:15,0.0112321
2022-08-31 8:20,-0.0037433
2022-08-31 8:25,-0.0112321
2022-08-31 8:30,-0.0037433
2022-08-31 8:35,0.0112321
2022-08-31 8:40,-0.0037433
2022-08-31 8:45,0.0037444
2022-08-31 8:50,0
2022-08-31 8:55,0.0112321
2022-08-31 9:00,0.029953
2022-08-31 9:05,-0.0074877
2022-08-31 9:10,0.0936012
2022-08-31 9:15,0.0599049
2022-08-31 9:20,0.0973456
2022-08-31 9:25,0.1085777
2022-08-31 9:30,0.10109
2022-08-31 9:35,0.10109
2022-08-31 9:40,0.10109
2022-08-31 9:45,0.0748814
2022-08-31 9:50,0.1048333
2022-08-31 9:55,0.0936012
2022-08-31 10:00,0.1085777
2022-08-31 10:05,0.071137
2022-08-31 10:10,0.1048333
2022-08-31 10:15,0.1085777
2022-08-31 10:20,0.071137
2022-08-31 10:25,0.0823691
2022-08-31 10:30,0.10109
2022-08-31 10:35,0.071137
2022-08-31 10:40,0.0748814
2022-08-31 10:45,0.0861135
2022-08-31 10:50,0.0748814
2022-08-31 10:55,0.0786258
2022-08-31 11:00,0.0823691
2022-08-31 11:05,0.0823691
2022-08-31 11:10,0.0823691
2022-08-31 11:15,0.0786258
2022-08-31 11:20,0.0823691
2022-08-31 11:25,0.0823691
2022-08-31 11:30,0.0748814
2022-08-31 11:35,0.0786258
2022-08-31 11:40,0.0748814
2022-08-31 11:45,0.0786258
2022-08-31 11:50,0.0823691
2022-08-31 11:55,0.0673926
2022-08-31 12:00,0.0861135
2022-08-31 12:05,0.0786258
2022-08-31 12:10,0.0823691
2022-08-31 12:15,0.0748814
2022-08-31 12:20,0.0748814
2022-08-31 12:25,0.0786258
2022-08-31 12:30,0.0823691
2022-08-31 12:35,0.0673926
2022-08-31 12:40,0.0786258
2022-08-31 12:45,0.0748814
2022-08-31 12:50,0.0786258
2022-08-31 12:55,0.071137
2022-08-31 13:00,0.0861135
2022-08-31 13:05,0.0861135
2022-08-31 13:10,0.0861135
2022-08-31 13:15,0.0748814
2022-08-31 13:20,0.0187209
2022-08-31 13:25,0.0037444
2022-08-31 13:30,-0.0187198
2022-08-31 13:35,-0.0187198
2022-08-31 13:40,-0.0149754
2022-08-31 13:45,-0.0074877
2022-08-31 13:50,-0.0112321
2022-08-31 13:55,-0.0074877
2022-08-31 14:00,-0.0037433
2022-08-31 14:05,-0.0112321
2022-08-31 14:10,-0.0074877
2022-08-31 14:15,-0.0074877
2022-08-31 14:20,-0.0149754
2022-08-31 14:25,-0.0112321
2022-08-31 14:30,-0.0112321
2022-08-31 14:35,-0.0037433
2022-08-31 14:40,-0.0187198
2022-08-31 14:45,-0.0224642
2022-08-31 14:50,-0.0262075
2022-08-31 14:55,-0.0112321
2022-08-31 15:00,-0.0187198
2022-08-31 15:05,-0.0187198
2022-08-31 15:10,-0.0112321
2022-08-31 15:15,-0.0224642
2022-08-31 15:20,-0.0112321
2022-08-31 15:25,-0.0299519
2022-08-31 15:30,-0.0336963
2022-08-31 15:35,-0.0224642
2022-08-31 15:40,-0.0262075
2022-08-31 15:45,-0.0187198
2022-08-31 15:50,-0.0187198
2022-08-31 15:55,-0.0224642
2022-08-31 16:00,-0.0299519
2022-08-31 16:05,-0.0187198
2022-08-31 16:10,-0.0262075
2022-08-31 16:15,-0.0299519
2022-08-31 16:20,-0.0224642
2022-08-31 16:25,-0.0112321
2022-08-31 16:30,-0.0187198
2022-08-31 16:35,-0.0187198
2022-08-31 16:40,-0.0187198
2022-08-31 16:45,-0.0262075
2022-08-31 16:50,-0.0187198
2022-08-31 16:55,-0.0149754
2022-08-31 17:00,-0.0224642
2022-08-31 17:05,-0.0262075
2022-08-31 17:10,-0.0112321
2022-08-31 17:15,-0.0112321
2022-08-31 17:20,-0.0187198
2022-08-31 17:25,-0.0112321
2022-08-31 17:30,-0.0187198
2022-08-31 17:35,-0.0187198
2022-08-31 17:40,-0.0112321
2022-08-31 17:45,-0.0187198
2022-08-31 17:50,-0.0187198
2022-08-31 17:55,-0.0187198
2022-08-31 18:00,-0.0149754
2022-08-31 18:05,-0.0112321
2022-08-31 18:10,-0.0224642
2022-08-31 18:15,-0.0224642
2022-08-31 18:20,-0.0299519
2022-08-31 18:25,-0.0262075
2022-08-31 18:30,-0.0187198
2022-08-31 18:35,-0.0262075
2022-08-31 18:40,-0.0224642
2022-08-31 18:45,-0.0224642
2022-08-31 18:50,-0.0262075
2022-08-31 18:55,-0.0224642
2022-08-31 19:00,-0.0112321
2022-08-31 19:05,-0.0112321
2022-08-31 19:10,-0.0224642
2022-08-31 19:15,-0.0224642
2022-08-31 19:20,-0.0299519
2022-08-31 19:25,-0.0187198
2022-08-31 19:30,-0.0187198
2022-08-31 19:35,-0.0187198
2022-08-31 19:40,-0.0336963
2022-08-31 19:45,-0.0187198
2022-08-31 19:50,-0.0262075
2022-08-31 19:55,-0.0187198
2022-08-31 20:00,-0.0299519
2022-08-31 20:05,-0.0224642
2022-08-31 20:10,-0.0112321
2022-08-31 20:15,-0.0262075
2022-08-31 20:20,-0.0187198
2022-08-31 20:25,-0.0112321
2022-08-31 20:30,-0.0224642
2022-08-31 20:35,-0.0112321
2022-08-31 20:40,-0.0187198
2022-08-31 20:45,-0.0187198
2022-08-31 20:50,-0.0112321
2022-08-31 20:55,-0.0187198
2022-08-31 21:00,-0.0112321
2022-08-31 21:05,-0.0299519
2022-08-31 21:10,-0.0262075
2022-08-31 21:15,-0.0224642
2022-08-31 21:20,-0.0224642
2022-08-31 21:25,-0.0262075
2022-08-31 21:30,-0.0187198
2022-08-31 21:35,-0.0149754
2022-08-31 21:40,-0.0187198
2022-08-31 21:45,-0.0187198
2022-08-31 21:50,-0.0262075
2022-08-31 21:55,-0.0187198
2022-08-31 22:00,-0.0149754
2022-08-31 22:05,-0.0187198
2022-08-31 22:10,-0.0112321
2022-08-31 22:15,-0.0299519
2022-08-31 22:20,-0.0187198
2022-08-31 22:25,-0.0112321
2022-08-31 22:30,-0.0187198
2022-08-31 22:35,-0.0187198
2022-08-31 22:40,-0.0112321
2022-08-31 22:45,-0.0262075
2022-08-31 22:50,-0.0112321
2022-08-31 22:55,-0.0149754
2022-08-31 23:00,-0.0224642
2022-08-31 23:05,-0.0149754
2022-08-31 23:10,-0.0299519
2022-08-31 23:15,-0.0262075
2022-08-31 23:20,-0.0149754
2022-08-31 23:25,-0.0112321
2022-08-31 23:30,-0.0187198
2022-08-31 23:35,-0.0224642
2022-08-31 23:40,-0.0187198
2022-08-31 23:45,-0.0262075
2022-08-31 23:50,-0.0224642
2022-08-31 23:55,-0.0336963
2022-09-01 0:00,-0.0262075
2022-09-01 0:05,-0.0187198
2022-09-01 0:10,-0.0112321
2022-09-01 0:15,-0.0262075
2022-09-01 0:20,-0.0299519
2022-09-01 0:25,-0.0262075
2022-09-01 0:30,-0.0187198
2022-09-01 0:35,-0.0224642
2022-09-01 0:40,-0.0224642
2022-09-01 0:45,-0.0187198
2022-09-01 0:50,-0.0224642
2022-09-01 0:55,-0.0112321
2022-09-01 1:00,-0.0112321
2022-09-01 1:05,-0.0262075
2022-09-01 1:10,-0.0149754
2022-09-01 1:15,-0.0224642
2022-09-01 1:20,-0.0187198
2022-09-01 1:25,-0.0299519
2022-09-01 1:30,-0.0112321
2022-09-01 1:35,-0.0224642
2022-09-01 1:40,-0.0299519
2022-09-01 1:45,-0.0149754
2022-09-01 1:50,-0.0149754
2022-09-01 1:55,-0.0187198
2022-09-01 2:00,-0.0187198
2022-09-01 2:05,-0.0224642
2022-09-01 2:10,-0.0187198
2022-09-01 2:15,-0.0262075
2022-09-01 2:20,-0.0187198
2022-09-01 2:25,-0.0187198
2022-09-01 2:30,-0.0299519
2022-09-01 2:35,-0.0187198
2022-09-01 2:40,-0.0262075
2022-09-01 2:45,-0.0187198
2022-09-01 2:50,-0.0187198
2022-09-01 2:55,-0.0149754
2022-09-01 3:00,-0.0074877
2022-09-01 3:05,-0.0187198
2022-09-01 3:10,-0.0262075
2022-09-01 3:15,-0.0224642
2022-09-01 3:20,-0.0187198
2022-09-01 3:25,-0.0187198
2022-09-01 3:30,-0.0112321
2022-09-01 3:35,-0.0187198
2022-09-01 3:40,-0.0149754
2022-09-01 3:45,-0.0224642
2022-09-01 3:50,-0.0187198
2022-09-01 3:55,-0.0187198
2022-09-01 4:00,-0.0187198
2022-09-01 4:05,-0.0149754
2022-09-01 4:10,-0.0187198
2022-09-01 4:15,-0.0149754
2022-09-01 4:20,-0.0149754
2022-09-01 4:25,-0.0149754
2022-09-01 4:30,-0.0187198
2022-09-01 4:35,-0.0149754
2022-09-01 4:40,-0.0149754
2022-09-01 4:45,-0.0187198
2022-09-01 4:50,-0.0187198
2022-09-01 4:55,-0.0187198
2022-09-01 5:00,-0.0149754
2022-09-01 5:05,-0.0149754
2022-09-01 5:10,-0.0187198
2022-09-01 5:15,-0.0187198
2022-09-01 5:20,-0.0187198
2022-09-01 5:25,-0.0187198
2022-09-01 5:30,-0.0187198
2022-09-01 5:35,-0.0187198
2022-09-01 5:40,-0.0149754
2022-09-01 5:45,-0.0149754
2022-09-01 5:50,-0.0149754
2022-09-01 5:55,-0.0149754
2022-09-01 6:00,-0.0149754
2022-09-01 6:05,-0.0187198
2022-09-01 6:10,-0.0149754
2022-09-01 6:15,-0.0187198
2022-09-01 6:20,-0.0187198
2022-09-01 6:25,-0.0187198
2022-09-01 6:30,-0.0187198
2022-09-01 6:35,-0.0187198
2022-09-01 6:40,-0.0112321
2022-09-01 6:45,-0.0187198
2022-09-01 6:50,-0.0149754
2022-09-01 6:55,-0.0187198
2022-09-01 7:00,-0.0187198
2022-09-01 7:05,-0.0112321
2022-09-01 7:10,-0.0149754
2022-09-01 7:15,-0.0037433
2022-09-01 7:20,-0.0037433
2022-09-01 7:25,-0.0037433
2022-09-01 7:30,-0.0037433
2022-09-01 7:35,-0.0037433
2022-09-01 7:40,-0.0037433
2022-09-01 7:45,-0.0074877
2022-09-01 7:50,0.0262086
2022-09-01 7:55,0.029953
2022-09-01 8:00,0.0262086
2022-09-01 8:05,0.0262086
2022-09-01 8:10,0.0262086
2022-09-01 8:15,0.0262086
2022-09-01 8:20,0.0224642
2022-09-01 8:25,0.0224642
2022-09-01 8:30,0.0224642
2022-09-01 8:35,0.0187209
2022-09-01 8:40,0.0224642
2022-09-01 8:45,0.0224642
2022-09-01 8:50,0.0187209
2022-09-01 8:55,0.0224642
2022-09-01 9:00,0.0037444
2022-09-01 9:05,0.0112321
2022-09-01 9:10,0.0112321
2022-09-01 9:15,0.0112321
2022-09-01 9:20,0.0074888
2022-09-01 9:25,0.0149765
2022-09-01 9:30,0.0074888
2022-09-01 9:35,0.0149765
2022-09-01 9:40,-0.0037433
2022-09-01 9:45,-0.0112321
2022-09-01 9:50,-0.0112321
2022-09-01 9:55,-0.0074877
2022-09-01 10:00,-0.0187198
2022-09-01 10:05,-0.0074877
2022-09-01 10:10,-0.0224642
2022-09-01 10:15,-0.0149754
2022-09-01 10:20,-0.0112321
2022-09-01 10:25,-0.0224642
2022-09-01 10:30,-0.0336963
2022-09-01 10:35,-0.0224642
2022-09-01 10:40,-0.0374396
2022-09-01 10:45,-0.0374396
2022-09-01 10:50,-0.0299519
2022-09-01 10:55,-0.0262075
2022-09-01 11:00,-0.0299519
2022-09-01 11:05,-0.0336963
2022-09-01 11:10,-0.0336963
2022-09-01 11:15,-0.041184
2022-09-01 11:20,-0.0299519
2022-09-01 11:25,-0.0336963
2022-09-01 11:30,-0.0336963
2022-09-01 11:35,-0.0449284
2022-09-01 11:40,-0.0262075
2022-09-01 11:45,-0.0299519
2022-09-01 11:50,-0.0336963
2022-09-01 11:55,-0.041184
2022-09-01 12:00,-0.0336963
2022-09-01 12:05,-0.0224642
2022-09-01 12:10,-0.041184
2022-09-01 12:15,-0.041184
2022-09-01 12:20,-0.0336963
2022-09-01 12:25,-0.0374396
2022-09-01 12:30,-0.0336963
2022-09-01 12:35,-0.0262075
2022-09-01 12:40,-0.0374396
2022-09-01 12:45,-0.041184
2022-09-01 12:50,-0.041184
2022-09-01 12:55,-0.0299519
2022-09-01 13:00,-0.0374396
2022-09-01 13:05,-0.0336963
2022-09-01 13:10,-0.0336963
2022-09-01 13:15,-0.041184
2022-09-01 13:20,-0.0262075
2022-09-01 13:25,-0.0449284
2022-09-01 13:30,-0.0336963
2022-09-01 13:35,-0.0336963
2022-09-01 13:40,-0.0374396
2022-09-01 13:45,-0.0262075
2022-09-01 13:50,-0.0374396
2022-09-01 13:55,-0.0262075
2022-09-01 14:00,-0.0374396
2022-09-01 14:05,-0.041184
2022-09-01 14:10,-0.0336963
2022-09-01 14:15,-0.0336963
2022-09-01 14:20,-0.0262075
2022-09-01 14:25,-0.0449284
2022-09-01 14:30,-0.0374396
2022-09-01 14:35,-0.0336963
2022-09-01 14:40,-0.0449284
2022-09-01 14:45,-0.0449284
2022-09-01 14:50,-0.0262075
2022-09-01 14:55,-0.041184
2022-09-01 15:00,-0.0262075
2022-09-01 15:05,-0.0336963
2022-09-01 15:10,-0.041184
2022-09-01 15:15,-0.041184
2022-09-01 15:20,-0.0336963
2022-09-01 15:25,-0.0262075
2022-09-01 15:30,-0.0374396
2022-09-01 15:35,-0.0336963
2022-09-01 15:40,-0.0262075
2022-09-01 15:45,-0.041184
2022-09-01 15:50,-0.041184
2022-09-01 15:55,-0.0449284
2022-09-01 16:00,-0.0449284
2022-09-01 16:05,-0.0336963
2022-09-01 16:10,-0.0374396
2022-09-01 16:15,-0.0299519
2022-09-01 16:20,-0.0336963
2022-09-01 16:25,-0.0336963
2022-09-01 16:30,-0.0299519
2022-09-01 16:35,-0.0374396
2022-09-01 16:40,-0.041184
2022-09-01 16:45,-0.0374396
2022-09-01 16:50,-0.041184
2022-09-01 16:55,-0.041184
2022-09-01 17:00,-0.0449284
2022-09-01 17:05,-0.041184
2022-09-01 17:10,-0.041184
2022-09-01 17:15,-0.0374396
2022-09-01 17:20,-0.0449284
2022-09-01 17:25,-0.041184
2022-09-01 17:30,-0.0374396
2022-09-01 17:35,-0.0262075
2022-09-01 17:40,-0.0262075
2022-09-01 17:45,-0.0449284
2022-09-01 17:50,-0.0336963
2022-09-01 17:55,-0.0262075
2022-09-01 18:00,-0.041184
2022-09-01 18:05,-0.041184
2022-09-01 18:10,-0.041184
2022-09-01 18:15,-0.0262075
2022-09-01 18:20,-0.0262075
2022-09-01 18:25,-0.0262075
2022-09-01 18:30,-0.0449284
2022-09-01 18:35,-0.041184
2022-09-01 18:40,-0.0262075
2022-09-01 18:45,-0.0299519
2022-09-01 18:50,-0.0336963
2022-09-01 18:55,-0.0374396
2022-09-01 19:00,-0.0336963
2022-09-01 19:05,-0.0299519
2022-09-01 19:10,-0.0374396
2022-09-01 19:15,-0.0374396
2022-09-01 19:20,-0.0224642
2022-09-01 19:25,-0.041184
2022-09-01 19:30,-0.0374396
2022-09-01 19:35,-0.0262075
2022-09-01 19:40,-0.0262075
2022-09-01 19:45,-0.0299519
2022-09-01 19:50,-0.0299519
2022-09-01 19:55,-0.0374396
2022-09-01 20:00,-0.0299519
2022-09-01 20:05,-0.0262075
2022-09-01 20:10,-0.0262075
2022-09-01 20:15,-0.0299519
2022-09-01 20:20,-0.0262075
2022-09-01 20:25,-0.041184
2022-09-01 20:30,-0.0262075
2022-09-01 20:35,-0.0336963
2022-09-01 20:40,-0.0262075
2022-09-01 20:45,-0.0262075
2022-09-01 20:50,-0.0299519
2022-09-01 20:55,-0.0224642
2022-09-01 21:00,-0.0336963
2022-09-01 21:05,-0.0299519
2022-09-01 21:10,-0.0262075
2022-09-01 21:15,-0.0336963
2022-09-01 21:20,-0.0336963
2022-09-01 21:25,-0.0187198
2022-09-01 21:30,-0.0224642
2022-09-01 21:35,-0.0374396
2022-09-01 21:40,-0.0262075
2022-09-01 21:45,-0.0336963
2022-09-01 21:50,-0.0187198
2022-09-01 21:55,-0.0336963
2022-09-01 22:00,-0.0224642
2022-09-01 22:05,-0.0224642
2022-09-01 22:10,-0.0299519
2022-09-01 22:15,-0.0262075
2022-09-01 22:20,-0.0262075
2022-09-01 22:25,-0.0299519
2022-09-01 22:30,-0.0336963
2022-09-01 22:35,-0.0262075
2022-09-01 22:40,-0.0262075
2022-09-01 22:45,-0.0262075
2022-09-01 22:50,-0.0262075
2022-09-01 22:55,-0.0374396
2022-09-01 23:00,-0.0187198
2022-09-01 23:05,-0.0336963
2022-09-01 23:10,-0.0374396
2022-09-01 23:15,-0.0224642
2022-09-01 23:20,-0.0374396
2022-09-01 23:25,-0.0336963
2022-09-01 23:30,-0.0336963
2022-09-01 23:35,-0.0299519
2022-09-01 23:40,-0.0299519
2022-09-01 23:45,-0.0336963
2022-09-01 23:50,-0.0374396
2022-09-01 23:55,-0.0299519
2022-09-02 0:00,-0.0336963
2022-09-02 0:05,-0.0224642
2022-09-02 0:10,-0.0299519
2022-09-02 0:15,-0.0224642
2022-09-02 0:20,-0.0224642
2022-09-02 0:25,-0.0224642
2022-09-02 0:30,-0.0262075
2022-09-02 0:35,-0.0299519
2022-09-02 0:40,-0.0224642
2022-09-02 0:45,-0.0336963
2022-09-02 0:50,-0.0262075
2022-09-02 0:55,-0.0299519
2022-09-02 1:00,-0.0336963
2022-09-02 1:05,-0.0224642
2022-09-02 1:10,-0.0299519
2022-09-02 1:15,-0.0336963
2022-09-02 1:20,-0.0224642
2022-09-02 1:25,-0.0374396
2022-09-02 1:30,-0.0336963
2022-09-02 1:35,-0.0224642
2022-09-02 1:40,-0.0299519
2022-09-02 1:45,-0.0262075
2022-09-02 1:50,-0.0374396
2022-09-02 1:55,-0.0299519
2022-09-02 2:00,-0.0224642
2022-09-02 2:05,-0.0336963
2022-09-02 2:10,-0.0262075
2022-09-02 2:15,-0.0299519
2022-09-02 2:20,-0.0336963
2022-09-02 2:25,-0.0336963
2022-09-02 2:30,-0.0262075
2022-09-02 2:35,-0.0224642
2022-09-02 2:40,-0.0299519
2022-09-02 2:45,-0.0262075
2022-09-02 2:50,-0.0262075
2022-09-02 2:55,-0.0336963
2022-09-02 3:00,-0.0262075
2022-09-02 3:05,-0.0299519
2022-09-02 3:10,-0.0224642
2022-09-02 3:15,-0.0336963
2022-09-02 3:20,-0.0262075
2022-09-02 3:25,-0.0187198
2022-09-02 3:30,-0.0299519
2022-09-02 3:35,-0.0336963
2022-09-02 3:40,-0.0224642
2022-09-02 3:45,-0.0299519
2022-09-02 3:50,-0.0187198
2022-09-02 3:55,-0.0187198
2022-09-02 4:00,-0.0262075
2022-09-02 4:05,-0.0187198
2022-09-02 4:10,-0.0299519
2022-09-02 4:15,-0.0374396
2022-09-02 4:20,-0.0299519
2022-09-02 4:25,-0.0374396
2022-09-02 4:30,-0.0336963
2022-09-02 4:35,-0.0262075
2022-09-02 4:40,-0.0224642
2022-09-02 4:45,-0.0262075
2022-09-02 4:50,-0.0336963
2022-09-02 4:55,-0.0187198
2022-09-02 5:00,-0.0299519
2022-09-02 5:05,-0.0299519
2022-09-02 5:10,-0.0262075
2022-09-02 5:15,-0.0224642
2022-09-02 5:20,-0.0262075
2022-09-02 5:25,-0.0374396
2022-09-02 5:30,-0.0187198
2022-09-02 5:35,-0.0336963
2022-09-02 5:40,-0.0187198
2022-09-02 5:45,-0.0187198
2022-09-02 5:50,-0.0262075
2022-09-02 5:55,-0.0187198
2022-09-02 6:00,-0.0224642
2022-09-02 6:05,-0.0187198
2022-09-02 6:10,-0.0037433
2022-09-02 6:15,0
2022-09-02 6:20,-0.0112321
2022-09-02 6:25,-0.0074877
2022-09-02 6:30,-0.0149754
2022-09-02 6:35,0
2022-09-02 6:40,-0.0074877
2022-09-02 6:45,-0.0074877
2022-09-02 6:50,-0.0037433
2022-09-02 6:55,-0.0037433
2022-09-02 7:00,-0.0074877
2022-09-02 7:05,-0.0037433
2022-09-02 7:10,0.0037444
2022-09-02 7:15,-0.0074877
2022-09-02 7:20,-0.0037433
2022-09-02 7:25,-0.0037433
2022-09-02 7:30,-0.0074877
2022-09-02 7:35,0.0411851
2022-09-02 7:40,0.0486728
2022-09-02 7:45,0.0449284
2022-09-02 7:50,0.0486728
2022-09-02 7:55,0.0524172
2022-09-02 8:00,0.0449284
2022-09-02 8:05,0.0336974
2022-09-02 8:10,0.0374407
2022-09-02 8:15,0.0411851
2022-09-02 8:20,0.0411851
2022-09-02 8:25,0.029953
2022-09-02 8:30,0.0411851
2022-09-02 8:35,0.0486728
2022-09-02 8:40,0.029953
2022-09-02 8:45,0.0449284
2022-09-02 8:50,0.0374407
2022-09-02 8:55,0.0336974
2022-09-02 9:00,0.0411851
2022-09-02 9:05,0.0336974
2022-09-02 9:10,0.0336974
2022-09-02 9:15,0.0411851
2022-09-02 9:20,0.0336974
2022-09-02 9:25,0.0112321
2022-09-02 9:30,0.0037444
2022-09-02 9:35,0
2022-09-02 9:40,0.0112321
2022-09-02 9:45,0.0074888
2022-09-02 9:50,0.0112321
2022-09-02 9:55,0.0112321
2022-09-02 10:00,0.0112321
2022-09-02 10:05,0.0074888
2022-09-02 10:10,-0.0037433
2022-09-02 10:15,0
2022-09-02 10:20,-0.0037433
2022-09-02 10:25,0
2022-09-02 10:30,0.0037444
2022-09-02 10:35,0.0037444
2022-09-02 10:40,-0.0037433
2022-09-02 10:45,0
2022-09-02 10:50,0.0037444
2022-09-02 10:55,-0.0037433
2022-09-02 11:00,0
2022-09-02 11:05,-0.0037433
2022-09-02 11:10,0.0112321
2022-09-02 11:15,0.0037444
2022-09-02 11:20,0
2022-09-02 11:25,-0.0037433
2022-09-02 11:30,0.0037444
2022-09-02 11:35,-0.0074877
2022-09-02 11:40,-0.0074877
2022-09-02 11:45,-0.0037433
2022-09-02 11:50,-0.0149754
2022-09-02 11:55,-0.0187198
2022-09-02 12:00,-0.0037433
2022-09-02 12:05,-0.0112321
2022-09-02 12:10,-0.0149754
2022-09-02 12:15,-0.0074877
2022-09-02 12:20,-0.0074877
2022-09-02 12:25,-0.0074877
2022-09-02 12:30,-0.0037433
2022-09-02 12:35,-0.0074877
2022-09-02 12:40,-0.0149754
2022-09-02 12:45,-0.0187198
2022-09-02 12:50,-0.0074877
2022-09-02 12:55,-0.0037433
2022-09-02 13:00,0
2022-09-02 13:05,-0.0074877
2022-09-02 13:10,-0.0037433
2022-09-02 13:15,-0.0112321
2022-09-02 13:20,-0.0037433
2022-09-02 13:25,-0.0149754
2022-09-02 13:30,-0.0224642
2022-09-02 13:35,-0.0149754
2022-09-02 13:40,-0.0299519
2022-09-02 13:45,-0.0187198
2022-09-02 13:50,-0.0224642
2022-09-02 13:55,-0.0112321
2022-09-02 14:00,-0.0187198
2022-09-02 14:05,-0.0187198
2022-09-02 14:10,-0.0187198
2022-09-02 14:15,0.0112321
2022-09-02 14:20,0.4605183
2022-09-02 14:25,0.6402319
2022-09-02 14:30,0.6289998
2022-09-02 14:35,0.6327442
2022-09-02 14:40,0.6402319
2022-09-02 14:45,0.6477196
2022-09-02 14:50,0.7001368
2022-09-02 14:55,0.7038812
2022-09-02 15:00,0.7113689
2022-09-02 15:05,0.7038812
2022-09-02 15:10,0.7001368
2022-09-02 15:15,0.7151133
2022-09-02 15:20,0.6963924
2022-09-02 15:25,0.7113689
2022-09-02 15:30,0.7151133
2022-09-02 15:35,0.7600417
2022-09-02 15:40,0.7525529
2022-09-02 15:45,0.7525529
2022-09-02 15:50,0.763785
2022-09-02 15:55,0.763785
2022-09-02 16:00,0.7488085
2022-09-02 16:05,0.7562973
2022-09-02 16:10,0.7600417
2022-09-02 16:15,0.7600417
2022-09-02 16:20,0.7525529
2022-09-02 16:25,0.7600417
2022-09-02 16:30,0.7562973
2022-09-02 16:35,0.7675294
2022-09-02 16:40,0.7525529
2022-09-02 16:45,0.7525529
2022-09-02 16:50,0.763785
2022-09-02 16:55,0.763785
2022-09-02 17:00,0.7675294
2022-09-02 17:05,0.7600417
2022-09-02 17:10,0.7600417
2022-09-02 17:15,0.7562973
2022-09-02 17:20,0.7525529
2022-09-02 17:25,0.7712738
2022-09-02 17:30,0.763785
2022-09-02 17:35,0.7600417
2022-09-02 17:40,0.763785
2022-09-02 17:45,0.7675294
2022-09-02 17:50,0.7675294
2022-09-02 17:55,0.7600417
2022-09-02 18:00,0.7600417
2022-09-02 18:05,0.7600417
2022-09-02 18:10,0.7600417
2022-09-02 18:15,0.7675294
2022-09-02 18:20,0.7862492
2022-09-02 18:25,0.7787615
2022-09-02 18:30,0.7750171
2022-09-02 18:35,0.7825059
2022-09-02 18:40,0.7825059
2022-09-02 18:45,0.7899936
2022-09-02 18:50,0.7862492
2022-09-02 18:55,0.8049701
2022-09-02 19:00,0.8087134
2022-09-02 19:05,0.8049701
2022-09-02 19:10,0.8124578
2022-09-02 19:15,0.8012257
2022-09-02 19:20,0.8124578
2022-09-02 19:25,0.8087134
2022-09-02 19:30,0.8012257
2022-09-02 19:35,0.8124578
2022-09-02 19:40,0.8162022
2022-09-02 19:45,0.8311776
2022-09-02 19:50,0.8236899
2022-09-02 19:55,0.834922
2022-09-02 20:00,0.8498985
2022-09-02 20:05,0.8461541
2022-09-02 20:10,0.8498985
2022-09-02 20:15,0.8573862
2022-09-02 20:20,0.8386664
2022-09-02 20:25,0.8424108
2022-09-02 20:30,0.8498985
2022-09-02 20:35,0.864875
2022-09-02 20:40,0.8686183
2022-09-02 20:45,0.8723627
2022-09-02 20:50,0.8686183
2022-09-02 20:55,0.8686183
2022-09-02 21:00,0.8723627
2022-09-02 21:05,0.8611306
2022-09-02 21:10,0.8761071
2022-09-02 21:15,0.8723627
2022-09-02 21:20,0.864875
2022-09-02 21:25,0.8611306
2022-09-02 21:30,0.8723627
2022-09-02 21:35,0.8686183
2022-09-02 21:40,0.8761071
2022-09-02 21:45,0.8761071
2022-09-02 21:50,0.8723627
2022-09-02 21:55,0.8798504
2022-09-02 22:00,0.8611306
2022-09-02 22:05,0.8686183
2022-09-02 22:10,0.8723627
2022-09-02 22:15,0.8835948
2022-09-02 22:20,0.8761071
2022-09-02 22:25,0.8611306
2022-09-02 22:30,0.8798504
2022-09-02 22:35,0.8686183
2022-09-02 22:40,0.8948269
2022-09-02 22:45,0.9023146
2022-09-02 22:50,0.8948269
2022-09-02 22:55,0.9098034
2022-09-02 23:00,0.9023146
2022-09-02 23:05,0.8948269
2022-09-02 23:10,0.8948269
2022-09-02 23:15,0.8910825
2022-09-02 23:20,0.906059
2022-09-02 23:25,0.8985713
2022-09-02 23:30,0.8948269
2022-09-02 23:35,0.9023146
2022-09-02 23:40,0.906059
2022-09-02 23:45,0.8948269
2022-09-02 23:50,0.9023146
2022-09-02 23:55,0.9023146
2022-09-03 0:00,0.9023146
2022-09-03 0:05,0.9098034
2022-09-03 0:10,0.9098034
2022-09-03 0:15,0.906059
2022-09-03 0:20,0.9135467
2022-09-03 0:25,0.8985713
2022-09-03 0:30,0.8948269
2022-09-03 0:35,0.8948269
2022-09-03 0:40,0.9135467
2022-09-03 0:45,0.9023146
2022-09-03 0:50,0.8948269
2022-09-03 0:55,0.9023146
2022-09-03 1:00,0.9135467
2022-09-03 1:05,0.9023146
2022-09-03 1:10,0.906059
2022-09-03 1:15,0.9023146
2022-09-03 1:20,0.8985713
2022-09-03 1:25,0.9023146
2022-09-03 1:30,0.9023146
2022-09-03 1:35,0.8910825
2022-09-03 1:40,0.8985713
2022-09-03 1:45,0.9135467
2022-09-03 1:50,0.8948269
2022-09-03 1:55,0.8948269
2022-09-03 2:00,0.9135467
2022-09-03 2:05,0.906059
2022-09-03 2:10,0.906059
2022-09-03 2:15,0.906059
2022-09-03 2:20,0.9023146
2022-09-03 2:25,0.9135467
2022-09-03 2:30,0.8948269
2022-09-03 2:35,0.906059
2022-09-03 2:40,0.906059
2022-09-03 2:45,0.9247788
2022-09-03 2:50,0.9322676
2022-09-03 2:55,0.9322676
2022-09-03 3:00,0.9210355
2022-09-03 3:05,0.9210355
2022-09-03 3:10,0.9397553
2022-09-03 3:15,0.9285232
2022-09-03 3:20,0.9247788
2022-09-03 3:25,0.9247788
2022-09-03 3:30,0.9247788
2022-09-03 3:35,0.9247788
2022-09-03 3:40,0.9285232
2022-09-03 3:45,0.9360109
2022-09-03 3:50,0.9360109
2022-09-03 3:55,0.9285232
2022-09-03 4:00,0.9285232
2022-09-03 4:05,0.9247788
2022-09-03 4:10,0.9360109
2022-09-03 4:15,0.9285232
2022-09-03 4:20,0.9360109
2022-09-03 4:25,0.9285232
2022-09-03 4:30,0.9360109
2022-09-03 4:35,0.9434997
2022-09-03 4:40,0.9247788
2022-09-03 4:45,0.9360109
2022-09-03 4:50,0.9285232
2022-09-03 4:55,0.9360109
2022-09-03 5:00,0.9285232
2022-09-03 5:05,0.9360109
2022-09-03 5:10,0.9322676
2022-09-03 5:15,0.9322676
2022-09-03 5:20,0.9285232
2022-09-03 5:25,0.9322676
2022-09-03 5:30,0.9285232
2022-09-03 5:35,0.9397553
2022-09-03 5:40,0.9360109
2022-09-03 5:45,0.9360109
2022-09-03 5:50,0.9247788
2022-09-03 5:55,0.9247788
2022-09-03 6:00,0.9397553
2022-09-03 6:05,0.9285232
2022-09-03 6:10,0.9360109
2022-09-03 6:15,0.9397553
2022-09-03 6:20,0.9509874
2022-09-03 6:25,0.9434997
2022-09-03 6:30,0.9584762
2022-09-03 6:35,0.9434997
2022-09-03 6:40,0.9584762
2022-09-03 6:45,0.9509874
2022-09-03 6:50,0.9659639
2022-09-03 6:55,0.9697072
2022-09-03 7:00,0.9697072
2022-09-03 7:05,0.9697072
2022-09-03 7:10,0.9809404
2022-09-03 7:15,0.9809404
2022-09-03 7:20,0.9846837
2022-09-03 7:25,0.9996602
2022-09-03 7:30,1.0034035
2022-09-03 7:35,1.0146367
2022-09-03 7:40,1.0071479
2022-09-03 7:45,1.01838
2022-09-03 7:50,1.0221244
2022-09-03 7:55,1.0071479
2022-09-03 8:00,1.01838
2022-09-03 8:05,1.01838
2022-09-03 8:10,1.0108923
2022-09-03 8:15,1.0071479
2022-09-03 8:20,1.0221244
2022-09-03 8:25,1.0146367
2022-09-03 8:30,1.0034035
2022-09-03 8:35,1.0108923
2022-09-03 8:40,1.01838
2022-09-03 8:45,1.0108923
2022-09-03 8:50,1.0108923
2022-09-03 8:55,1.0108923
2022-09-03 9:00,1.0108923
2022-09-03 9:05,1.01838
2022-09-03 9:10,1.0034035
2022-09-03 9:15,1.0146367
2022-09-03 9:20,1.01838
2022-09-03 9:25,1.0071479
2022-09-03 9:30,1.0221244
2022-09-03 9:35,1.0146367
2022-09-03 9:40,1.0258688
2022-09-03 9:45,1.0333565
2022-09-03 9:50,1.0296121
2022-09-03 9:55,1.0221244
2022-09-03 10:00,1.01838
2022-09-03 10:05,1.0258688
2022-09-03 10:10,1.0258688
2022-09-03 10:15,1.0221244
2022-09-03 10:20,1.0371009
2022-09-03 10:25,1.0221244
2022-09-03 10:30,1.0221244
2022-09-03 10:35,1.0296121
2022-09-03 10:40,1.0333565
2022-09-03 10:45,1.0221244
2022-09-03 10:50,1.0108923
2022-09-03 10:55,1.0221244
2022-09-03 11:00,1.0296121
2022-09-03 11:05,1.01838
2022-09-03 11:10,1.0296121
2022-09-03 11:15,1.0333565
2022-09-03 11:20,1.01838
2022-09-03 11:25,1.0146367
2022-09-03 11:30,1.0296121
2022-09-03 11:35,1.01838
2022-09-03 11:40,1.01838
2022-09-03 11:45,1.0146367
2022-09-03 11:50,1.0221244
2022-09-03 11:55,1.0333565
2022-09-03 12:00,1.0333565
2022-09-03 12:05,1.0108923
2022-09-03 12:10,1.0108923
2022-09-03 12:15,1.0146367
2022-09-03 12:20,1.0221244
2022-09-03 12:25,1.0221244
2022-09-03 12:30,1.0296121
2022-09-03 12:35,1.0333565
2022-09-03 12:40,1.01838
2022-09-03 12:45,1.0258688
2022-09-03 12:50,1.01838
2022-09-03 12:55,1.0146367
2022-09-03 13:00,1.0371009
2022-09-03 13:05,1.0296121
2022-09-03 13:10,1.0296121
2022-09-03 13:15,1.0333565
2022-09-03 13:20,1.0408442
2022-09-03 13:25,1.0258688
2022-09-03 13:30,1.0371009
2022-09-03 13:35,1.0333565
2022-09-03 13:40,1.0333565
2022-09-03 13:45,1.0146367
2022-09-03 13:50,0.947243
2022-09-03 13:55,0.9135467
2022-09-03 14:00,0.9172911
2022-09-03 14:05,0.9172911
2022-09-03 14:10,0.9210355
2022-09-03 14:15,0.9210355
2022-09-03 14:20,0.9247788
2022-09-03 14:25,0.9098034
2022-09-03 14:30,0.9098034
2022-09-03 14:35,0.9172911
2022-09-03 14:40,0.9172911
2022-09-03 14:45,0.9098034
2022-09-03 14:50,0.9247788
2022-09-03 14:55,0.9247788
2022-09-03 15:00,0.947243
2022-09-03 15:05,0.9509874
2022-09-03 15:10,0.9397553
2022-09-03 15:15,0.9397553
2022-09-03 15:20,0.9360109
2022-09-03 15:25,0.9322676
2022-09-03 15:30,0.9360109
2022-09-03 15:35,0.9547318
2022-09-03 15:40,0.947243
2022-09-03 15:45,0.947243
2022-09-03 15:50,0.9434997
2022-09-03 15:55,0.9547318
2022-09-03 16:00,0.9547318
2022-09-03 16:05,0.9509874
2022-09-03 16:10,0.9584762
2022-09-03 16:15,0.9547318
2022-09-03 16:20,0.947243
2022-09-03 16:25,0.9434997
2022-09-03 16:30,0.9434997
2022-09-03 16:35,0.9360109
2022-09-03 16:40,0.9584762
2022-09-03 16:45,0.947243
2022-09-03 16:50,0.9360109
2022-09-03 16:55,0.9584762
2022-09-03 17:00,0.9547318
2022-09-03 17:05,0.9434997
2022-09-03 17:10,0.947243
2022-09-03 17:15,0.9584762
2022-09-03 17:20,0.947243
2022-09-03 17:25,0.947243
2022-09-03 17:30,0.9509874
2022-09-03 17:35,0.9509874
2022-09-03 17:40,0.9584762
2022-09-03 17:45,0.9547318
2022-09-03 17:50,0.947243
2022-09-03 17:55,0.9509874
2022-09-03 18:00,0.9509874
2022-09-03 18:05,0.9509874
2022-09-03 18:10,0.9434997
2022-09-03 18:15,0.9434997
2022-09-03 18:20,0.947243
2022-09-03 18:25,0.9509874
2022-09-03 18:30,0.9397553
2022-09-03 18:35,0.9434997
2022-09-03 18:40,0.9584762
2022-09-03 18:45,0.9584762
2022-09-03 18:50,0.9547318
2022-09-03 18:55,0.9547318
2022-09-03 19:00,0.9547318
2022-09-03 19:05,0.9434997
2022-09-03 19:10,0.9547318
2022-09-03 19:15,0.9509874
2022-09-03 19:20,0.9509874
2022-09-03 19:25,0.9434997
2022-09-03 19:30,0.9434997
2022-09-03 19:35,0.9584762
2022-09-03 19:40,0.9509874
2022-09-03 19:45,0.9509874
2022-09-03 19:50,0.9509874
2022-09-03 19:55,0.947243
2022-09-03 20:00,0.9509874
2022-09-03 20:05,0.9397553
2022-09-03 20:10,0.9509874
2022-09-03 20:15,0.9509874
2022-09-03 20:20,0.9434997
2022-09-03 20:25,0.9547318
2022-09-03 20:30,0.9547318
2022-09-03 20:35,0.9509874
2022-09-03 20:40,0.9509874
2022-09-03 20:45,0.9584762
2022-09-03 20:50,0.9509874
2022-09-03 20:55,0.9434997
2022-09-03 21:00,0.9434997
2022-09-03 21:05,0.9547318
2022-09-03 21:10,0.9547318
2022-09-03 21:15,0.9547318
2022-09-03 21:20,0.9547318
2022-09-03 21:25,0.9434997
2022-09-03 21:30,0.947243
2022-09-03 21:35,0.9622195
2022-09-03 21:40,0.947243
2022-09-03 21:45,0.9584762
2022-09-03 21:50,0.9547318
2022-09-03 21:55,0.9584762
2022-09-03 22:00,0.947243
2022-09-03 22:05,0.947243
2022-09-03 22:10,0.9397553
2022-09-03 22:15,0.9547318
2022-09-03 22:20,0.9584762
2022-09-03 22:25,0.9622195
2022-09-03 22:30,0.9509874
2022-09-03 22:35,0.9547318
2022-09-03 22:40,0.9622195
2022-09-03 22:45,0.9509874
2022-09-03 22:50,0.9509874
2022-09-03 22:55,0.9509874
2022-09-03 23:00,0.9434997
2022-09-03 23:05,0.9547318
2022-09-03 23:10,0.9434997
2022-09-03 23:15,0.9584762
2022-09-03 23:20,0.947243
2022-09-03 23:25,0.947243
2022-09-03 23:30,0.9584762
2022-09-03 23:35,0.9622195
2022-09-03 23:40,0.9622195
2022-09-03 23:45,0.947243
2022-09-03 23:50,0.947243
2022-09-03 23:55,0.9509874
2022-09-04 0:00,0.9547318
2022-09-04 0:05,0.9547318
2022-09-04 0:10,0.9434997
2022-09-04 0:15,0.9509874
2022-09-04 0:20,0.947243
2022-09-04 0:25,0.9547318
2022-09-04 0:30,0.9547318
2022-09-04 0:35,0.9434997
2022-09-04 0:40,0.9584762
2022-09-04 0:45,0.9547318
2022-09-04 0:50,0.9547318
2022-09-04 0:55,0.947243
2022-09-04 1:00,0.9622195
2022-09-04 1:05,0.947243
2022-09-04 1:10,0.9547318
2022-09-04 1:15,0.9547318
2022-09-04 1:20,0.9584762
2022-09-04 1:25,0.9547318
2022-09-04 1:30,0.9397553
2022-09-04 1:35,0.9509874
2022-09-04 1:40,0.9547318
2022-09-04 1:45,0.9509874
2022-09-04 1:50,0.9547318
2022-09-04 1:55,0.947243
2022-09-04 2:00,0.9509874
2022-09-04 2:05,0.9622195
2022-09-04 2:10,0.947243
2022-09-04 2:15,0.9547318
2022-09-04 2:20,0.9584762
2022-09-04 2:25,0.9584762
2022-09-04 2:30,0.9434997
2022-09-04 2:35,0.9547318
2022-09-04 2:40,0.9547318
2022-09-04 2:45,0.9547318
2022-09-04 2:50,0.9509874
2022-09-04 2:55,0.947243
2022-09-04 3:00,0.947243
2022-09-04 3:05,0.947243
2022-09-04 3:10,0.9547318
2022-09-04 3:15,0.9547318
2022-09-04 3:20,0.9547318
2022-09-04 3:25,0.9547318
2022-09-04 3:30,0.947243
2022-09-04 3:35,0.9434997
2022-09-04 3:40,0.947243
2022-09-04 3:45,0.9547318
2022-09-04 3:50,0.9509874
2022-09-04 3:55,0.9584762
2022-09-04 4:00,0.9584762
2022-09-04 4:05,0.947243
2022-09-04 4:10,0.9622195
2022-09-04 4:15,0.9584762
2022-09-04 4:20,0.947243
2022-09-04 4:25,0.9622195
2022-09-04 4:30,0.9547318
2022-09-04 4:35,0.947243
2022-09-04 4:40,0.9622195
2022-09-04 4:45,0.9584762
2022-09-04 4:50,0.9509874
2022-09-04 4:55,0.9509874
2022-09-04 5:00,0.9547318
2022-09-04 5:05,0.9622195
2022-09-04 5:10,0.9584762
2022-09-04 5:15,0.947243
2022-09-04 5:20,0.9584762
2022-09-04 5:25,0.9509874
2022-09-04 5:30,0.9547318
2022-09-04 5:35,0.9509874
2022-09-04 5:40,0.9547318
2022-09-04 5:45,0.9547318
2022-09-04 5:50,0.9509874
2022-09-04 5:55,0.9509874
2022-09-04 6:00,0.9547318
2022-09-04 6:05,0.9434997
2022-09-04 6:10,0.9547318
2022-09-04 6:15,0.9509874
2022-09-04 6:20,0.9622195
2022-09-04 6:25,0.9584762
2022-09-04 6:30,0.9509874
2022-09-04 6:35,0.9547318
2022-09-04 6:40,0.9622195
2022-09-04 6:45,0.9584762
2022-09-04 6:50,0.9434997
2022-09-04 6:55,0.9434997
2022-09-04 7:00,0.9622195
2022-09-04 7:05,0.9584762
2022-09-04 7:10,0.9622195
2022-09-04 7:15,0.9509874
2022-09-04 7:20,0.9547318
2022-09-04 7:25,0.947243
2022-09-04 7:30,0.9547318
2022-09-04 7:35,0.9547318
2022-09-04 7:40,0.9547318
2022-09-04 7:45,0.9547318
2022-09-04 7:50,0.9509874
2022-09-04 7:55,0.947243
2022-09-04 8:00,0.9547318
2022-09-04 8:05,0.9622195
2022-09-04 8:10,0.9509874
2022-09-04 8:15,0.9509874
2022-09-04 8:20,0.9584762
2022-09-04 8:25,0.9622195
2022-09-04 8:30,0.9509874
2022-09-04 8:35,0.9622195
2022-09-04 8:40,0.9622195
2022-09-04 8:45,0.9509874
2022-09-04 8:50,0.9622195
2022-09-04 8:55,0.9509874
2022-09-04 9:00,0.9622195
2022-09-04 9:05,0.9584762
2022-09-04 9:10,0.9509874
2022-09-04 9:15,0.9622195
2022-09-04 9:20,0.9509874
2022-09-04 9:25,0.9584762
2022-09-04 9:30,0.9547318
2022-09-04 9:35,0.9509874
2022-09-04 9:40,0.9509874
2022-09-04 9:45,0.9584762
2022-09-04 9:50,0.9584762
2022-09-04 9:55,0.9622195
2022-09-04 10:00,0.9584762
2022-09-04 10:05,0.9509874
2022-09-04 10:10,0.9547318
2022-09-04 10:15,0.9547318
2022-09-04 10:20,0.9584762
2022-09-04 10:25,0.9584762
2022-09-04 10:30,0.9509874
2022-09-04 10:35,0.9659639
2022-09-04 10:40,0.9659639
2022-09-04 10:45,0.9622195
2022-09-04 10:50,0.9584762
2022-09-04 10:55,0.947243
2022-09-04 11:00,0.9547318
2022-09-04 11:05,0.9509874
2022-09-04 11:10,0.9659639
2022-09-04 11:15,0.9509874
2022-09-04 11:20,0.9547318
2022-09-04 11:25,0.9584762
2022-09-04 11:30,0.9584762
2022-09-04 11:35,0.9509874
2022-09-04 11:40,0.9547318
2022-09-04 11:45,0.9659639
2022-09-04 11:50,0.9509874
2022-09-04 11:55,0.9622195
2022-09-04 12:00,0.9659639
2022-09-04 12:05,0.9509874
2022-09-04 12:10,0.9547318
2022-09-04 12:15,0.9584762
2022-09-04 12:20,0.9509874
2022-09-04 12:25,0.9622195
2022-09-04 12:30,0.9547318
2022-09-04 12:35,0.9659639
2022-09-04 12:40,0.9622195
2022-09-04 12:45,0.9584762
2022-09-04 12:50,0.9659639
2022-09-04 12:55,0.977196
2022-09-04 13:00,0.9846837
2022-09-04 13:05,0.9846837
2022-09-04 13:10,0.9846837
2022-09-04 13:15,0.9734516
2022-09-04 13:20,0.977196
2022-09-04 13:25,0.9921725
2022-09-04 13:30,0.9846837
2022-09-04 13:35,0.9846837
2022-09-04 13:40,0.9734516
2022-09-04 13:45,0.9846837
2022-09-04 13:50,0.9921725
2022-09-04 13:55,0.9921725
2022-09-04 14:00,0.9846837
2022-09-04 14:05,0.9734516
2022-09-04 14:10,0.9884281
2022-09-04 14:15,0.9846837
2022-09-04 14:20,0.9809404
2022-09-04 14:25,0.9846837
2022-09-04 14:30,0.9846837
2022-09-04 14:35,0.977196
2022-09-04 14:40,0.9846837
2022-09-04 14:45,0.9921725
2022-09-04 14:50,0.9809404
2022-09-04 14:55,0.9884281
2022-09-04 15:00,0.9921725
2022-09-04 15:05,0.9921725
2022-09-04 15:10,0.977196
2022-09-04 15:15,0.9846837
2022-09-04 15:20,0.9846837
2022-09-04 15:25,0.9846837
2022-09-04 15:30,0.9884281
2022-09-04 15:35,0.9734516
2022-09-04 15:40,0.9734516
2022-09-04 15:45,0.9846837
2022-09-04 15:50,0.9846837
2022-09-04 15:55,0.9809404
2022-09-04 16:00,0.977196
2022-09-04 16:05,0.9734516
2022-09-04 16:10,0.9884281
2022-09-04 16:15,0.9734516
2022-09-04 16:20,0.9921725
2022-09-04 16:25,0.9809404
2022-09-04 16:30,0.9846837
2022-09-04 16:35,0.9846837
2022-09-04 16:40,0.9734516
2022-09-04 16:45,0.9734516
2022-09-04 16:50,0.9846837
2022-09-04 16:55,0.9734516
2022-09-04 17:00,0.9921725
2022-09-04 17:05,0.9734516
2022-09-04 17:10,0.9734516
2022-09-04 17:15,0.9921725
2022-09-04 17:20,0.9921725
2022-09-04 17:25,0.977196
2022-09-04 17:30,0.9734516
2022-09-04 17:35,0.9734516
2022-09-04 17:40,0.9884281
2022-09-04 17:45,0.9921725
2022-09-04 17:50,0.9734516
2022-09-04 17:55,0.9846837
2022-09-04 18:00,0.977196
2022-09-04 18:05,0.9884281
2022-09-04 18:10,0.9921725
2022-09-04 18:15,0.9734516
2022-09-04 18:20,0.9846837
2022-09-04 18:25,0.9921725
2022-09-04 18:30,0.9846837
2022-09-04 18:35,0.9921725
2022-09-04 18:40,0.977196
2022-09-04 18:45,0.977196
2022-09-04 18:50,0.9884281
2022-09-04 18:55,0.9921725
2022-09-04 19:00,0.9846837
2022-09-04 19:05,0.9921725
2022-09-04 19:10,0.9846837
2022-09-04 19:15,0.9921725
2022-09-04 19:20,0.9846837
2022-09-04 19:25,0.9846837
2022-09-04 19:30,0.9846837
2022-09-04 19:35,0.977196
2022-09-04 19:40,0.9921725
2022-09-04 19:45,0.9846837
2022-09-04 19:50,0.9884281
2022-09-04 19:55,0.9884281
2022-09-04 20:00,0.9921725
2022-09-04 20:05,0.977196
2022-09-04 20:10,0.9809404
2022-09-04 20:15,0.9846837
2022-09-04 20:20,0.9846837
2022-09-04 20:25,0.9809404
2022-09-04 20:30,0.9809404
2022-09-04 20:35,0.9884281
2022-09-04 20:40,0.9734516
2022-09-04 20:45,0.9921725
2022-09-04 20:50,0.9734516
2022-09-04 20:55,0.9921725
2022-09-04 21:00,0.9846837
2022-09-04 21:05,0.9884281
2022-09-04 21:10,0.9809404
2022-09-04 21:15,0.9846837
2022-09-04 21:20,0.9809404
2022-09-04 21:25,0.9734516
2022-09-04 21:30,0.9846837
2022-09-04 21:35,0.9921725
2022-09-04 21:40,0.9734516
2022-09-04 21:45,0.9734516
2022-09-04 21:50,0.9734516
2022-09-04 21:55,0.9846837
2022-09-04 22:00,0.9921725
2022-09-04 22:05,0.9884281
2022-09-04 22:10,0.9846837
2022-09-04 22:15,0.9846837
2022-09-04 22:20,0.9809404
2022-09-04 22:25,0.9809404
2022-09-04 22:30,0.9734516
2022-09-04 22:35,0.9734516
2022-09-04 22:40,0.977196
2022-09-04 22:45,0.977196
2022-09-04 22:50,0.9921725
2022-09-04 22:55,0.9809404
2022-09-04 23:00,0.9734516
2022-09-04 23:05,0.977196
2022-09-04 23:10,0.9884281
2022-09-04 23:15,0.9734516
2022-09-04 23:20,0.9734516
2022-09-04 23:25,0.977196
2022-09-04 23:30,0.977196
2022-09-04 23:35,0.9734516
2022-09-04 23:40,0.9846837
2022-09-04 23:45,0.9809404
2022-09-04 23:50,0.9846837
2022-09-04 23:55,0.9846837
2022-09-05 0:00,0.9734516
2022-09-05 0:05,0.9846837
2022-09-05 0:10,0.977196
2022-09-05 0:15,0.9884281
2022-09-05 0:20,0.977196
2022-09-05 0:25,0.9846837
2022-09-05 0:30,0.9921725
2022-09-05 0:35,0.9884281
2022-09-05 0:40,0.9884281
2022-09-05 0:45,0.977196
2022-09-05 0:50,0.9846837
2022-09-05 0:55,0.977196
2022-09-05 1:00,0.9809404
2022-09-05 1:05,0.9884281
2022-09-05 1:10,0.9921725
2022-09-05 1:15,0.9846837
2022-09-05 1:20,0.9921725
2022-09-05 1:25,0.9921725
2022-09-05 1:30,0.9734516
2022-09-05 1:35,0.9846837
2022-09-05 1:40,0.9846837
2022-09-05 1:45,0.9809404
2022-09-05 1:50,0.977196
2022-09-05 1:55,0.9846837
2022-09-05 2:00,0.9846837
2022-09-05 2:05,0.9846837
2022-09-05 2:10,0.9846837
2022-09-05 2:15,0.9921725
2022-09-05 2:20,0.9734516
2022-09-05 2:25,0.9846837
2022-09-05 2:30,0.9884281
2022-09-05 2:35,0.9921725
2022-09-05 2:40,0.9846837
2022-09-05 2:45,0.9921725
2022-09-05 2:50,0.9884281
2022-09-05 2:55,0.9921725
2022-09-05 3:00,0.9846837
2022-09-05 3:05,0.9884281
2022-09-05 3:10,0.977196
2022-09-05 3:15,0.9921725
2022-09-05 3:20,0.9884281
2022-09-05 3:25,0.9846837
2022-09-05 3:30,0.9921725
2022-09-05 3:35,0.9846837
2022-09-05 3:40,0.9846837
2022-09-05 3:45,0.977196
2022-09-05 3:50,0.9734516
2022-09-05 3:55,0.9846837
2022-09-05 4:00,0.9846837
2022-09-05 4:05,0.9846837
2022-09-05 4:10,0.9846837
2022-09-05 4:15,0.977196
2022-09-05 4:20,0.9921725
2022-09-05 4:25,0.9884281
2022-09-05 4:30,0.9809404
2022-09-05 4:35,0.9846837
2022-09-05 4:40,0.9846837
2022-09-05 4:45,0.9921725
2022-09-05 4:50,0.9846837
2022-09-05 4:55,0.9846837
2022-09-05 5:00,0.9846837
2022-09-05 5:05,0.9921725
2022-09-05 5:10,0.9846837
2022-09-05 5:15,0.9846837
2022-09-05 5:20,0.9809404
2022-09-05 5:25,0.9846837
2022-09-05 5:30,0.9921725
2022-09-05 5:35,0.9921725
2022-09-05 5:40,0.9846837
2022-09-05 5:45,0.9959158
2022-09-05 5:50,0.9921725
2022-09-05 5:55,0.9884281
2022-09-05 6:00,0.9846837
2022-09-05 6:05,0.9884281
2022-09-05 6:10,0.9734516
2022-09-05 6:15,0.9884281
2022-09-05 6:20,0.9809404
2022-09-05 6:25,0.977196
2022-09-05 6:30,0.977196
2022-09-05 6:35,0.977196
2022-09-05 6:40,0.9884281
2022-09-05 6:45,0.9846837
2022-09-05 6:50,0.9809404
2022-09-05 6:55,0.9921725
2022-09-05 7:00,0.9959158
2022-09-05 7:05,0.9921725
2022-09-05 7:10,0.9884281
2022-09-05 7:15,0.9921725
2022-09-05 7:20,0.9809404
2022-09-05 7:25,0.9846837
2022-09-05 7:30,0.9846837
2022-09-05 7:35,0.9921725
2022-09-05 7:40,0.9846837
2022-09-05 7:45,0.977196
2022-09-05 7:50,1.01838
2022-09-05 7:55,1.0296121
2022-09-05 8:00,1.0146367
2022-09-05 8:05,1.01838
2022-09-05 8:10,1.0258688
2022-09-05 8:15,1.01838
2022-09-05 8:20,1.0146367
2022-09-05 8:25,1.01838
2022-09-05 8:30,1.0221244
2022-09-05 8:35,1.0146367
2022-09-05 8:40,1.0258688
2022-09-05 8:45,1.0108923
2022-09-05 8:50,1.0221244
2022-09-05 8:55,1.0221244
2022-09-05 9:00,1.0108923
2022-09-05 9:05,1.0296121
2022-09-05 9:10,1.0146367
2022-09-05 9:15,1.0296121
2022-09-05 9:20,1.01838
2022-09-05 9:25,1.01838
2022-09-05 9:30,1.0221244
2022-09-05 9:35,1.0108923
2022-09-05 9:40,1.0221244
2022-09-05 9:45,1.0258688
2022-09-05 9:50,1.0333565
2022-09-05 9:55,1.0146367
2022-09-05 10:00,1.0221244
2022-09-05 10:05,1.01838
2022-09-05 10:10,1.0108923
2022-09-05 10:15,1.01838
2022-09-05 10:20,1.01838
2022-09-05 10:25,1.01838
2022-09-05 10:30,1.0221244
2022-09-05 10:35,1.0258688
2022-09-05 10:40,1.0146367
2022-09-05 10:45,1.0108923
2022-09-05 10:50,1.01838
2022-09-05 10:55,1.0258688
2022-09-05 11:00,1.0296121
2022-09-05 11:05,1.0221244
2022-09-05 11:10,1.0258688
2022-09-05 11:15,1.01838
2022-09-05 11:20,1.0146367
2022-09-05 11:25,1.0221244
2022-09-05 11:30,1.0108923
2022-09-05 11:35,1.0146367
2022-09-05 11:40,1.0258688
2022-09-05 11:45,1.0146367
2022-09-05 11:50,1.0146367
2022-09-05 11:55,1.0221244
2022-09-05 12:00,1.01838
2022-09-05 12:05,1.0296121
2022-09-05 12:10,1.0258688
2022-09-05 12:15,1.0221244
2022-09-05 12:20,1.01838
2022-09-05 12:25,1.0258688
2022-09-05 12:30,1.0258688
2022-09-05 12:35,1.0258688
2022-09-05 12:40,1.0146367
2022-09-05 12:45,1.0146367
2022-09-05 12:50,1.0221244
2022-09-05 12:55,1.01838
2022-09-05 13:00,1.01838
2022-09-05 13:05,1.0221244
2022-09-05 13:10,1.01838
2022-09-05 13:15,1.0258688
2022-09-05 13:20,1.0146367
2022-09-05 13:25,1.0146367
2022-09-05 13:30,1.0221244
2022-09-05 13:35,1.0296121
2022-09-05 13:40,1.0296121
2022-09-05 13:45,1.0108923
2022-09-05 13:50,1.01838
2022-09-05 13:55,1.01838
2022-09-05 14:00,1.0108923
2022-09-05 14:05,1.0221244
2022-09-05 14:10,1.01838
2022-09-05 14:15,1.0146367
2022-09-05 14:20,1.01838
2022-09-05 14:25,1.0146367
2022-09-05 14:30,1.0221244
2022-09-05 14:35,1.0146367
2022-09-05 14:40,1.0108923
2022-09-05 14:45,1.0071479
2022-09-05 14:50,1.0108923
2022-09-05 14:55,1.0071479
2022-09-05 15:00,1.01838
2022-09-05 15:05,1.0146367
2022-09-05 15:10,1.0108923
2022-09-05 15:15,1.0146367
2022-09-05 15:20,1.0071479
2022-09-05 15:25,1.0108923
2022-09-05 15:30,1.0108923
2022-09-05 15:35,1.0034035
2022-09-05 15:40,1.0071479
2022-09-05 15:45,1.01838
2022-09-05 15:50,1.0034035
2022-09-05 15:55,1.0034035
2022-09-05 16:00,1.0034035
2022-09-05 16:05,1.0034035
2022-09-05 16:10,1.0071479
2022-09-05 16:15,1.0108923
2022-09-05 16:20,1.0108923
2022-09-05 16:25,1.0108923
2022-09-05 16:30,1.0071479
2022-09-05 16:35,1.0034035
2022-09-05 16:40,1.01838
2022-09-05 16:45,1.01838
2022-09-05 16:50,1.0034035
2022-09-05 16:55,1.0034035
2022-09-05 17:00,1.0108923
2022-09-05 17:05,1.01838
2022-09-05 17:10,0.9959158
2022-09-05 17:15,1.0034035
2022-09-05 17:20,1.01838
2022-09-05 17:25,1.0108923
2022-09-05 17:30,1.0146367
2022-09-05 17:35,1.01838
2022-09-05 17:40,1.01838
2022-09-05 17:45,1.01838
2022-09-05 17:50,1.01838
2022-09-05 17:55,1.0071479
2022-09-05 18:00,1.0034035
2022-09-05 18:05,1.0108923
2022-09-05 18:10,1.0034035
2022-09-05 18:15,1.0108923
2022-09-05 18:20,1.01838
2022-09-05 18:25,1.0071479
2022-09-05 18:30,1.0034035
2022-09-05 18:35,1.0071479
2022-09-05 18:40,1.01838
2022-09-05 18:45,1.0146367
2022-09-05 18:50,1.0108923
2022-09-05 18:55,1.0146367
2022-09-05 19:00,1.0108923
2022-09-05 19:05,1.0034035
2022-09-05 19:10,1.0108923
2022-09-05 19:15,1.0034035
2022-09-05 19:20,1.0108923
2022-09-05 19:25,1.0221244
2022-09-05 19:30,1.0108923
2022-09-05 19:35,1.0071479
2022-09-05 19:40,1.0108923
2022-09-05 19:45,1.0108923
2022-09-05 19:50,1.0071479
2022-09-05 19:55,1.01838
2022-09-05 20:00,1.0071479
2022-09-05 20:05,1.0108923
2022-09-05 20:10,1.0146367
2022-09-05 20:15,1.0146367
2022-09-05 20:20,1.0108923
2022-09-05 20:25,1.0034035
2022-09-05 20:30,1.01838
2022-09-05 20:35,1.0034035
2022-09-05 20:40,1.01838
2022-09-05 20:45,1.0034035
2022-09-05 20:50,1.01838
2022-09-05 20:55,1.0221244
2022-09-05 21:00,1.0108923
2022-09-05 21:05,1.01838
2022-09-05 21:10,1.0221244
2022-09-05 21:15,1.0146367
2022-09-05 21:20,1.0034035
2022-09-05 21:25,1.0146367
2022-09-05 21:30,1.0108923
2022-09-05 21:35,1.0034035
2022-09-05 21:40,1.01838
2022-09-05 21:45,1.01838
2022-09-05 21:50,1.01838
2022-09-05 21:55,1.0108923
2022-09-05 22:00,1.0108923
2022-09-05 22:05,1.0146367
2022-09-05 22:10,1.0034035
2022-09-05 22:15,1.0146367
2022-09-05 22:20,1.0108923
2022-09-05 22:25,1.0071479
2022-09-05 22:30,1.0108923
2022-09-05 22:35,1.0146367
2022-09-05 22:40,1.01838
2022-09-05 22:45,1.01838
2022-09-05 22:50,1.0034035
2022-09-05 22:55,1.0146367
2022-09-05 23:00,1.0108923
2022-09-05 23:05,1.0034035
2022-09-05 23:10,1.0108923
2022-09-05 23:15,1.0146367
2022-09-05 23:20,1.0071479
2022-09-05 23:25,1.0071479
2022-09-05 23:30,1.0034035
2022-09-05 23:35,1.0221244
2022-09-05 23:40,1.0034035
2022-09-05 23:45,1.0108923
2022-09-05 23:50,1.0108923
2022-09-05 23:55,1.0108923
2022-09-06 0:00,1.0108923
2022-09-06 0:05,1.0071479
2022-09-06 0:10,1.0146367
2022-09-06 0:15,1.0146367
2022-09-06 0:20,1.0146367
2022-09-06 0:25,1.01838
2022-09-06 0:30,1.0146367
2022-09-06 0:35,1.0071479
2022-09-06 0:40,1.01838
2022-09-06 0:45,1.0108923
2022-09-06 0:50,1.0108923
2022-09-06 0:55,1.0108923
2022-09-06 1:00,1.0071479
2022-09-06 1:05,1.0221244
2022-09-06 1:10,1.0071479
2022-09-06 1:15,1.0108923
2022-09-06 1:20,1.0034035
2022-09-06 1:25,1.0071479
2022-09-06 1:30,1.0108923
2022-09-06 1:35,1.01838
2022-09-06 1:40,1.0146367
2022-09-06 1:45,1.0146367
2022-09-06 1:50,1.01838
2022-09-06 1:55,1.0034035
2022-09-06 2:00,1.0034035
2022-09-06 2:05,1.0221244
2022-09-06 2:10,1.0108923
2022-09-06 2:15,1.0108923
2022-09-06 2:20,1.0034035
2022-09-06 2:25,1.0071479
2022-09-06 2:30,1.0034035
2022-09-06 2:35,1.0108923
2022-09-06 2:40,1.0108923
2022-09-06 2:45,1.0071479
2022-09-06 2:50,1.0146367
2022-09-06 2:55,1.0146367
2022-09-06 3:00,1.0071479
2022-09-06 3:05,1.0146367
2022-09-06 3:10,1.0071479
2022-09-06 3:15,1.0034035
2022-09-06 3:20,1.0034035
2022-09-06 3:25,1.01838
2022-09-06 3:30,1.0146367
2022-09-06 3:35,1.0108923
2022-09-06 3:40,1.0034035
2022-09-06 3:45,1.0146367
2022-09-06 3:50,1.01838
2022-09-06 3:55,1.0108923
2022-09-06 4:00,1.0071479
2022-09-06 4:05,1.0108923
2022-09-06 4:10,1.0108923
2022-09-06 4:15,1.0108923
2022-09-06 4:20,1.0146367
2022-09-06 4:25,1.0108923
2022-09-06 4:30,1.0108923
2022-09-06 4:35,1.0034035
2022-09-06 4:40,1.0108923
2022-09-06 4:45,1.0108923
2022-09-06 4:50,1.0071479
2022-09-06 4:55,1.0108923
2022-09-06 5:00,1.0146367
2022-09-06 5:05,1.0146367
2022-09-06 5:10,1.0071479
2022-09-06 5:15,1.01838
2022-09-06 5:20,1.01838
2022-09-06 5:25,1.0108923
2022-09-06 5:30,1.0034035
2022-09-06 5:35,1.0146367
2022-09-06 5:40,1.0034035
2022-09-06 5:45,1.0108923
2022-09-06 5:50,1.0034035
2022-09-06 5:55,1.01838
2022-09-06 6:00,1.0146367
2022-09-06 6:05,1.0108923
2022-09-06 6:10,1.01838
2022-09-06 6:15,1.01838
2022-09-06 6:20,1.0108923
2022-09-06 6:25,1.01838
2022-09-06 6:30,1.0108923
2022-09-06 6:35,1.0146367
2022-09-06 6:40,1.0071479
2022-09-06 6:45,1.01838
2022-09-06 6:50,1.0071479
2022-09-06 6:55,1.01838
2022-09-06 7:00,1.0034035
2022-09-06 7:05,1.0034035
2022-09-06 7:10,1.01838
2022-09-06 7:15,1.0108923
2022-09-06 7:20,1.0108923
2022-09-06 7:25,1.0221244
2022-09-06 7:30,1.0071479
2022-09-06 7:35,1.0146367
2022-09-06 7:40,1.0108923
2022-09-06 7:45,1.01838
2022-09-06 7:50,1.0146367
2022-09-06 7:55,1.0108923
2022-09-06 8:00,1.0146367
2022-09-06 8:05,1.0108923
2022-09-06 8:10,1.0108923
2022-09-06 8:15,1.0221244
2022-09-06 8:20,1.0146367
2022-09-06 8:25,1.0071479
2022-09-06 8:30,1.0146367
2022-09-06 8:35,1.0146367
2022-09-06 8:40,1.0071479
2022-09-06 8:45,1.0108923
2022-09-06 8:50,1.0071479
2022-09-06 8:55,1.0108923
2022-09-06 9:00,1.0108923
2022-09-06 9:05,1.0108923
2022-09-06 9:10,1.01838
2022-09-06 9:15,1.0146367
2022-09-06 9:20,1.0108923
2022-09-06 9:25,1.0258688
2022-09-06 9:30,1.0258688
2022-09-06 9:35,1.0108923
2022-09-06 9:40,1.0221244
2022-09-06 9:45,1.0221244
2022-09-06 9:50,1.0258688
2022-09-06 9:55,1.0221244
2022-09-06 10:00,1.0146367
2022-09-06 10:05,1.0108923
2022-09-06 10:10,1.0221244
2022-09-06 10:15,1.0146367
2022-09-06 10:20,1.0108923
2022-09-06 10:25,1.0108923
2022-09-06 10:30,1.0221244
2022-09-06 10:35,1.0221244
2022-09-06 10:40,1.01838
2022-09-06 10:45,1.0146367
2022-09-06 10:50,1.0221244
2022-09-06 10:55,1.0146367
2022-09-06 11:00,1.01838
2022-09-06 11:05,1.0108923
2022-09-06 11:10,1.0221244
2022-09-06 11:15,1.0108923
2022-09-06 11:20,1.0146367
2022-09-06 11:25,1.0108923
2022-09-06 11:30,1.01838
2022-09-06 11:35,1.0221244
2022-09-06 11:40,1.0221244
2022-09-06 11:45,1.0221244
2022-09-06 11:50,1.0108923
2022-09-06 11:55,1.0296121
2022-09-06 12:00,1.0221244
2022-09-06 12:05,1.0333565
2022-09-06 12:10,1.0333565
2022-09-06 12:15,1.0146367
2022-09-06 12:20,1.0296121
2022-09-06 12:25,1.0221244
2022-09-06 12:30,1.0296121
2022-09-06 12:35,1.0371009
2022-09-06 12:40,1.0333565
2022-09-06 12:45,1.01838
2022-09-06 12:50,1.0296121
2022-09-06 12:55,1.0296121
2022-09-06 13:00,1.0258688
2022-09-06 13:05,1.01838
2022-09-06 13:10,1.0221244
2022-09-06 13:15,1.0258688
2022-09-06 13:20,1.0371009
2022-09-06 13:25,1.0296121
2022-09-06 13:30,1.01838
2022-09-06 13:35,1.0371009
2022-09-06 13:40,1.0371009
2022-09-06 13:45,1.0296121
2022-09-06 13:50,1.0221244
2022-09-06 13:55,1.01838
2022-09-06 14:00,1.01838
2022-09-06 14:05,1.0258688
2022-09-06 14:10,1.0221244
2022-09-06 14:15,1.0296121
2022-09-06 14:20,1.0146367
2022-09-06 14:25,1.0258688
2022-09-06 14:30,1.01838
2022-09-06 14:35,1.0221244
2022-09-06 14:40,1.0258688
2022-09-06 14:45,1.0221244
2022-09-06 14:50,1.0146367
2022-09-06 14:55,1.0221244
2022-09-06 15:00,1.0108923
2022-09-06 15:05,1.0146367
2022-09-06 15:10,1.0221244
2022-09-06 15:15,1.0146367
2022-09-06 15:20,1.0146367
2022-09-06 15:25,1.01838
2022-09-06 15:30,1.0221244
2022-09-06 15:35,1.0296121
2022-09-06 15:40,1.0221244
2022-09-06 15:45,1.0221244
2022-09-06 15:50,1.0258688
2022-09-06 15:55,1.0221244
2022-09-06 16:00,1.01838
2022-09-06 16:05,1.0146367
2022-09-06 16:10,1.0296121
2022-09-06 16:15,1.0221244
2022-09-06 16:20,1.0221244
2022-09-06 16:25,1.01838
2022-09-06 16:30,1.0146367
2022-09-06 16:35,1.0258688
2022-09-06 16:40,1.0146367
2022-09-06 16:45,1.0258688
2022-09-06 16:50,1.0146367
2022-09-06 16:55,1.0221244
2022-09-06 17:00,1.0258688
2022-09-06 17:05,1.0146367
2022-09-06 17:10,1.0258688
2022-09-06 17:15,1.0258688
2022-09-06 17:20,1.0258688
2022-09-06 17:25,1.0258688
2022-09-06 17:30,1.0221244
2022-09-06 17:35,1.0146367
2022-09-06 17:40,1.0221244
2022-09-06 17:45,1.1044935
2022-09-06 17:50,1.0857726
2022-09-06 17:55,1.0970058
2022-09-06 18:00,1.0932614
2022-09-06 18:05,1.1007491
2022-09-06 18:10,1.0970058
2022-09-06 18:15,1.1007491
2022-09-06 18:20,1.1082379
2022-09-06 18:25,1.1082379
2022-09-06 18:30,1.1157256
2022-09-06 18:35,1.1157256
2022-09-06 18:40,1.1007491
2022-09-06 18:45,1.1044935
2022-09-06 18:50,1.1119812
2022-09-06 18:55,1.1044935
2022-09-06 19:00,1.1157256
2022-09-06 19:05,1.1082379
2022-09-06 19:10,1.1119812
2022-09-06 19:15,1.1157256
2022-09-06 19:20,1.1044935
2022-09-06 19:25,1.1007491
2022-09-06 19:30,1.1044935
2022-09-06 19:35,1.1119812
2022-09-06 19:40,1.1119812
2022-09-06 19:45,1.1082379
2022-09-06 19:50,1.1119812
2022-09-06 19:55,1.1007491
2022-09-06 20:00,1.1044935
2022-09-06 20:05,1.1044935
2022-09-06 20:10,1.1044935
2022-09-06 20:15,1.1044935
2022-09-06 20:20,1.1082379
2022-09-06 20:25,1.1007491
2022-09-06 20:30,1.1082379
2022-09-06 20:35,1.1157256
2022-09-06 20:40,1.1082379
2022-09-06 20:45,1.1082379
2022-09-06 20:50,1.1044935
2022-09-06 20:55,1.1082379
2022-09-06 21:00,1.1007491
2022-09-06 21:05,1.1157256
2022-09-06 21:10,1.1194689
2022-09-06 21:15,1.1082379
2022-09-06 21:20,1.1194689
2022-09-06 21:25,1.1194689
2022-09-06 21:30,1.1044935
2022-09-06 21:35,1.1044935
2022-09-06 21:40,1.1119812
2022-09-06 21:45,1.1082379
2022-09-06 21:50,1.1082379
2022-09-06 21:55,1.1082379
2022-09-06 22:00,1.1157256
2022-09-06 22:05,1.1082379
2022-09-06 22:10,1.1157256
2022-09-06 22:15,1.1157256
2022-09-06 22:20,1.1044935
2022-09-06 22:25,1.1157256
2022-09-06 22:30,1.1119812
2022-09-06 22:35,1.1194689
2022-09-06 22:40,1.1082379
2022-09-06 22:45,1.1157256
2022-09-06 22:50,1.1157256
2022-09-06 22:55,1.1194689
2022-09-06 23:00,1.1082379
2022-09-06 23:05,1.1157256
2022-09-06 23:10,1.1044935
2022-09-06 23:15,1.1119812
2022-09-06 23:20,1.1044935
2022-09-06 23:25,1.1082379
2022-09-06 23:30,1.1119812
2022-09-06 23:35,1.1119812
2022-09-06 23:40,1.1157256
2022-09-06 23:45,1.1044935
2022-09-06 23:50,1.1082379
2022-09-06 23:55,1.1157256
2022-09-07 0:00,1.1119812
2022-09-07 0:05,1.1157256
2022-09-07 0:10,1.1044935
2022-09-07 0:15,1.1082379
2022-09-07 0:20,1.1194689
2022-09-07 0:25,1.1044935
2022-09-07 0:30,1.1119812
2022-09-07 0:35,1.1082379
2022-09-07 0:40,1.1194689
2022-09-07 0:45,1.1082379
2022-09-07 0:50,1.1044935
2022-09-07 0:55,1.1044935
2022-09-07 1:00,1.1119812
2022-09-07 1:05,1.1082379
2022-09-07 1:10,1.1194689
2022-09-07 1:15,1.1044935
2022-09-07 1:20,1.1044935
2022-09-07 1:25,1.1157256
2022-09-07 1:30,1.1119812
2022-09-07 1:35,1.1119812
2022-09-07 1:40,1.1044935
2022-09-07 1:45,1.1082379
2022-09-07 1:50,1.1194689
2022-09-07 1:55,1.1044935
2022-09-07 2:00,1.1157256
2022-09-07 2:05,1.1194689
2022-09-07 2:10,1.1082379
2022-09-07 2:15,1.1044935
2022-09-07 2:20,1.1157256
2022-09-07 2:25,1.1119812
2022-09-07 2:30,1.1119812
2022-09-07 2:35,1.1157256
2022-09-07 2:40,1.1044935
2022-09-07 2:45,1.1082379
2022-09-07 2:50,1.1194689
2022-09-07 2:55,1.1044935
2022-09-07 3:00,1.1194689
2022-09-07 3:05,1.1157256
2022-09-07 3:10,1.1119812
2022-09-07 3:15,1.1044935
2022-09-07 3:20,1.1119812
2022-09-07 3:25,1.1082379
2022-09-07 3:30,1.1044935
2022-09-07 3:35,1.1044935
2022-09-07 3:40,1.1194689
2022-09-07 3:45,1.1044935
2022-09-07 3:50,1.1007491
2022-09-07 3:55,1.1194689
2022-09-07 4:00,1.1082379
2022-09-07 4:05,1.1157256
2022-09-07 4:10,1.1119812
2022-09-07 4:15,1.1082379
2022-09-07 4:20,1.1119812
2022-09-07 4:25,1.1044935
2022-09-07 4:30,1.1194689
2022-09-07 4:35,1.1157256
2022-09-07 4:40,1.1194689
2022-09-07 4:45,1.1119812
2022-09-07 4:50,1.1082379
2022-09-07 4:55,1.1082379
2022-09-07 5:00,1.1082379
2022-09-07 5:05,1.1194689
2022-09-07 5:10,1.1119812
2022-09-07 5:15,1.1157256
2022-09-07 5:20,1.1194689
2022-09-07 5:25,1.1194689
2022-09-07 5:30,1.1194689
2022-09-07 5:35,1.1232133
2022-09-07 5:40,1.1157256
2022-09-07 5:45,1.1082379
2022-09-07 5:50,1.1119812
2022-09-07 5:55,1.1082379
2022-09-07 6:00,1.1119812
2022-09-07 6:05,1.1119812
2022-09-07 6:10,1.1082379
2022-09-07 6:15,1.1044935
2022-09-07 6:20,1.1119812
2022-09-07 6:25,1.1119812
2022-09-07 6:30,1.1119812
2022-09-07 6:35,1.1044935
2022-09-07 6:40,1.1082379
2022-09-07 6:45,1.1194689
2022-09-07 6:50,1.1082379
2022-09-07 6:55,1.1157256
2022-09-07 7:00,1.1119812
2022-09-07 7:05,1.1157256
2022-09-07 7:10,1.1119812
2022-09-07 7:15,1.1157256
2022-09-07 7:20,1.1269577
2022-09-07 7:25,1.1157256
2022-09-07 7:30,1.1194689
2022-09-07 7:35,1.1157256
2022-09-07 7:40,1.130701
2022-09-07 7:45,1.1194689
2022-09-07 7:50,1.1119812
2022-09-07 7:55,1.130701
2022-09-07 8:00,1.1194689
2022-09-07 8:05,1.1157256
2022-09-07 8:10,1.1194689
2022-09-07 8:15,1.1194689
2022-09-07 8:20,1.1194689
2022-09-07 8:25,1.1232133
2022-09-07 8:30,1.1157256
2022-09-07 8:35,1.1157256
2022-09-07 8:40,1.1119812
2022-09-07 8:45,1.1119812
2022-09-07 8:50,1.1119812
2022-09-07 8:55,1.1194689
2022-09-07 9:00,1.1269577
2022-09-07 9:05,1.1119812
2022-09-07 9:10,1.1119812
2022-09-07 9:15,1.1082379
2022-09-07 9:20,1.1119812
2022-09-07 9:25,1.1082379
2022-09-07 9:30,1.1082379
2022-09-07 9:35,1.1082379
2022-09-07 9:40,1.1044935
2022-09-07 9:45,1.1082379
2022-09-07 9:50,1.1157256
2022-09-07 9:55,1.1044935
2022-09-07 10:00,1.1157256
2022-09-07 10:05,1.1157256
2022-09-07 10:10,1.1157256
2022-09-07 10:15,1.1269577
2022-09-07 10:20,1.1194689
2022-09-07 10:25,1.1194689
2022-09-07 10:30,1.1194689
2022-09-07 10:35,1.1194689
2022-09-07 10:40,1.1082379
2022-09-07 10:45,1.1119812
2022-09-07 10:50,1.1194689
2022-09-07 10:55,1.1119812
2022-09-07 11:00,1.1119812
2022-09-07 11:05,1.1082379
2022-09-07 11:10,1.1044935
2022-09-07 11:15,1.1119812
2022-09-07 11:20,1.1119812
2022-09-07 11:25,1.1119812
2022-09-07 11:30,1.1082379
2022-09-07 11:35,1.1082379
2022-09-07 11:40,1.1119812
2022-09-07 11:45,1.1044935
2022-09-07 11:50,1.1082379
2022-09-07 11:55,1.1119812
2022-09-07 12:00,1.1119812
2022-09-07 12:05,1.1082379
2022-09-07 12:10,1.1194689
2022-09-07 12:15,1.1232133
2022-09-07 12:20,1.1119812
2022-09-07 12:25,1.1119812
2022-09-07 12:30,1.1007491
2022-09-07 12:35,1.1082379
2022-09-07 12:40,1.1044935
2022-09-07 12:45,1.1194689
2022-09-07 12:50,1.1082379
2022-09-07 12:55,1.1082379
2022-09-07 13:00,1.1082379
2022-09-07 13:05,1.1082379
2022-09-07 13:10,1.1157256
2022-09-07 13:15,1.1082379
2022-09-07 13:20,1.1194689
2022-09-07 13:25,1.1044935
2022-09-07 13:30,1.1119812
2022-09-07 13:35,1.1119812
2022-09-07 13:40,1.1119812
2022-09-07 13:45,1.1119812
2022-09-07 13:50,1.1007491
2022-09-07 13:55,1.1082379
2022-09-07 14:00,1.1044935
2022-09-07 14:05,1.1194689
2022-09-07 14:10,1.1119812
2022-09-07 14:15,1.1194689
2022-09-07 14:20,1.1232133
2022-09-07 14:25,1.1082379
2022-09-07 14:30,1.1194689
2022-09-07 14:35,1.1044935
2022-09-07 14:40,1.1044935
2022-09-07 14:45,1.1157256
2022-09-07 14:50,1.1119812
2022-09-07 14:55,1.1232133
2022-09-07 15:00,1.1194689
2022-09-07 15:05,1.1232133
2022-09-07 15:10,1.1157256
2022-09-07 15:15,1.1232133
2022-09-07 15:20,1.1269577
2022-09-07 15:25,1.1119812
2022-09-07 15:30,1.1232133
2022-09-07 15:35,1.1831182
2022-09-07 15:40,1.1756305
2022-09-07 15:45,1.1756305
2022-09-07 15:50,1.1756305
2022-09-07 15:55,1.1718861
2022-09-07 16:00,1.1756305
2022-09-07 16:05,1.1793738
2022-09-07 16:10,1.1643973
2022-09-07 16:15,1.1793738
2022-09-07 16:20,1.1793738
2022-09-07 16:25,1.1793738
2022-09-07 16:30,1.1681417
2022-09-07 16:35,1.1756305
2022-09-07 16:40,1.1793738
2022-09-07 16:45,1.1643973
2022-09-07 16:50,1.1756305
2022-09-07 16:55,1.1831182
2022-09-07 17:00,1.1793738
2022-09-07 17:05,1.1980947
2022-09-07 17:10,1.2055824
2022-09-07 17:15,1.2055824
2022-09-07 17:20,1.201838
2022-09-07 17:25,1.1980947
2022-09-07 17:30,1.2055824
2022-09-07 17:35,1.201838
2022-09-07 17:40,1.2093268
2022-09-07 17:45,1.2093268
2022-09-07 17:50,1.2168145
2022-09-07 17:55,1.201838
2022-09-07 18:00,1.1980947
2022-09-07 18:05,1.2093268
2022-09-07 18:10,1.201838
2022-09-07 18:15,1.2055824
2022-09-07 18:20,1.1980947
2022-09-07 18:25,1.2130701
2022-09-07 18:30,1.2055824
2022-09-07 18:35,1.201838
2022-09-07 18:40,1.2093268
2022-09-07 18:45,1.1980947
2022-09-07 18:50,1.201838
2022-09-07 18:55,1.2093268
2022-09-07 19:00,1.2093268
2022-09-07 19:05,1.2055824
2022-09-07 19:10,1.1980947
2022-09-07 19:15,1.2093268
2022-09-07 19:20,1.1980947
2022-09-07 19:25,1.2093268
2022-09-07 19:30,1.2168145
2022-09-07 19:35,1.2055824
2022-09-07 19:40,1.2168145
2022-09-07 19:45,1.2093268
2022-09-07 19:50,1.2168145
2022-09-07 19:55,1.2205589
2022-09-07 20:00,1.201838
2022-09-07 20:05,1.201838
2022-09-07 20:10,1.2093268
2022-09-07 20:15,1.201838
2022-09-07 20:20,1.2093268
2022-09-07 20:25,1.2130701
2022-09-07 20:30,1.2130701
2022-09-07 20:35,1.2168145
2022-09-07 20:40,1.2130701
2022-09-07 20:45,1.2093268
2022-09-07 20:50,1.2055824
2022-09-07 20:55,1.2093268
2022-09-07 21:00,1.2055824
2022-09-07 21:05,1.2168145
2022-09-07 21:10,1.2093268
2022-09-07 21:15,1.2130701
2022-09-07 21:20,1.2168145
2022-09-07 21:25,1.2168145
2022-09-07 21:30,1.2168145
2022-09-07 21:35,1.2205589
2022-09-07 21:40,1.2093268
2022-09-07 21:45,1.2130701
2022-09-07 21:50,1.2055824
2022-09-07 21:55,1.2130701
2022-09-07 22:00,1.2168145
2022-09-07 22:05,1.2093268
2022-09-07 22:10,1.2168145
2022-09-07 22:15,1.2093268
2022-09-07 22:20,1.2055824
2022-09-07 22:25,1.2130701
2022-09-07 22:30,1.2055824
2022-09-07 22:35,1.2168145
2022-09-07 22:40,1.2130701
2022-09-07 22:45,1.2055824
2022-09-07 22:50,1.2093268
2022-09-07 22:55,1.2168145
2022-09-07 23:00,1.2093268
2022-09-07 23:05,1.2168145
2022-09-07 23:10,1.2093268
2022-09-07 23:15,1.2130701
2022-09-07 23:20,1.2130701
2022-09-07 23:25,1.2093268
2022-09-07 23:30,1.2168145
2022-09-07 23:35,1.2130701
2022-09-07 23:40,1.2093268
2022-09-07 23:45,1.2168145
2022-09-07 23:50,1.2055824
2022-09-07 23:55,1.2055824
2022-09-08 0:00,1.2168145
2022-09-08 0:05,1.2168145
2022-09-08 0:10,1.2130701
2022-09-08 0:15,1.2168145
2022-09-08 0:20,1.2130701
2022-09-08 0:25,1.2168145
2022-09-08 0:30,1.2055824
2022-09-08 0:35,1.2093268
2022-09-08 0:40,1.2093268
2022-09-08 0:45,1.2093268
2022-09-08 0:50,1.2205589
2022-09-08 0:55,1.2168145
2022-09-08 1:00,1.2168145
2022-09-08 1:05,1.2055824
2022-09-08 1:10,1.2130701
2022-09-08 1:15,1.2130701
2022-09-08 1:20,1.2055824
2022-09-08 1:25,1.2168145
2022-09-08 1:30,1.2130701
2022-09-08 1:35,1.2168145
2022-09-08 1:40,1.2130701
2022-09-08 1:45,1.2093268
2022-09-08 1:50,1.2168145
2022-09-08 1:55,1.2168145
2022-09-08 2:00,1.2205589
2022-09-08 2:05,1.2093268
2022-09-08 2:10,1.2205589
2022-09-08 2:15,1.2205589
2022-09-08 2:20,1.2055824
2022-09-08 2:25,1.2093268
2022-09-08 2:30,1.2093268
2022-09-08 2:35,1.2205589
2022-09-08 2:40,1.2055824
2022-09-08 2:45,1.2205589
2022-09-08 2:50,1.2093268
2022-09-08 2:55,1.2205589
2022-09-08 3:00,1.2168145
2022-09-08 3:05,1.2093268
2022-09-08 3:10,1.2130701
2022-09-08 3:15,1.2168145
2022-09-08 3:20,1.2130701
2022-09-08 3:25,1.2055824
2022-09-08 3:30,1.2093268
2022-09-08 3:35,1.2055824
2022-09-08 3:40,1.2205589
2022-09-08 3:45,1.2093268
2022-09-08 3:50,1.2168145
2022-09-08 3:55,1.2130701
2022-09-08 4:00,1.2168145
2022-09-08 4:05,1.2168145
2022-09-08 4:10,1.2205589
2022-09-08 4:15,1.2055824
2022-09-08 4:20,1.2168145
2022-09-08 4:25,1.2168145
2022-09-08 4:30,1.2130701
2022-09-08 4:35,1.2168145
2022-09-08 4:40,1.2093268
2022-09-08 4:45,1.2168145
2022-09-08 4:50,1.2093268
2022-09-08 4:55,1.2205589
2022-09-08 5:00,1.2130701
2022-09-08 5:05,1.2093268
2022-09-08 5:10,1.2205589
2022-09-08 5:15,1.2168145
2022-09-08 5:20,1.2130701
2022-09-08 5:25,1.2205589
2022-09-08 5:30,1.2168145
2022-09-08 5:35,1.2205589
2022-09-08 5:40,1.2168145
2022-09-08 5:45,1.2055824
2022-09-08 5:50,1.2205589
2022-09-08 5:55,1.2168145
2022-09-08 6:00,1.2168145
2022-09-08 6:05,1.2168145
2022-09-08 6:10,1.2093268
2022-09-08 6:15,1.2130701
2022-09-08 6:20,1.2130701
2022-09-08 6:25,1.2168145
2022-09-08 6:30,1.2093268
2022-09-08 6:35,1.2168145
2022-09-08 6:40,1.2168145
2022-09-08 6:45,1.2205589
2022-09-08 6:50,1.2093268
2022-09-08 6:55,1.2130701
2022-09-08 7:00,1.2055824
2022-09-08 7:05,1.2168145
2022-09-08 7:10,1.2168145
2022-09-08 7:15,1.2093268
2022-09-08 7:20,1.2168145
2022-09-08 7:25,1.1980947
2022-09-08 7:30,1.1980947
2022-09-08 7:35,1.1943503
2022-09-08 7:40,1.1980947
2022-09-08 7:45,1.2168145
2022-09-08 7:50,1.2093268
2022-09-08 7:55,1.2130701
2022-09-08 8:00,1.2055824
2022-09-08 8:05,1.1980947
2022-09-08 8:10,1.2093268
2022-09-08 8:15,1.201838
2022-09-08 8:20,1.2055824
2022-09-08 8:25,1.1980947
2022-09-08 8:30,1.1980947
2022-09-08 8:35,1.1980947
2022-09-08 8:40,1.2093268
2022-09-08 8:45,1.2130701
2022-09-08 8:50,1.2093268
2022-09-08 8:55,1.1980947
2022-09-08 9:00,1.2055824
2022-09-08 9:05,1.201838
2022-09-08 9:10,1.1943503
2022-09-08 9:15,1.1980947
2022-09-08 9:20,1.201838
2022-09-08 9:25,1.201838
2022-09-08 9:30,1.2055824
2022-09-08 9:35,1.1943503
2022-09-08 9:40,1.201838
2022-09-08 9:45,1.1980947
2022-09-08 9:50,1.201838
2022-09-08 9:55,1.2093268
2022-09-08 10:00,1.201838
2022-09-08 10:05,1.2130701
2022-09-08 10:10,1.2055824
2022-09-08 10:15,1.1943503
2022-09-08 10:20,1.1906059
2022-09-08 10:25,1.2093268
2022-09-08 10:30,1.1943503
2022-09-08 10:35,1.1980947
2022-09-08 10:40,1.1906059
2022-09-08 10:45,1.1980947
2022-09-08 10:50,1.2055824
2022-09-08 10:55,1.201838
2022-09-08 11:00,1.201838
2022-09-08 11:05,1.1906059
2022-09-08 11:10,1.1943503
2022-09-08 11:15,1.201838
2022-09-08 11:20,1.1943503
2022-09-08 11:25,1.1980947
2022-09-08 11:30,1.1980947
2022-09-08 11:35,1.1980947
2022-09-08 11:40,1.201838
2022-09-08 11:45,1.201838
2022-09-08 11:50,1.201838
2022-09-08 11:55,1.1980947
2022-09-08 12:00,1.1980947
2022-09-08 12:05,1.2055824
2022-09-08 12:10,1.1980947
2022-09-08 12:15,1.201838
2022-09-08 12:20,1.1943503
2022-09-08 12:25,1.1980947
2022-09-08 12:30,1.201838
2022-09-08 12:35,1.1943503
2022-09-08 12:40,1.201838
2022-09-08 12:45,1.1943503
2022-09-08 12:50,1.201838
2022-09-08 12:55,1.1980947
2022-09-08 13:00,1.1906059
2022-09-08 13:05,1.1906059
2022-09-08 13:10,1.201838
2022-09-08 13:15,1.2093268
2022-09-08 13:20,1.1906059
2022-09-08 13:25,1.201838
2022-09-08 13:30,1.1906059
2022-09-08 13:35,1.1943503
2022-09-08 13:40,1.2055824
2022-09-08 13:45,1.201838
2022-09-08 13:50,1.1943503
2022-09-08 13:55,1.2093268
2022-09-08 14:00,1.2055824
2022-09-08 14:05,1.1943503
2022-09-08 14:10,1.1980947
2022-09-08 14:15,1.1943503
2022-09-08 14:20,1.1906059
2022-09-08 14:25,1.201838
2022-09-08 14:30,1.1943503
2022-09-08 14:35,1.1943503
2022-09-08 14:40,1.201838
2022-09-08 14:45,1.1906059
2022-09-08 14:50,1.1943503
2022-09-08 14:55,1.1906059
2022-09-08 15:00,1.1906059
2022-09-08 15:05,1.201838
2022-09-08 15:10,1.1906059
2022-09-08 15:15,1.1943503
2022-09-08 15:20,1.1980947
2022-09-08 15:25,1.201838
2022-09-08 15:30,1.1906059
2022-09-08 15:35,1.1943503
2022-09-08 15:40,1.201838
2022-09-08 15:45,1.1868626
2022-09-08 15:50,1.2055824
2022-09-08 15:55,1.1943503
2022-09-08 16:00,1.1906059
2022-09-08 16:05,1.1943503
2022-09-08 16:10,1.1906059
2022-09-08 16:15,1.1943503
2022-09-08 16:20,1.201838
2022-09-08 16:25,1.1943503
2022-09-08 16:30,1.1943503
2022-09-08 16:35,1.1943503
2022-09-08 16:40,1.201838
2022-09-08 16:45,1.201838
2022-09-08 16:50,1.2055824
2022-09-08 16:55,1.1943503
2022-09-08 17:00,1.201838
2022-09-08 17:05,1.1943503
2022-09-08 17:10,1.201838
2022-09-08 17:15,1.201838
2022-09-08 17:20,1.1980947
2022-09-08 17:25,1.1943503
2022-09-08 17:30,1.1906059
2022-09-08 17:35,1.2055824
2022-09-08 17:40,1.201838
2022-09-08 17:45,1.1943503
2022-09-08 17:50,1.231791
2022-09-08 17:55,1.2243033
2022-09-08 18:00,1.2205589
2022-09-08 18:05,1.231791
2022-09-08 18:10,1.2243033
2022-09-08 18:15,1.2243033
2022-09-08 18:20,1.231791
2022-09-08 18:25,1.231791
2022-09-08 18:30,1.2542552
2022-09-08 18:35,1.2542552
2022-09-08 18:40,1.2505108
2022-09-08 18:45,1.2430231
2022-09-08 18:50,1.2579996
2022-09-08 18:55,1.2505108
2022-09-08 19:00,1.2505108
2022-09-08 19:05,1.2505108
2022-09-08 19:10,1.2542552
2022-09-08 19:15,1.2542552
2022-09-08 19:20,1.2579996
2022-09-08 19:25,1.2392787
2022-09-08 19:30,1.2430231
2022-09-08 19:35,1.2542552
2022-09-08 19:40,1.2467664
2022-09-08 19:45,1.2430231
2022-09-08 19:50,1.2542552
2022-09-08 19:55,1.2505108
2022-09-08 20:00,1.2542552
2022-09-08 20:05,1.2467664
2022-09-08 20:10,1.2579996
2022-09-08 20:15,1.2579996
2022-09-08 20:20,1.2617429
2022-09-08 20:25,1.2617429
2022-09-08 20:30,1.2505108
2022-09-08 20:35,1.2505108
2022-09-08 20:40,1.2505108
2022-09-08 20:45,1.2430231
2022-09-08 20:50,1.2542552
2022-09-08 20:55,1.2542552
2022-09-08 21:00,1.2617429
2022-09-08 21:05,1.2467664
2022-09-08 21:10,1.2579996
2022-09-08 21:15,1.2617429
2022-09-08 21:20,1.2505108
2022-09-08 21:25,1.2617429
2022-09-08 21:30,1.2542552
2022-09-08 21:35,1.2617429
2022-09-08 21:40,1.2542552
2022-09-08 21:45,1.2542552
2022-09-08 21:50,1.2617429
2022-09-08 21:55,1.2505108
2022-09-08 22:00,1.2579996
2022-09-08 22:05,1.2542552
2022-09-08 22:10,1.2617429
2022-09-08 22:15,1.2467664
2022-09-08 22:20,1.2542552
2022-09-08 22:25,1.2542552
2022-09-08 22:30,1.2467664
2022-09-08 22:35,1.2617429
2022-09-08 22:40,1.2579996
2022-09-08 22:45,1.2505108
2022-09-08 22:50,1.2505108
2022-09-08 22:55,1.2467664
2022-09-08 23:00,1.2467664
2022-09-08 23:05,1.2542552
2022-09-08 23:10,1.2467664
2022-09-08 23:15,1.2579996
2022-09-08 23:20,1.2542552
2022-09-08 23:25,1.2542552
2022-09-08 23:30,1.2579996
2022-09-08 23:35,1.2467664
2022-09-08 23:40,1.2505108
2022-09-08 23:45,1.2505108
2022-09-08 23:50,1.2579996
2022-09-08 23:55,1.2542552
2022-09-09 0:00,1.2505108
2022-09-09 0:05,1.2505108
2022-09-09 0:10,1.2617429
2022-09-09 0:15,1.2505108
2022-09-09 0:20,1.2505108
2022-09-09 0:25,1.2542552
2022-09-09 0:30,1.2542552
2022-09-09 0:35,1.2617429
2022-09-09 0:40,1.2617429
2022-09-09 0:45,1.2542552
2022-09-09 0:50,1.2542552
2022-09-09 0:55,1.2505108
2022-09-09 1:00,1.2617429
2022-09-09 1:05,1.2505108
2022-09-09 1:10,1.2579996
2022-09-09 1:15,1.2542552
2022-09-09 1:20,1.2467664
2022-09-09 1:25,1.2505108
2022-09-09 1:30,1.2579996
2022-09-09 1:35,1.2617429
2022-09-09 1:40,1.2617429
2022-09-09 1:45,1.2617429
2022-09-09 1:50,1.2617429
2022-09-09 1:55,1.2542552
2022-09-09 2:00,1.2542552
2022-09-09 2:05,1.2505108
2022-09-09 2:10,1.2617429
2022-09-09 2:15,1.2505108
2022-09-09 2:20,1.2505108
2022-09-09 2:25,1.2542552
2022-09-09 2:30,1.2542552
2022-09-09 2:35,1.2505108
2022-09-09 2:40,1.2542552
2022-09-09 2:45,1.2654873
2022-09-09 2:50,1.2505108
2022-09-09 2:55,1.2617429
2022-09-09 3:00,1.2617429
2022-09-09 3:05,1.2617429
2022-09-09 3:10,1.2617429
2022-09-09 3:15,1.2542552
2022-09-09 3:20,1.2654873
2022-09-09 3:25,1.2542552
2022-09-09 3:30,1.2579996
2022-09-09 3:35,1.2505108
2022-09-09 3:40,1.2505108
2022-09-09 3:45,1.2579996
2022-09-09 3:50,1.2542552
2022-09-09 3:55,1.2505108
2022-09-09 4:00,1.2579996
2022-09-09 4:05,1.2617429
2022-09-09 4:10,1.2542552
2022-09-09 4:15,1.2505108
2022-09-09 4:20,1.2467664
2022-09-09 4:25,1.2542552
2022-09-09 4:30,1.2654873
2022-09-09 4:35,1.2617429
2022-09-09 4:40,1.2505108
2022-09-09 4:45,1.2579996
2022-09-09 4:50,1.2579996
2022-09-09 4:55,1.2579996
2022-09-09 5:00,1.2654873
2022-09-09 5:05,1.2542552
2022-09-09 5:10,1.2542552
2022-09-09 5:15,1.2542552
2022-09-09 5:20,1.2542552
2022-09-09 5:25,1.2542552
2022-09-09 5:30,1.2542552
2022-09-09 5:35,1.2654873
2022-09-09 5:40,1.2579996
2022-09-09 5:45,1.2542552
2022-09-09 5:50,1.2654873
2022-09-09 5:55,1.2505108
2022-09-09 6:00,1.2617429
2022-09-09 6:05,1.2617429
2022-09-09 6:10,1.2467664
2022-09-09 6:15,1.2505108
2022-09-09 6:20,1.2505108
2022-09-09 6:25,1.2617429
2022-09-09 6:30,1.2617429
2022-09-09 6:35,1.2542552
2022-09-09 6:40,1.2579996
2022-09-09 6:45,1.2505108
2022-09-09 6:50,1.2617429
2022-09-09 6:55,1.2617429
2022-09-09 7:00,1.2542552
2022-09-09 7:05,1.2542552
2022-09-09 7:10,1.2617429
2022-09-09 7:15,1.2542552
2022-09-09 7:20,1.2505108
2022-09-09 7:25,1.2505108
2022-09-09 7:30,1.2579996
2022-09-09 7:35,1.2505108
2022-09-09 7:40,1.2654873
2022-09-09 7:45,1.2505108
2022-09-09 7:50,1.2505108
2022-09-09 7:55,1.2617429
2022-09-09 8:00,1.2505108
2022-09-09 8:05,1.2542552
2022-09-09 8:10,1.2617429
2022-09-09 8:15,1.2505108
2022-09-09 8:20,1.2579996
2022-09-09 8:25,1.2542552
2022-09-09 8:30,1.2542552
2022-09-09 8:35,1.2505108
2022-09-09 8:40,1.2505108
2022-09-09 8:45,1.2617429
2022-09-09 8:50,1.2542552
2022-09-09 8:55,1.2579996
2022-09-09 9:00,1.2505108
2022-09-09 9:05,1.2617429
2022-09-09 9:10,1.2467664
2022-09-09 9:15,1.2542552
2022-09-09 9:20,1.2579996
2022-09-09 9:25,1.2542552
2022-09-09 9:30,1.2467664
2022-09-09 9:35,1.2542552
2022-09-09 9:40,1.2467664
2022-09-09 9:45,1.2505108
2022-09-09 9:50,1.2542552
2022-09-09 9:55,1.2542552
2022-09-09 10:00,1.2579996
2022-09-09 10:05,1.2505108
2022-09-09 10:10,1.2617429
2022-09-09 10:15,1.2542552
2022-09-09 10:20,1.2542552
2022-09-09 10:25,1.2579996
2022-09-09 10:30,1.2467664
2022-09-09 10:35,1.2467664
2022-09-09 10:40,1.2617429
2022-09-09 10:45,1.2430231
2022-09-09 10:50,1.2542552
2022-09-09 10:55,1.2467664
2022-09-09 11:00,1.2617429
2022-09-09 11:05,1.2617429
2022-09-09 11:10,1.2542552
2022-09-09 11:15,1.2542552
2022-09-09 11:20,1.2430231
2022-09-09 11:25,1.2430231
2022-09-09 11:30,1.2617429
2022-09-09 11:35,1.2542552
2022-09-09 11:40,1.2542552
2022-09-09 11:45,1.2392787
2022-09-09 11:50,1.2505108
2022-09-09 11:55,1.2505108
2022-09-09 12:00,1.2430231
2022-09-09 12:05,1.2467664
2022-09-09 12:10,1.2542552
2022-09-09 12:15,1.2430231
2022-09-09 12:20,1.2467664
2022-09-09 12:25,1.2430231
2022-09-09 12:30,1.2392787
2022-09-09 12:35,1.2430231
2022-09-09 12:40,1.2579996
2022-09-09 12:45,1.2392787
2022-09-09 12:50,1.2430231
2022-09-09 12:55,1.2467664
2022-09-09 13:00,1.2467664
2022-09-09 13:05,1.2542552
2022-09-09 13:10,1.2467664
2022-09-09 13:15,1.2392787
2022-09-09 13:20,1.2467664
2022-09-09 13:25,1.2430231
2022-09-09 13:30,1.2430231
2022-09-09 13:35,1.2579996
2022-09-09 13:40,1.2505108
2022-09-09 13:45,1.2430231
2022-09-09 13:50,1.2467664
2022-09-09 13:55,1.2505108
2022-09-09 14:00,1.2467664
2022-09-09 14:05,1.2467664
2022-09-09 14:10,1.2355343
2022-09-09 14:15,1.2392787
2022-09-09 14:20,1.2467664
2022-09-09 14:25,1.2430231
2022-09-09 14:30,1.2467664
2022-09-09 14:35,1.2467664
2022-09-09 14:40,1.2392787
2022-09-09 14:45,1.2467664
2022-09-09 14:50,1.2505108
2022-09-09 14:55,1.2467664
2022-09-09 15:00,1.2505108
2022-09-09 15:05,1.2430231
2022-09-09 15:10,1.2467664
2022-09-09 15:15,1.2467664
2022-09-09 15:20,1.2505108
2022-09-09 15:25,1.2467664
2022-09-09 15:30,1.2505108
2022-09-09 15:35,1.2430231
2022-09-09 15:40,1.2467664
2022-09-09 15:45,1.2505108
2022-09-09 15:50,1.2505108
2022-09-09 15:55,1.2467664
2022-09-09 16:00,1.2467664
2022-09-09 16:05,1.2430231
2022-09-09 16:10,1.2392787
2022-09-09 16:15,1.2467664
2022-09-09 16:20,1.2542552
2022-09-09 16:25,1.2430231
2022-09-09 16:30,1.2467664
2022-09-09 16:35,1.2542552
2022-09-09 16:40,1.2505108
2022-09-09 16:45,1.2430231
2022-09-09 16:50,1.2542552
2022-09-09 16:55,1.2505108
2022-09-09 17:00,1.2430231
2022-09-09 17:05,1.2579996
2022-09-09 17:10,1.2505108
2022-09-09 17:15,1.2392787
2022-09-09 17:20,1.2579996
2022-09-09 17:25,1.2505108
2022-09-09 17:30,1.2392787
2022-09-09 17:35,1.2579996
2022-09-09 17:40,1.2392787
2022-09-09 17:45,1.2467664
2022-09-09 17:50,1.2505108
2022-09-09 17:55,1.2542552
2022-09-09 18:00,1.2392787
2022-09-09 18:05,1.2467664
2022-09-09 18:10,1.2392787
2022-09-09 18:15,1.2542552
2022-09-09 18:20,1.2505108
2022-09-09 18:25,1.2617429
2022-09-09 18:30,1.2579996
2022-09-09 18:35,1.2654873
2022-09-09 18:40,1.2617429
2022-09-09 18:45,1.2579996
2022-09-09 18:50,1.2579996
2022-09-09 18:55,1.2654873
2022-09-09 19:00,1.3328799
2022-09-09 19:05,1.3366243
2022-09-09 19:10,1.3366243
2022-09-09 19:15,1.3403687
2022-09-09 19:20,1.3328799
2022-09-09 19:25,1.3366243
2022-09-09 19:30,1.3366243
2022-09-09 19:35,1.3328799
2022-09-09 19:40,1.3366243
2022-09-09 19:45,1.3328799
2022-09-09 19:50,1.3366243
2022-09-09 19:55,1.3291355
2022-09-09 20:00,1.3366243
2022-09-09 20:05,1.3253911
2022-09-09 20:10,1.3328799
2022-09-09 20:15,1.3403687
2022-09-09 20:20,1.3366243
2022-09-09 20:25,1.3403687
2022-09-09 20:30,1.3403687
2022-09-09 20:35,1.3403687
2022-09-09 20:40,1.344112
2022-09-09 20:45,1.3403687
2022-09-09 20:50,1.3366243
2022-09-09 20:55,1.344112
2022-09-09 21:00,1.3291355
2022-09-09 21:05,1.3328799
2022-09-09 21:10,1.3366243
2022-09-09 21:15,1.3403687
2022-09-09 21:20,1.3328799
2022-09-09 21:25,1.3328799
2022-09-09 21:30,1.3291355
2022-09-09 21:35,1.3366243
2022-09-09 21:40,1.3328799
2022-09-09 21:45,1.3366243
2022-09-09 21:50,1.3328799
2022-09-09 21:55,1.3366243
2022-09-09 22:00,1.3291355
2022-09-09 22:05,1.3328799
2022-09-09 22:10,1.3403687
2022-09-09 22:15,1.3366243
2022-09-09 22:20,1.344112
2022-09-09 22:25,1.3366243
2022-09-09 22:30,1.3291355
2022-09-09 22:35,1.3328799
2022-09-09 22:40,1.3403687
2022-09-09 22:45,1.344112
2022-09-09 22:50,1.3366243
2022-09-09 22:55,1.3253911
2022-09-09 23:00,1.3328799
2022-09-09 23:05,1.3366243
2022-09-09 23:10,1.3328799
2022-09-09 23:15,1.3291355
2022-09-09 23:20,1.3328799
2022-09-09 23:25,1.3403687
2022-09-09 23:30,1.344112
2022-09-09 23:35,1.3403687
2022-09-09 23:40,1.3291355
2022-09-09 23:45,1.344112
2022-09-09 23:50,1.3366243
2022-09-09 23:55,1.3366243
2022-09-10 0:00,1.3403687
2022-09-10 0:05,1.3366243
2022-09-10 0:10,1.3478564
2022-09-10 0:15,1.3328799
2022-09-10 0:20,1.3366243
2022-09-10 0:25,1.3403687
2022-09-10 0:30,1.3403687
2022-09-10 0:35,1.3328799
2022-09-10 0:40,1.3403687
2022-09-10 0:45,1.3366243
2022-09-10 0:50,1.3291355
2022-09-10 0:55,1.3403687
2022-09-10 1:00,1.3403687
2022-09-10 1:05,1.3403687
2022-09-10 1:10,1.3291355
2022-09-10 1:15,1.344112
2022-09-10 1:20,1.344112
2022-09-10 1:25,1.3366243
2022-09-10 1:30,1.3366243
2022-09-10 1:35,1.3328799
2022-09-10 1:40,1.344112
2022-09-10 1:45,1.344112
2022-09-10 1:50,1.3366243
2022-09-10 1:55,1.3366243
2022-09-10 2:00,1.3403687
2022-09-10 2:05,1.3403687
2022-09-10 2:10,1.3366243
2022-09-10 2:15,1.3403687
2022-09-10 2:20,1.3403687
2022-09-10 2:25,1.3328799
2022-09-10 2:30,1.3366243
2022-09-10 2:35,1.3291355
2022-09-10 2:40,1.344112
2022-09-10 2:45,1.3291355
2022-09-10 2:50,1.3366243
2022-09-10 2:55,1.3328799
2022-09-10 3:00,1.3403687
2022-09-10 3:05,1.3366243
2022-09-10 3:10,1.3478564
2022-09-10 3:15,1.3366243
2022-09-10 3:20,1.344112
2022-09-10 3:25,1.3366243
2022-09-10 3:30,1.3328799
2022-09-10 3:35,1.3366243
2022-09-10 3:40,1.3366243
2022-09-10 3:45,1.3403687
2022-09-10 3:50,1.344112
2022-09-10 3:55,1.3403687
2022-09-10 4:00,1.3403687
2022-09-10 4:05,1.3403687
2022-09-10 4:10,1.3403687
2022-09-10 4:15,1.3328799
2022-09-10 4:20,1.3366243
2022-09-10 4:25,1.3328799
2022-09-10 4:30,1.3328799
2022-09-10 4:35,1.3291355
2022-09-10 4:40,1.344112
2022-09-10 4:45,1.3478564
2022-09-10 4:50,1.3366243
2022-09-10 4:55,1.3328799
2022-09-10 5:00,1.3328799
2022-09-10 5:05,1.3253911
2022-09-10 5:10,1.3366243
2022-09-10 5:15,1.344112
2022-09-10 5:20,1.3366243
2022-09-10 5:25,1.3478564
2022-09-10 5:30,1.3403687
2022-09-10 5:35,1.344112
2022-09-10 5:40,1.3328799
2022-09-10 5:45,1.3291355
2022-09-10 5:50,1.344112
2022-09-10 5:55,1.3478564
2022-09-10 6:00,1.344112
2022-09-10 6:05,1.3478564
2022-09-10 6:10,1.344112
2022-09-10 6:15,1.3291355
2022-09-10 6:20,1.3328799
2022-09-10 6:25,1.3403687
2022-09-10 6:30,1.344112
2022-09-10 6:35,1.3291355
2022-09-10 6:40,1.3403687
2022-09-10 6:45,1.344112
2022-09-10 6:50,1.3478564
2022-09-10 6:55,1.3366243
2022-09-10 7:00,1.3366243
2022-09-10 7:05,1.3403687
2022-09-10 7:10,1.3328799
2022-09-10 7:15,1.3328799
2022-09-10 7:20,1.3328799
2022-09-10 7:25,1.3328799
2022-09-10 7:30,1.3516008
2022-09-10 7:35,1.3478564
2022-09-10 7:40,1.344112
2022-09-10 7:45,1.3403687
2022-09-10 7:50,1.344112
2022-09-10 7:55,1.3366243
2022-09-10 8:00,1.3366243
2022-09-10 8:05,1.3328799
2022-09-10 8:10,1.3328799
2022-09-10 8:15,1.344112
2022-09-10 8:20,1.3478564
2022-09-10 8:25,1.3366243
2022-09-10 8:30,1.344112
2022-09-10 8:35,1.3403687
2022-09-10 8:40,1.3366243
2022-09-10 8:45,1.3478564
2022-09-10 8:50,1.3403687
2022-09-10 8:55,1.3366243
2022-09-10 9:00,1.3516008
2022-09-10 9:05,1.3328799
2022-09-10 9:10,1.3291355
2022-09-10 9:15,1.3366243
2022-09-10 9:20,1.3328799
2022-09-10 9:25,1.3403687
2022-09-10 9:30,1.344112
2022-09-10 9:35,1.3478564
2022-09-10 9:40,1.3403687
2022-09-10 9:45,1.344112
2022-09-10 9:50,1.3366243
2022-09-10 9:55,1.3328799
2022-09-10 10:00,1.3291355
2022-09-10 10:05,1.3403687
2022-09-10 10:10,1.3366243
2022-09-10 10:15,1.3403687
2022-09-10 10:20,1.3403687
2022-09-10 10:25,1.3403687
2022-09-10 10:30,1.3366243
2022-09-10 10:35,1.3403687
2022-09-10 10:40,1.3403687
2022-09-10 10:45,1.3366243
2022-09-10 10:50,1.3366243
2022-09-10 10:55,1.3328799
2022-09-10 11:00,1.3366243
2022-09-10 11:05,1.3253911
2022-09-10 11:10,1.3403687
2022-09-10 11:15,1.3253911
2022-09-10 11:20,1.3291355
2022-09-10 11:25,1.3403687
2022-09-10 11:30,1.344112
2022-09-10 11:35,1.3366243
2022-09-10 11:40,1.3366243
2022-09-10 11:45,1.3366243
2022-09-10 11:50,1.3478564
2022-09-10 11:55,1.3366243
2022-09-10 12:00,1.3291355
2022-09-10 12:05,1.3478564
2022-09-10 12:10,1.3403687
2022-09-10 12:15,1.3328799
2022-09-10 12:20,1.3403687
2022-09-10 12:25,1.3403687
2022-09-10 12:30,1.3328799
2022-09-10 12:35,1.3516008
2022-09-10 12:40,1.3291355
2022-09-10 12:45,1.3328799
2022-09-10 12:50,1.3478564
2022-09-10 12:55,1.344112
2022-09-10 13:00,1.344112
2022-09-10 13:05,1.3516008
2022-09-10 13:10,1.3328799
2022-09-10 13:15,1.3478564
2022-09-10 13:20,1.3478564
2022-09-10 13:25,1.3403687
2022-09-10 13:30,1.3366243
2022-09-10 13:35,1.344112
2022-09-10 13:40,1.3403687
2022-09-10 13:45,1.3366243
2022-09-10 13:50,1.3478564
2022-09-10 13:55,1.3478564
2022-09-10 14:00,1.3366243
2022-09-10 14:05,1.3403687
2022-09-10 14:10,1.3403687
2022-09-10 14:15,1.3478564
2022-09-10 14:20,1.3478564
2022-09-10 14:25,1.3478564
2022-09-10 14:30,1.3403687
2022-09-10 14:35,1.3403687
2022-09-10 14:40,1.3328799
2022-09-10 14:45,1.3478564
2022-09-10 14:50,1.344112
2022-09-10 14:55,1.3328799
2022-09-10 15:00,1.3403687
2022-09-10 15:05,1.3516008
2022-09-10 15:10,1.3478564
2022-09-10 15:15,1.3478564
2022-09-10 15:20,1.344112
2022-09-10 15:25,1.3516008
2022-09-10 15:30,1.3516008
2022-09-10 15:35,1.3553441
2022-09-10 15:40,1.3590885
2022-09-10 15:45,1.3590885
2022-09-10 15:50,1.3516008
2022-09-10 15:55,1.3516008
2022-09-10 16:00,1.3516008
2022-09-10 16:05,1.344112
2022-09-10 16:10,1.3590885
2022-09-10 16:15,1.3516008
2022-09-10 16:20,1.3553441
2022-09-10 16:25,1.3590885
2022-09-10 16:30,1.3478564
2022-09-10 16:35,1.3478564
2022-09-10 16:40,1.3590885
2022-09-10 16:45,1.3478564
2022-09-10 16:50,1.3478564
2022-09-10 16:55,1.3403687
2022-09-10 17:00,1.3553441
2022-09-10 17:05,1.344112
2022-09-10 17:10,1.3516008
2022-09-10 17:15,1.3553441
2022-09-10 17:20,1.3590885
2022-09-10 17:25,1.3478564
2022-09-10 17:30,1.3590885
2022-09-10 17:35,1.344112
2022-09-10 17:40,1.3478564
2022-09-10 17:45,1.3628318
2022-09-10 17:50,1.3703206
2022-09-10 17:55,1.3478564
2022-09-10 18:00,1.3590885
2022-09-10 18:05,1.3553441
2022-09-10 18:10,1.3516008
2022-09-10 18:15,1.3665762
2022-09-10 18:20,1.3852971
2022-09-10 18:25,1.4040169
2022-09-10 18:30,1.3927848
2022-09-10 18:35,1.3965292
2022-09-10 18:40,1.3927848
2022-09-10 18:45,1.4040169
2022-09-10 18:50,1.3965292
2022-09-10 18:55,1.3965292
2022-09-10 19:00,1.3890404
2022-09-10 19:05,1.4040169
2022-09-10 19:10,1.4040169
2022-09-10 19:15,1.4077602
2022-09-10 19:20,1.3852971
2022-09-10 19:25,1.4040169
2022-09-10 19:30,1.4002725
2022-09-10 19:35,1.3927848
2022-09-10 19:40,1.4077602
2022-09-10 19:45,1.3927848
2022-09-10 19:50,1.4040169
2022-09-10 19:55,1.4077602
2022-09-10 20:00,1.3965292
2022-09-10 20:05,1.3965292
2022-09-10 20:10,1.4040169
2022-09-10 20:15,1.4077602
2022-09-10 20:20,1.4002725
2022-09-10 20:25,1.3965292
2022-09-10 20:30,1.3927848
2022-09-10 20:35,1.3927848
2022-09-10 20:40,1.4040169
2022-09-10 20:45,1.3927848
2022-09-10 20:50,1.4040169
2022-09-10 20:55,1.4002725
2022-09-10 21:00,1.4002725
2022-09-10 21:05,1.4115046
2022-09-10 21:10,1.4040169
2022-09-10 21:15,1.3965292
2022-09-10 21:20,1.3927848
2022-09-10 21:25,1.3927848
2022-09-10 21:30,1.4002725
2022-09-10 21:35,1.3927848
2022-09-10 21:40,1.3927848
2022-09-10 21:45,1.4077602
2022-09-10 21:50,1.3965292
2022-09-10 21:55,1.4077602
2022-09-10 22:00,1.4040169
2022-09-10 22:05,1.4077602
2022-09-10 22:10,1.3965292
2022-09-10 22:15,1.3927848
2022-09-10 22:20,1.4002725
2022-09-10 22:25,1.3927848
2022-09-10 22:30,1.4040169
2022-09-10 22:35,1.4077602
2022-09-10 22:40,1.4002725
2022-09-10 22:45,1.3890404
2022-09-10 22:50,1.4040169
2022-09-10 22:55,1.3927848
2022-09-10 23:00,1.4040169
2022-09-10 23:05,1.3890404
2022-09-10 23:10,1.4040169
2022-09-10 23:15,1.4040169
2022-09-10 23:20,1.4040169
2022-09-10 23:25,1.4040169
2022-09-10 23:30,1.3890404
2022-09-10 23:35,1.4077602
2022-09-10 23:40,1.3890404
2022-09-10 23:45,1.4040169
2022-09-10 23:50,1.4040169
2022-09-10 23:55,1.4077602
2022-09-11 0:00,1.3965292
2022-09-11 0:05,1.3927848
2022-09-11 0:10,1.3965292
2022-09-11 0:15,1.4077602
2022-09-11 0:20,1.3927848
2022-09-11 0:25,1.3965292
2022-09-11 0:30,1.4077602
2022-09-11 0:35,1.4077602
2022-09-11 0:40,1.4115046
2022-09-11 0:45,1.4040169
2022-09-11 0:50,1.4115046
2022-09-11 0:55,1.3927848
2022-09-11 1:00,1.4040169
2022-09-11 1:05,1.3927848
2022-09-11 1:10,1.3927848
2022-09-11 1:15,1.3890404
2022-09-11 1:20,1.4115046
2022-09-11 1:25,1.3965292
2022-09-11 1:30,1.4040169
2022-09-11 1:35,1.4115046
2022-09-11 1:40,1.4077602
2022-09-11 1:45,1.3927848
2022-09-11 1:50,1.4002725
2022-09-11 1:55,1.3965292
2022-09-11 2:00,1.4040169
2022-09-11 2:05,1.3965292
2022-09-11 2:10,1.3927848
2022-09-11 2:15,1.3927848
2022-09-11 2:20,1.4040169
2022-09-11 2:25,1.4077602
2022-09-11 2:30,1.4077602
2022-09-11 2:35,1.3890404
2022-09-11 2:40,1.3965292
2022-09-11 2:45,1.4002725
2022-09-11 2:50,1.4002725
2022-09-11 2:55,1.4002725
2022-09-11 3:00,1.3965292
2022-09-11 3:05,1.3965292
2022-09-11 3:10,1.4040169
2022-09-11 3:15,1.4002725
2022-09-11 3:20,1.4077602
2022-09-11 3:25,1.4002725
2022-09-11 3:30,1.3927848
2022-09-11 3:35,1.4002725
2022-09-11 3:40,1.4040169
2022-09-11 3:45,1.4115046
2022-09-11 3:50,1.4077602
2022-09-11 3:55,1.4115046
2022-09-11 4:00,1.4040169
2022-09-11 4:05,1.4040169
2022-09-11 4:10,1.4040169
2022-09-11 4:15,1.3965292
2022-09-11 4:20,1.4040169
2022-09-11 4:25,1.3965292
2022-09-11 4:30,1.4040169
2022-09-11 4:35,1.3965292
2022-09-11 4:40,1.3965292
2022-09-11 4:45,1.3927848
2022-09-11 4:50,1.4077602
2022-09-11 4:55,1.4002725
2022-09-11 5:00,1.4115046
2022-09-11 5:05,1.4040169
2022-09-11 5:10,1.4077602
2022-09-11 5:15,1.4115046
2022-09-11 5:20,1.3965292
2022-09-11 5:25,1.4040169
2022-09-11 5:30,1.4040169
2022-09-11 5:35,1.4040169
2022-09-11 5:40,1.3965292
2022-09-11 5:45,1.3965292
2022-09-11 5:50,1.4040169
2022-09-11 5:55,1.4077602
2022-09-11 6:00,1.4002725
2022-09-11 6:05,1.4040169
2022-09-11 6:10,1.4040169
2022-09-11 6:15,1.3965292
2022-09-11 6:20,1.4040169
2022-09-11 6:25,1.3965292
2022-09-11 6:30,1.4002725
2022-09-11 6:35,1.3965292
2022-09-11 6:40,1.4002725
2022-09-11 6:45,1.4115046
2022-09-11 6:50,1.3965292
2022-09-11 6:55,1.4002725
2022-09-11 7:00,1.4002725
2022-09-11 7:05,1.4115046
2022-09-11 7:10,1.3965292
2022-09-11 7:15,1.4077602
2022-09-11 7:20,1.4077602
2022-09-11 7:25,1.4077602
2022-09-11 7:30,1.4040169
2022-09-11 7:35,1.3965292
2022-09-11 7:40,1.4040169
2022-09-11 7:45,1.4115046
2022-09-11 7:50,1.4002725
2022-09-11 7:55,1.4040169
2022-09-11 8:00,1.4115046
2022-09-11 8:05,1.4077602
2022-09-11 8:10,1.4040169
2022-09-11 8:15,1.4115046
2022-09-11 8:20,1.4115046
2022-09-11 8:25,1.4040169
2022-09-11 8:30,1.3965292
2022-09-11 8:35,1.4040169
2022-09-11 8:40,1.4002725
2022-09-11 8:45,1.4002725
2022-09-11 8:50,1.4002725
2022-09-11 8:55,1.4040169
2022-09-11 9:00,1.4040169
2022-09-11 9:05,1.4040169
2022-09-11 9:10,1.3927848
2022-09-11 9:15,1.4040169
2022-09-11 9:20,1.4002725
2022-09-11 9:25,1.4115046
2022-09-11 9:30,1.4002725
2022-09-11 9:35,1.4002725
2022-09-11 9:40,1.3927848
2022-09-11 9:45,1.4077602
2022-09-11 9:50,1.3965292
2022-09-11 9:55,1.4040169
2022-09-11 10:00,1.4115046
2022-09-11 10:05,1.3965292
2022-09-11 10:10,1.4077602
2022-09-11 10:15,1.4077602
2022-09-11 10:20,1.4077602
2022-09-11 10:25,1.3965292
2022-09-11 10:30,1.3927848
2022-09-11 10:35,1.4040169
2022-09-11 10:40,1.4077602
2022-09-11 10:45,1.3927848
2022-09-11 10:50,1.3965292
2022-09-11 10:55,1.4002725
2022-09-11 11:00,1.4002725
2022-09-11 11:05,1.3965292
2022-09-11 11:10,1.3927848
2022-09-11 11:15,1.4002725
2022-09-11 11:20,1.4002725
2022-09-11 11:25,1.4040169
2022-09-11 11:30,1.4002725
2022-09-11 11:35,1.4002725
2022-09-11 11:40,1.3890404
2022-09-11 11:45,1.4040169
2022-09-11 11:50,1.4115046
2022-09-11 11:55,1.4040169
2022-09-11 12:00,1.4077602
2022-09-11 12:05,1.4040169
2022-09-11 12:10,1.4002725
2022-09-11 12:15,1.3927848
2022-09-11 12:20,1.4002725
2022-09-11 12:25,1.4077602
2022-09-11 12:30,1.4077602
2022-09-11 12:35,1.3965292
2022-09-11 12:40,1.3965292
2022-09-11 12:45,1.4040169
2022-09-11 12:50,1.3965292
2022-09-11 12:55,1.3965292
2022-09-11 13:00,1.4002725
2022-09-11 13:05,1.3965292
2022-09-11 13:10,1.3927848
2022-09-11 13:15,1.4002725
2022-09-11 13:20,1.4077602
2022-09-11 13:25,1.4040169
2022-09-11 13:30,1.4002725
2022-09-11 13:35,1.3890404
2022-09-11 13:40,1.3927848
2022-09-11 13:45,1.3965292
2022-09-11 13:50,1.3965292
2022-09-11 13:55,1.4002725
2022-09-11 14:00,1.3965292
2022-09-11 14:05,1.4002725
2022-09-11 14:10,1.4002725
2022-09-11 14:15,1.4077602
2022-09-11 14:20,1.3927848
2022-09-11 14:25,1.3965292
2022-09-11 14:30,1.4227378
2022-09-11 14:35,1.415249
2022-09-11 14:40,1.4227378
2022-09-11 14:45,1.4264811
2022-09-11 14:50,1.4264811
2022-09-11 14:55,1.4189934
2022-09-11 15:00,1.4302255
2022-09-11 15:05,1.415249
2022-09-11 15:10,1.4302255
2022-09-11 15:15,1.4227378
2022-09-11 15:20,1.4227378
2022-09-11 15:25,1.4264811
2022-09-11 15:30,1.4339688
2022-09-11 15:35,1.415249
2022-09-11 15:40,1.415249
2022-09-11 15:45,1.4189934
2022-09-11 15:50,1.4264811
2022-09-11 15:55,1.4339688
2022-09-11 16:00,1.4302255
2022-09-11 16:05,1.4227378
2022-09-11 16:10,1.4339688
2022-09-11 16:15,1.4227378
2022-09-11 16:20,1.4189934
2022-09-11 16:25,1.4264811
2022-09-11 16:30,1.4264811
2022-09-11 16:35,1.4302255
2022-09-11 16:40,1.4264811
2022-09-11 16:45,1.4189934
2022-09-11 16:50,1.4189934
2022-09-11 16:55,1.4227378
2022-09-11 17:00,1.4227378
2022-09-11 17:05,1.4264811
2022-09-11 17:10,1.4302255
2022-09-11 17:15,1.4189934
2022-09-11 17:20,1.4227378
2022-09-11 17:25,1.4227378
2022-09-11 17:30,1.4227378
2022-09-11 17:35,1.415249
2022-09-11 17:40,1.4189934
2022-09-11 17:45,1.4264811
2022-09-11 17:50,1.4302255
2022-09-11 17:55,1.4189934
2022-09-11 18:00,1.4302255
2022-09-11 18:05,1.4189934
2022-09-11 18:10,1.4302255
2022-09-11 18:15,1.4302255
2022-09-11 18:20,1.4227378
2022-09-11 18:25,1.4264811
2022-09-11 18:30,1.4227378
2022-09-11 18:35,1.4339688
2022-09-11 18:40,1.4264811
2022-09-11 18:45,1.4264811
2022-09-11 18:50,1.4227378
2022-09-11 18:55,1.4189934
2022-09-11 19:00,1.4302255
2022-09-11 19:05,1.4227378
2022-09-11 19:10,1.4302255
2022-09-11 19:15,1.415249
2022-09-11 19:20,1.4264811
2022-09-11 19:25,1.4339688
2022-09-11 19:30,1.4189934
2022-09-11 19:35,1.4339688
2022-09-11 19:40,1.4264811
2022-09-11 19:45,1.4302255
2022-09-11 19:50,1.4302255
2022-09-11 19:55,1.4264811
2022-09-11 20:00,1.4264811
2022-09-11 20:05,1.4227378
2022-09-11 20:10,1.4302255
2022-09-11 20:15,1.415249
2022-09-11 20:20,1.4339688
2022-09-11 20:25,1.4264811
2022-09-11 20:30,1.4227378
2022-09-11 20:35,1.415249
2022-09-11 20:40,1.4189934
2022-09-11 20:45,1.4189934
2022-09-11 20:50,1.4189934
2022-09-11 20:55,1.4339688
2022-09-11 21:00,1.4264811
2022-09-11 21:05,1.4339688
2022-09-11 21:10,1.4264811
2022-09-11 21:15,1.4227378
2022-09-11 21:20,1.4227378
2022-09-11 21:25,1.4189934
2022-09-11 21:30,1.4227378
2022-09-11 21:35,1.4302255
2022-09-11 21:40,1.4339688
2022-09-11 21:45,1.4264811
2022-09-11 21:50,1.4339688
2022-09-11 21:55,1.4189934
2022-09-11 22:00,1.4302255
2022-09-11 22:05,1.4189934
2022-09-11 22:10,1.415249
2022-09-11 22:15,1.4227378
2022-09-11 22:20,1.4189934
2022-09-11 22:25,1.4227378
2022-09-11 22:30,1.4264811
2022-09-11 22:35,1.4339688
2022-09-11 22:40,1.4227378
2022-09-11 22:45,1.4302255
2022-09-11 22:50,1.4189934
2022-09-11 22:55,1.415249
2022-09-11 23:00,1.4264811
2022-09-11 23:05,1.4339688
2022-09-11 23:10,1.4264811
2022-09-11 23:15,1.4264811
2022-09-11 23:20,1.4227378
2022-09-11 23:25,1.4264811
2022-09-11 23:30,1.4189934
2022-09-11 23:35,1.4227378
2022-09-11 23:40,1.4302255
2022-09-11 23:45,1.4227378
2022-09-11 23:50,1.4189934
2022-09-11 23:55,1.4264811
2022-09-12 0:00,1.4339688
2022-09-12 0:05,1.4189934
2022-09-12 0:10,1.4264811
2022-09-12 0:15,1.4227378
2022-09-12 0:20,1.415249
2022-09-12 0:25,1.4302255
2022-09-12 0:30,1.4302255
2022-09-12 0:35,1.415249
2022-09-12 0:40,1.4302255
2022-09-12 0:45,1.4264811
2022-09-12 0:50,1.4227378
2022-09-12 0:55,1.4189934
2022-09-12 1:00,1.4189934
2022-09-12 1:05,1.4189934
2022-09-12 1:10,1.415249
2022-09-12 1:15,1.4264811
2022-09-12 1:20,1.415249
2022-09-12 1:25,1.4227378
2022-09-12 1:30,1.4264811
2022-09-12 1:35,1.4264811
2022-09-12 1:40,1.4302255
2022-09-12 1:45,1.4264811
2022-09-12 1:50,1.4264811
2022-09-12 1:55,1.4264811
2022-09-12 2:00,1.4264811
2022-09-12 2:05,1.4227378
2022-09-12 2:10,1.415249
2022-09-12 2:15,1.4227378
2022-09-12 2:20,1.4302255
2022-09-12 2:25,1.4227378
2022-09-12 2:30,1.4302255
2022-09-12 2:35,1.4377132
2022-09-12 2:40,1.4264811
2022-09-12 2:45,1.4227378
2022-09-12 2:50,1.4302255
2022-09-12 2:55,1.4227378
2022-09-12 3:00,1.4264811
2022-09-12 3:05,1.4302255
2022-09-12 3:10,1.4227378
2022-09-12 3:15,1.4189934
2022-09-12 3:20,1.4227378
2022-09-12 3:25,1.4227378
2022-09-12 3:30,1.4227378
2022-09-12 3:35,1.4339688
2022-09-12 3:40,1.4264811
2022-09-12 3:45,1.4377132
2022-09-12 3:50,1.4227378
2022-09-12 3:55,1.4227378
2022-09-12 4:00,1.4302255
2022-09-12 4:05,1.4302255
2022-09-12 4:10,1.4339688
2022-09-12 4:15,1.4227378
2022-09-12 4:20,1.4302255
2022-09-12 4:25,1.4302255
2022-09-12 4:30,1.4302255
2022-09-12 4:35,1.4189934
2022-09-12 4:40,1.4227378
2022-09-12 4:45,1.4227378
2022-09-12 4:50,1.415249
2022-09-12 4:55,1.4264811
2022-09-12 5:00,1.4339688
2022-09-12 5:05,1.4264811
2022-09-12 5:10,1.4264811
2022-09-12 5:15,1.4264811
2022-09-12 5:20,1.4339688
2022-09-12 5:25,1.4339688
2022-09-12 5:30,1.4264811
2022-09-12 5:35,1.4339688
2022-09-12 5:40,1.4264811
2022-09-12 5:45,1.4227378
2022-09-12 5:50,1.4339688
2022-09-12 5:55,1.4227378
2022-09-12 6:00,1.4189934
2022-09-12 6:05,1.4302255
2022-09-12 6:10,1.4227378
2022-09-12 6:15,1.4264811
2022-09-12 6:20,1.4227378
2022-09-12 6:25,1.4302255
2022-09-12 6:30,1.415249
2022-09-12 6:35,1.4264811
2022-09-12 6:40,1.4227378
2022-09-12 6:45,1.4227378
2022-09-12 6:50,1.4264811
2022-09-12 6:55,1.4227378
2022-09-12 7:00,1.4302255
2022-09-12 7:05,1.4189934
2022-09-12 7:10,1.4227378
2022-09-12 7:15,1.4227378
2022-09-12 7:20,1.4227378
2022-09-12 7:25,1.4227378
2022-09-12 7:30,1.4227378
2022-09-12 7:35,1.4264811
2022-09-12 7:40,1.4189934
2022-09-12 7:45,1.4227378
2022-09-12 7:50,1.4189934
2022-09-12 7:55,1.4377132
2022-09-12 8:00,1.4302255
2022-09-12 8:05,1.4377132
2022-09-12 8:10,1.4264811
2022-09-12 8:15,1.4189934
2022-09-12 8:20,1.4302255
2022-09-12 8:25,1.4264811
2022-09-12 8:30,1.415249
2022-09-12 8:35,1.4302255
2022-09-12 8:40,1.4264811
2022-09-12 8:45,1.4227378
2022-09-12 8:50,1.415249
2022-09-12 8:55,1.415249
2022-09-12 9:00,1.4227378
2022-09-12 9:05,1.4264811
2022-09-12 9:10,1.4264811
2022-09-12 9:15,1.4302255
2022-09-12 9:20,1.4264811
2022-09-12 9:25,1.4264811
2022-09-12 9:30,1.4189934
2022-09-12 9:35,1.4189934
2022-09-12 9:40,1.4264811
2022-09-12 9:45,1.4264811
2022-09-12 9:50,1.4264811
2022-09-12 9:55,1.4302255
2022-09-12 10:00,1.4264811
2022-09-12 10:05,1.4264811
2022-09-12 10:10,1.4227378
2022-09-12 10:15,1.4302255
2022-09-12 10:20,1.4302255
2022-09-12 10:25,1.4189934
2022-09-12 10:30,1.4227378
2022-09-12 10:35,1.415249
2022-09-12 10:40,1.4227378
2022-09-12 10:45,1.4264811
2022-09-12 10:50,1.4264811
2022-09-12 10:55,1.4264811
2022-09-12 11:00,1.4227378
2022-09-12 11:05,1.4189934
2022-09-12 11:10,1.4227378
2022-09-12 11:15,1.415249
2022-09-12 11:20,1.4115046
2022-09-12 11:25,1.4227378
2022-09-12 11:30,1.4189934
2022-09-12 11:35,1.415249
2022-09-12 11:40,1.4264811
2022-09-12 11:45,1.4339688
2022-09-12 11:50,1.4227378
2022-09-12 11:55,1.4189934
2022-09-12 12:00,1.4115046
2022-09-12 12:05,1.4264811
2022-09-12 12:10,1.4264811
2022-09-12 12:15,1.4264811
2022-09-12 12:20,1.4227378
2022-09-12 12:25,1.415249
2022-09-12 12:30,1.4227378
2022-09-12 12:35,1.4264811
2022-09-12 12:40,1.4227378
2022-09-12 12:45,1.4227378
2022-09-12 12:50,1.4189934
2022-09-12 12:55,1.4264811
2022-09-12 13:00,1.4227378
2022-09-12 13:05,1.4227378
2022-09-12 13:10,1.4189934
2022-09-12 13:15,1.4264811
2022-09-12 13:20,1.4189934
2022-09-12 13:25,1.4264811
2022-09-12 13:30,1.4189934
2022-09-12 13:35,1.4227378
2022-09-12 13:40,1.4189934
2022-09-12 13:45,1.4227378
2022-09-12 13:50,1.4227378
2022-09-12 13:55,1.4189934
2022-09-12 14:00,1.4115046
2022-09-12 14:05,1.4227378
2022-09-12 14:10,1.415249
2022-09-12 14:15,1.415249
2022-09-12 14:20,1.4264811
2022-09-12 14:25,1.4264811
2022-09-12 14:30,1.4302255
2022-09-12 14:35,1.415249
2022-09-12 14:40,1.4302255
2022-09-12 14:45,1.4189934
2022-09-12 14:50,1.4264811
2022-09-12 14:55,1.4189934
2022-09-12 15:00,1.4189934
2022-09-12 15:05,1.4189934
2022-09-12 15:10,1.4189934
2022-09-12 15:15,1.415249
2022-09-12 15:20,1.4264811
2022-09-12 15:25,1.4302255
2022-09-12 15:30,1.4264811
2022-09-12 15:35,1.4264811
2022-09-12 15:40,1.415249
2022-09-12 15:45,1.4339688
2022-09-12 15:50,1.4227378
2022-09-12 15:55,1.4227378
2022-09-12 16:00,1.4264811
2022-09-12 16:05,1.4264811
2022-09-12 16:10,1.415249
2022-09-12 16:15,1.4189934
2022-09-12 16:20,1.4302255
2022-09-12 16:25,1.4189934
2022-09-12 16:30,1.4302255
2022-09-12 16:35,1.4189934
2022-09-12 16:40,1.4189934
2022-09-12 16:45,1.4264811
2022-09-12 16:50,1.4189934
2022-09-12 16:55,1.4189934
2022-09-12 17:00,1.4264811
2022-09-12 17:05,1.4227378
2022-09-12 17:10,1.4264811
2022-09-12 17:15,1.415249
2022-09-12 17:20,1.4189934
2022-09-12 17:25,1.4302255
2022-09-12 17:30,1.4227378
2022-09-12 17:35,1.4227378
2022-09-12 17:40,1.4227378
2022-09-12 17:45,1.4227378
2022-09-12 17:50,1.4264811
2022-09-12 17:55,1.4189934
2022-09-12 18:00,1.4227378
2022-09-12 18:05,1.4414576
2022-09-12 18:10,1.4414576
2022-09-12 18:15,1.4414576
2022-09-12 18:20,1.4489453
2022-09-12 18:25,1.4377132
2022-09-12 18:30,1.4526897
2022-09-12 18:35,1.4526897
2022-09-12 18:40,1.4489453
2022-09-12 18:45,1.4377132
2022-09-12 18:50,1.4489453
2022-09-12 18:55,1.4339688
2022-09-12 19:00,1.4526897
2022-09-12 19:05,1.4489453
2022-09-12 19:10,1.4489453
2022-09-12 19:15,1.4414576
2022-09-12 19:20,1.4339688
2022-09-12 19:25,1.456433
2022-09-12 19:30,1.4526897
2022-09-12 19:35,1.4414576
2022-09-12 19:40,1.4489453
2022-09-12 19:45,1.4452009
2022-09-12 19:50,1.4489453
2022-09-12 19:55,1.4452009
2022-09-12 20:00,1.4452009
2022-09-12 20:05,1.4377132
2022-09-12 20:10,1.4452009
2022-09-12 20:15,1.4526897
2022-09-12 20:20,1.4489453
2022-09-12 20:25,1.4452009
2022-09-12 20:30,1.456433
2022-09-12 20:35,1.4526897
2022-09-12 20:40,1.4526897
2022-09-12 20:45,1.4414576
2022-09-12 20:50,1.4414576
2022-09-12 20:55,1.4489453
2022-09-12 21:00,1.4377132
2022-09-12 21:05,1.4452009
2022-09-12 21:10,1.4414576
2022-09-12 21:15,1.4526897
2022-09-12 21:20,1.4414576
2022-09-12 21:25,1.4489453
2022-09-12 21:30,1.4414576
2022-09-12 21:35,1.4489453
2022-09-12 21:40,1.4414576
2022-09-12 21:45,1.4452009
2022-09-12 21:50,1.4339688
2022-09-12 21:55,1.4526897
2022-09-12 22:00,1.4377132
2022-09-12 22:05,1.4489453
2022-09-12 22:10,1.4414576
2022-09-12 22:15,1.4339688
2022-09-12 22:20,1.4526897
2022-09-12 22:25,1.4452009
2022-09-12 22:30,1.4452009
2022-09-12 22:35,1.4526897
2022-09-12 22:40,1.4414576
2022-09-12 22:45,1.4377132
2022-09-12 22:50,1.456433
2022-09-12 22:55,1.4377132
2022-09-12 23:00,1.4452009
2022-09-12 23:05,1.4452009
2022-09-12 23:10,1.4452009
2022-09-12 23:15,1.4414576
2022-09-12 23:20,1.4377132
2022-09-12 23:25,1.4526897
2022-09-12 23:30,1.4489453
2022-09-12 23:35,1.4489453
2022-09-12 23:40,1.4489453
2022-09-12 23:45,1.4489453
2022-09-12 23:50,1.4452009
2022-09-12 23:55,1.4526897
2022-09-13 0:00,1.4452009
2022-09-13 0:05,1.4526897
2022-09-13 0:10,1.4414576
2022-09-13 0:15,1.4414576
2022-09-13 0:20,1.4414576
2022-09-13 0:25,1.4452009
2022-09-13 0:30,1.4489453
2022-09-13 0:35,1.4414576
2022-09-13 0:40,1.4526897
2022-09-13 0:45,1.4452009
2022-09-13 0:50,1.4489453
2022-09-13 0:55,1.4489453
2022-09-13 1:00,1.4377132
2022-09-13 1:05,1.4489453
2022-09-13 1:10,1.4526897
2022-09-13 1:15,1.4377132
2022-09-13 1:20,1.4489453
2022-09-13 1:25,1.4452009
2022-09-13 1:30,1.4489453
2022-09-13 1:35,1.4414576
2022-09-13 1:40,1.4452009
2022-09-13 1:45,1.4489453
2022-09-13 1:50,1.4414576
2022-09-13 1:55,1.4452009
2022-09-13 2:00,1.4377132
2022-09-13 2:05,1.4414576
2022-09-13 2:10,1.4339688
2022-09-13 2:15,1.4377132
2022-09-13 2:20,1.4489453
2022-09-13 2:25,1.4452009
2022-09-13 2:30,1.4414576
2022-09-13 2:35,1.4414576
2022-09-13 2:40,1.4377132
2022-09-13 2:45,1.4526897
2022-09-13 2:50,1.4452009
2022-09-13 2:55,1.4377132
2022-09-13 3:00,1.4377132
2022-09-13 3:05,1.4414576
2022-09-13 3:10,1.456433
2022-09-13 3:15,1.4526897
2022-09-13 3:20,1.4489453
2022-09-13 3:25,1.4414576
2022-09-13 3:30,1.4489453
2022-09-13 3:35,1.4489453
2022-09-13 3:40,1.4526897
2022-09-13 3:45,1.4489453
2022-09-13 3:50,1.456433
2022-09-13 3:55,1.4489453
2022-09-13 4:00,1.4489453
2022-09-13 4:05,1.4489453
2022-09-13 4:10,1.4414576
2022-09-13 4:15,1.4377132
2022-09-13 4:20,1.456433
2022-09-13 4:25,1.4339688
2022-09-13 4:30,1.4377132
2022-09-13 4:35,1.456433
2022-09-13 4:40,1.4414576
2022-09-13 4:45,1.4489453
2022-09-13 4:50,1.4414576
2022-09-13 4:55,1.4414576
2022-09-13 5:00,1.456433
2022-09-13 5:05,1.4414576
2022-09-13 5:10,1.4489453
2022-09-13 5:15,1.4452009
2022-09-13 5:20,1.4489453
2022-09-13 5:25,1.456433
2022-09-13 5:30,1.4414576
2022-09-13 5:35,1.4489453
2022-09-13 5:40,1.4526897
2022-09-13 5:45,1.4414576
2022-09-13 5:50,1.456433
2022-09-13 5:55,1.456433
2022-09-13 6:00,1.4414576
2022-09-13 6:05,1.4526897
2022-09-13 6:10,1.4414576
2022-09-13 6:15,1.4452009
2022-09-13 6:20,1.4377132
2022-09-13 6:25,1.4489453
2022-09-13 6:30,1.456433
2022-09-13 6:35,1.4526897
2022-09-13 6:40,1.4452009
2022-09-13 6:45,1.4452009
2022-09-13 6:50,1.4526897
2022-09-13 6:55,1.4414576
2022-09-13 7:00,1.456433
2022-09-13 7:05,1.456433
2022-09-13 7:10,1.4489453
2022-09-13 7:15,1.4526897
2022-09-13 7:20,1.456433
2022-09-13 7:25,1.456433
2022-09-13 7:30,1.4452009
2022-09-13 7:35,1.4414576
2022-09-13 7:40,1.456433
2022-09-13 7:45,1.4489453
2022-09-13 7:50,1.456433
2022-09-13 7:55,1.456433
2022-09-13 8:00,1.4452009
2022-09-13 8:05,1.4452009
2022-09-13 8:10,1.4489453
2022-09-13 8:15,1.456433
2022-09-13 8:20,1.4377132
2022-09-13 8:25,1.456433
2022-09-13 8:30,1.4414576
2022-09-13 8:35,1.4452009
2022-09-13 8:40,1.4489453
2022-09-13 8:45,1.4489453
2022-09-13 8:50,1.4526897
2022-09-13 8:55,1.4414576
2022-09-13 9:00,1.4489453
2022-09-13 9:05,1.4489453
2022-09-13 9:10,1.4414576
2022-09-13 9:15,1.4489453
2022-09-13 9:20,1.4339688
2022-09-13 9:25,1.4377132
2022-09-13 9:30,1.4377132
2022-09-13 9:35,1.4489453
2022-09-13 9:40,1.4377132
2022-09-13 9:45,1.456433
2022-09-13 9:50,1.4452009
2022-09-13 9:55,1.4452009
2022-09-13 10:00,1.4489453
2022-09-13 10:05,1.4452009
2022-09-13 10:10,1.4526897
2022-09-13 10:15,1.4414576
2022-09-13 10:20,1.4414576
2022-09-13 10:25,1.4452009
2022-09-13 10:30,1.4526897
2022-09-13 10:35,1.4452009
2022-09-13 10:40,1.4452009
2022-09-13 10:45,1.4452009
2022-09-13 10:50,1.4601774
2022-09-13 10:55,1.456433
2022-09-13 11:00,1.4489453
2022-09-13 11:05,1.456433
2022-09-13 11:10,1.4601774
2022-09-13 11:15,1.4489453
2022-09-13 11:20,1.4489453
2022-09-13 11:25,1.4826416
2022-09-13 11:30,1.4676662
2022-09-13 11:35,1.4751539
2022-09-13 11:40,1.4751539
2022-09-13 11:45,1.4601774
2022-09-13 11:50,1.4714095
2022-09-13 11:55,1.4639218
2022-09-13 12:00,1.4676662
2022-09-13 12:05,1.4751539
2022-09-13 12:10,1.4639218
2022-09-13 12:15,1.4751539
2022-09-13 12:20,1.4714095
2022-09-13 12:25,1.4714095
2022-09-13 12:30,1.4601774
2022-09-13 12:35,1.4639218
2022-09-13 12:40,1.4714095
2022-09-13 12:45,1.4826416
2022-09-13 12:50,1.4788972
2022-09-13 12:55,1.4788972
2022-09-13 13:00,1.4863849
2022-09-13 13:05,1.4788972
2022-09-13 13:10,1.4901293
2022-09-13 13:15,1.4863849
2022-09-13 13:20,1.4788972
2022-09-13 13:25,1.4788972
2022-09-13 13:30,1.4788972
2022-09-13 13:35,1.4826416
2022-09-13 13:40,1.4751539
2022-09-13 13:45,1.4751539
2022-09-13 13:50,1.4751539
2022-09-13 13:55,1.4863849
2022-09-13 14:00,1.4826416
2022-09-13 14:05,1.4788972
2022-09-13 14:10,1.4863849
2022-09-13 14:15,1.4788972
2022-09-13 14:20,1.4751539
2022-09-13 14:25,1.4826416
2022-09-13 14:30,1.4788972
2022-09-13 14:35,1.4714095
2022-09-13 14:40,1.4788972
2022-09-13 14:45,1.4826416
2022-09-13 14:50,1.4751539
2022-09-13 14:55,1.4788972
2022-09-13 15:00,1.4751539
2022-09-13 15:05,1.4751539
2022-09-13 15:10,1.4751539
2022-09-13 15:15,1.4826416
2022-09-13 15:20,1.4826416
2022-09-13 15:25,1.4863849
2022-09-13 15:30,1.4751539
2022-09-13 15:35,1.4863849
2022-09-13 15:40,1.4901293
2022-09-13 15:45,1.4826416
2022-09-13 15:50,1.4826416
2022-09-13 15:55,1.4938737
2022-09-13 16:00,1.4863849
2022-09-13 16:05,1.4938737
2022-09-13 16:10,1.4976181
2022-09-13 16:15,1.4826416
2022-09-13 16:20,1.4788972
2022-09-13 16:25,1.4826416
2022-09-13 16:30,1.4788972
2022-09-13 16:35,1.4826416
2022-09-13 16:40,1.4938737
2022-09-13 16:45,1.4863849
2022-09-13 16:50,1.4863849
2022-09-13 16:55,1.4938737
2022-09-13 17:00,1.4863849
2022-09-13 17:05,1.4788972
2022-09-13 17:10,1.4938737
2022-09-13 17:15,1.4788972
2022-09-13 17:20,1.4901293
2022-09-13 17:25,1.4826416
2022-09-13 17:30,1.4863849
2022-09-13 17:35,1.4788972
2022-09-13 17:40,1.4863849
2022-09-13 17:45,1.4938737
2022-09-13 17:50,1.4826416
2022-09-13 17:55,1.4826416
2022-09-13 18:00,1.4826416
2022-09-13 18:05,1.4863849
2022-09-13 18:10,1.4863849
2022-09-13 18:15,1.4826416
2022-09-13 18:20,1.4938737
2022-09-13 18:25,1.4751539
2022-09-13 18:30,1.4788972
2022-09-13 18:35,1.4938737
2022-09-13 18:40,1.4863849
2022-09-13 18:45,1.4901293
2022-09-13 18:50,1.4863849
2022-09-13 18:55,1.4938737
2022-09-13 19:00,1.4863849
2022-09-13 19:05,1.4863849
2022-09-13 19:10,1.4901293
2022-09-13 19:15,1.4976181
2022-09-13 19:20,1.4826416
2022-09-13 19:25,1.4901293
2022-09-13 19:30,1.4976181
2022-09-13 19:35,1.4938737
2022-09-13 19:40,1.4863849
2022-09-13 19:45,1.4863849
2022-09-13 19:50,1.4788972
2022-09-13 19:55,1.4788972
2022-09-13 20:00,1.4901293
2022-09-13 20:05,1.4826416
2022-09-13 20:10,1.4863849
2022-09-13 20:15,1.4826416
2022-09-13 20:20,1.4938737
2022-09-13 20:25,1.4788972
2022-09-13 20:30,1.4788972
2022-09-13 20:35,1.4788972
2022-09-13 20:40,1.4826416
2022-09-13 20:45,1.4901293
2022-09-13 20:50,1.4901293
2022-09-13 20:55,1.4863849
2022-09-13 21:00,1.4863849
2022-09-13 21:05,1.4826416
2022-09-13 21:10,1.4901293
2022-09-13 21:15,1.4788972
2022-09-13 21:20,1.4826416
2022-09-13 21:25,1.4901293
2022-09-13 21:30,1.4938737
2022-09-13 21:35,1.4863849
2022-09-13 21:40,1.4788972
2022-09-13 21:45,1.4863849
2022-09-13 21:50,1.4938737
2022-09-13 21:55,1.4976181
2022-09-13 22:00,1.4788972
2022-09-13 22:05,1.4901293
2022-09-13 22:10,1.4826416
2022-09-13 22:15,1.4788972
2022-09-13 22:20,1.4901293
2022-09-13 22:25,1.4938737
2022-09-13 22:30,1.4863849
2022-09-13 22:35,1.4863849
2022-09-13 22:40,1.4826416
2022-09-13 22:45,1.4788972
2022-09-13 22:50,1.4788972
2022-09-13 22:55,1.4863849
2022-09-13 23:00,1.4901293
2022-09-13 23:05,1.4788972
2022-09-13 23:10,1.4938737
2022-09-13 23:15,1.4863849
2022-09-13 23:20,1.4938737
2022-09-13 23:25,1.4788972
2022-09-13 23:30,1.4863849
2022-09-13 23:35,1.4863849
2022-09-13 23:40,1.4976181
2022-09-13 23:45,1.4901293
2022-09-13 23:50,1.4863849
2022-09-13 23:55,1.4826416
2022-09-14 0:00,1.4901293
2022-09-14 0:05,1.4938737
2022-09-14 0:10,1.4826416
2022-09-14 0:15,1.4826416
2022-09-14 0:20,1.4938737
2022-09-14 0:25,1.4901293
2022-09-14 0:30,1.4863849
2022-09-14 0:35,1.4826416
2022-09-14 0:40,1.4863849
2022-09-14 0:45,1.4788972
2022-09-14 0:50,1.4826416
2022-09-14 0:55,1.4826416
2022-09-14 1:00,1.4788972
2022-09-14 1:05,1.4938737
2022-09-14 1:10,1.4788972
2022-09-14 1:15,1.4863849
2022-09-14 1:20,1.4901293
2022-09-14 1:25,1.4826416
2022-09-14 1:30,1.4901293
2022-09-14 1:35,1.4863849
2022-09-14 1:40,1.4826416
2022-09-14 1:45,1.4901293
2022-09-14 1:50,1.4901293
2022-09-14 1:55,1.4863849
2022-09-14 2:00,1.4863849
2022-09-14 2:05,1.4863849
2022-09-14 2:10,1.4788972
2022-09-14 2:15,1.4863849
2022-09-14 2:20,1.4901293
2022-09-14 2:25,1.4788972
2022-09-14 2:30,1.4863849
2022-09-14 2:35,1.4788972
2022-09-14 2:40,1.4826416
2022-09-14 2:45,1.4826416
2022-09-14 2:50,1.4826416
2022-09-14 2:55,1.4901293
2022-09-14 3:00,1.4863849
2022-09-14 3:05,1.4938737
2022-09-14 3:10,1.4938737
2022-09-14 3:15,1.4976181
2022-09-14 3:20,1.4901293
2022-09-14 3:25,1.4901293
2022-09-14 3:30,1.4901293
2022-09-14 3:35,1.4863849
2022-09-14 3:40,1.4901293
2022-09-14 3:45,1.4938737
2022-09-14 3:50,1.4863849
2022-09-14 3:55,1.4901293
2022-09-14 4:00,1.4826416
2022-09-14 4:05,1.4863849
2022-09-14 4:10,1.4976181
2022-09-14 4:15,1.4788972
2022-09-14 4:20,1.4976181
2022-09-14 4:25,1.5013625
2022-09-14 4:30,1.4938737
2022-09-14 4:35,1.4863849
2022-09-14 4:40,1.4901293
2022-09-14 4:45,1.4863849
2022-09-14 4:50,1.4976181
2022-09-14 4:55,1.4826416
2022-09-14 5:00,1.4938737
2022-09-14 5:05,1.5013625
2022-09-14 5:10,1.4788972
2022-09-14 5:15,1.4826416
2022-09-14 5:20,1.4863849
2022-09-14 5:25,1.4863849
2022-09-14 5:30,1.4863849
2022-09-14 5:35,1.4901293
2022-09-14 5:40,1.4901293
2022-09-14 5:45,1.4826416
2022-09-14 5:50,1.4901293
2022-09-14 5:55,1.4938737
2022-09-14 6:00,1.4826416
2022-09-14 6:05,1.4901293
2022-09-14 6:10,1.4901293
2022-09-14 6:15,1.4863849
2022-09-14 6:20,1.5013625
2022-09-14 6:25,1.4901293
2022-09-14 6:30,1.4788972
2022-09-14 6:35,1.4826416
2022-09-14 6:40,1.4938737
2022-09-14 6:45,1.4901293
2022-09-14 6:50,1.4938737
2022-09-14 6:55,1.4863849
2022-09-14 7:00,1.4901293
2022-09-14 7:05,1.4863849
2022-09-14 7:10,1.4901293
2022-09-14 7:15,1.4751539
2022-09-14 7:20,1.4826416
2022-09-14 7:25,1.4901293
2022-09-14 7:30,1.4863849
2022-09-14 7:35,1.4938737
2022-09-14 7:40,1.4901293
2022-09-14 7:45,1.4938737
2022-09-14 7:50,1.4901293
2022-09-14 7:55,1.4826416
2022-09-14 8:00,1.4901293
2022-09-14 8:05,1.4901293
2022-09-14 8:10,1.4863849
2022-09-14 8:15,1.4826416
2022-09-14 8:20,1.4901293
2022-09-14 8:25,1.4901293
2022-09-14 8:30,1.4938737
2022-09-14 8:35,1.4826416
2022-09-14 8:40,1.4826416
2022-09-14 8:45,1.4938737
2022-09-14 8:50,1.5163379
2022-09-14 8:55,1.5125946
2022-09-14 9:00,1.5125946
2022-09-14 9:05,1.5088502
2022-09-14 9:10,1.5238256
2022-09-14 9:15,1.5163379
2022-09-14 9:20,1.5238256
2022-09-14 9:25,1.5238256
2022-09-14 9:30,1.5238256
2022-09-14 9:35,1.5200823
2022-09-14 9:40,1.5388021
2022-09-14 9:45,1.5462909
2022-09-14 9:50,1.5500342
2022-09-14 9:55,1.5500342
2022-09-14 10:00,1.5462909
2022-09-14 10:05,1.5462909
2022-09-14 10:10,1.5500342
2022-09-14 10:15,1.5388021
2022-09-14 10:20,1.5388021
2022-09-14 10:25,1.5462909
2022-09-14 10:30,1.5425465
2022-09-14 10:35,1.5388021
2022-09-14 10:40,1.5537786
2022-09-14 10:45,1.5462909
2022-09-14 10:50,1.5462909
2022-09-14 10:55,1.5537786
2022-09-14 11:00,1.5500342
2022-09-14 11:05,1.5425465
2022-09-14 11:10,1.557523
2022-09-14 11:15,1.5500342
2022-09-14 11:20,1.5462909
2022-09-14 11:25,1.5500342
2022-09-14 11:30,1.557523
2022-09-14 11:35,1.5425465
2022-09-14 11:40,1.5425465
2022-09-14 11:45,1.5500342
2022-09-14 11:50,1.557523
2022-09-14 11:55,1.5425465
2022-09-14 12:00,1.5500342
2022-09-14 12:05,1.5425465
2022-09-14 12:10,1.5425465
2022-09-14 12:15,1.5388021
2022-09-14 12:20,1.5537786
2022-09-14 12:25,1.5462909
2022-09-14 12:30,1.5462909
2022-09-14 12:35,1.5462909
2022-09-14 12:40,1.5537786
2022-09-14 12:45,1.5462909
2022-09-14 12:50,1.5350577
2022-09-14 12:55,1.5462909
2022-09-14 13:00,1.5350577
2022-09-14 13:05,1.5388021
2022-09-14 13:10,1.5462909
2022-09-14 13:15,1.5462909
2022-09-14 13:20,1.5462909
2022-09-14 13:25,1.5537786
2022-09-14 13:30,1.5425465
2022-09-14 13:35,1.5350577
2022-09-14 13:40,1.5500342
2022-09-14 13:45,1.5425465
2022-09-14 13:50,1.5425465
2022-09-14 13:55,1.5500342
2022-09-14 14:00,1.5388021
2022-09-14 14:05,1.5462909
2022-09-14 14:10,1.5462909
2022-09-14 14:15,1.5462909
2022-09-14 14:20,1.5500342
2022-09-14 14:25,1.5425465
2022-09-14 14:30,1.5350577
2022-09-14 14:35,1.5350577
2022-09-14 14:40,1.5425465
2022-09-14 14:45,1.5462909
2022-09-14 14:50,1.5537786
2022-09-14 14:55,1.5425465
2022-09-14 15:00,1.5388021
2022-09-14 15:05,1.5537786
2022-09-14 15:10,1.5462909
2022-09-14 15:15,1.5462909
2022-09-14 15:20,1.5350577
2022-09-14 15:25,1.5462909
2022-09-14 15:30,1.5650107
2022-09-14 15:35,1.5650107
2022-09-14 15:40,1.5650107
2022-09-14 15:45,1.5612663
2022-09-14 15:50,1.5537786
2022-09-14 15:55,1.5612663
2022-09-14 16:00,1.557523
2022-09-14 16:05,1.5537786
2022-09-14 16:10,1.557523
2022-09-14 16:15,1.557523
2022-09-14 16:20,1.5612663
2022-09-14 16:25,1.5650107
2022-09-14 16:30,1.5537786
2022-09-14 16:35,1.557523
2022-09-14 16:40,1.5500342
2022-09-14 16:45,1.5612663
2022-09-14 16:50,1.557523
2022-09-14 16:55,1.5500342
2022-09-14 17:00,1.557523
2022-09-14 17:05,1.5537786
2022-09-14 17:10,1.5612663
2022-09-14 17:15,1.5650107
2022-09-14 17:20,1.5650107
2022-09-14 17:25,1.5650107
2022-09-14 17:30,1.557523
2022-09-14 17:35,1.5537786
2022-09-14 17:40,1.5612663
2022-09-14 17:45,1.5537786
2022-09-14 17:50,1.5537786
2022-09-14 17:55,1.557523
2022-09-14 18:00,1.5650107
2022-09-14 18:05,1.5650107
2022-09-14 18:10,1.557523
2022-09-14 18:15,1.5537786
2022-09-14 18:20,1.568754
2022-09-14 18:25,1.5650107
2022-09-14 18:30,1.5650107
2022-09-14 18:35,1.5724984
2022-09-14 18:40,1.557523
2022-09-14 18:45,1.557523
2022-09-14 18:50,1.5650107
2022-09-14 18:55,1.5537786
2022-09-14 19:00,1.5612663
2022-09-14 19:05,1.5500342
2022-09-14 19:10,1.5537786
2022-09-14 19:15,1.5650107
2022-09-14 19:20,1.5612663
2022-09-14 19:25,1.5500342
2022-09-14 19:30,1.5612663
2022-09-14 19:35,1.5612663
2022-09-14 19:40,1.557523
2022-09-14 19:45,1.5462909
2022-09-14 19:50,1.557523
2022-09-14 19:55,1.5537786
2022-09-14 20:00,1.5500342
2022-09-14 20:05,1.5500342
2022-09-14 20:10,1.557523
2022-09-14 20:15,1.5537786
2022-09-14 20:20,1.5612663
2022-09-14 20:25,1.5612663
2022-09-14 20:30,1.5537786
2022-09-14 20:35,1.557523
2022-09-14 20:40,1.5500342
2022-09-14 20:45,1.557523
2022-09-14 20:50,1.557523
2022-09-14 20:55,1.5537786
2022-09-14 21:00,1.5537786
2022-09-14 21:05,1.557523
2022-09-14 21:10,1.5500342
2022-09-14 21:15,1.5612663
2022-09-14 21:20,1.5650107
2022-09-14 21:25,1.557523
2022-09-14 21:30,1.5500342
2022-09-14 21:35,1.5500342
2022-09-14 21:40,1.5612663
2022-09-14 21:45,1.557523
2022-09-14 21:50,1.5612663
2022-09-14 21:55,1.5650107
2022-09-14 22:00,1.5537786
2022-09-14 22:05,1.5537786
2022-09-14 22:10,1.5612663
2022-09-14 22:15,1.5537786
2022-09-14 22:20,1.557523
2022-09-14 22:25,1.5500342
2022-09-14 22:30,1.5500342
2022-09-14 22:35,1.5650107
2022-09-14 22:40,1.5537786
2022-09-14 22:45,1.5612663
2022-09-14 22:50,1.557523
2022-09-14 22:55,1.5500342
2022-09-14 23:00,1.5500342
2022-09-14 23:05,1.5537786
2022-09-14 23:10,1.557523
2022-09-14 23:15,1.5612663
2022-09-14 23:20,1.5537786
2022-09-14 23:25,1.5612663
2022-09-14 23:30,1.5537786
2022-09-14 23:35,1.557523
2022-09-14 23:40,1.5537786
2022-09-14 23:45,1.5612663
2022-09-14 23:50,1.5537786
2022-09-14 23:55,1.5537786
2022-09-15 0:00,1.5500342
2022-09-15 0:05,1.5612663
2022-09-15 0:10,1.5537786
2022-09-15 0:15,1.557523
2022-09-15 0:20,1.5612663
2022-09-15 0:25,1.5650107
2022-09-15 0:30,1.5650107
2022-09-15 0:35,1.5612663
2022-09-15 0:40,1.5537786
2022-09-15 0:45,1.5650107
2022-09-15 0:50,1.5537786
2022-09-15 0:55,1.5500342
2022-09-15 1:00,1.557523
2022-09-15 1:05,1.557523
2022-09-15 1:10,1.5537786
2022-09-15 1:15,1.5650107
2022-09-15 1:20,1.5612663
2022-09-15 1:25,1.5500342
2022-09-15 1:30,1.5500342
2022-09-15 1:35,1.5500342
2022-09-15 1:40,1.5500342
2022-09-15 1:45,1.557523
2022-09-15 1:50,1.5612663
2022-09-15 1:55,1.5500342
2022-09-15 2:00,1.5537786
2022-09-15 2:05,1.5650107
2022-09-15 2:10,1.557523
2022-09-15 2:15,1.557523
2022-09-15 2:20,1.5612663
2022-09-15 2:25,1.5537786
2022-09-15 2:30,1.5650107
2022-09-15 2:35,1.5650107
2022-09-15 2:40,1.5537786
2022-09-15 2:45,1.5537786
2022-09-15 2:50,1.5650107
2022-09-15 2:55,1.557523
2022-09-15 3:00,1.5537786
2022-09-15 3:05,1.557523
2022-09-15 3:10,1.5612663
2022-09-15 3:15,1.5537786
2022-09-15 3:20,1.5650107
2022-09-15 3:25,1.5537786
2022-09-15 3:30,1.5612663
2022-09-15 3:35,1.5537786
2022-09-15 3:40,1.557523
2022-09-15 3:45,1.5612663
2022-09-15 3:50,1.5612663
2022-09-15 3:55,1.5500342
2022-09-15 4:00,1.5650107
2022-09-15 4:05,1.5612663
2022-09-15 4:10,1.557523
2022-09-15 4:15,1.557523
2022-09-15 4:20,1.5650107
2022-09-15 4:25,1.5537786
2022-09-15 4:30,1.5650107
2022-09-15 4:35,1.5537786
2022-09-15 4:40,1.5537786
2022-09-15 4:45,1.557523
2022-09-15 4:50,1.5537786
2022-09-15 4:55,1.557523
2022-09-15 5:00,1.5650107
2022-09-15 5:05,1.5612663
2022-09-15 5:10,1.5650107
2022-09-15 5:15,1.568754
2022-09-15 5:20,1.5537786
2022-09-15 5:25,1.5650107
2022-09-15 5:30,1.5650107
2022-09-15 5:35,1.557523
2022-09-15 5:40,1.5650107
2022-09-15 5:45,1.5612663
2022-09-15 5:50,1.557523
2022-09-15 5:55,1.5537786
2022-09-15 6:00,1.5650107
2022-09-15 6:05,1.5650107
2022-09-15 6:10,1.5537786
2022-09-15 6:15,1.557523
2022-09-15 6:20,1.568754
2022-09-15 6:25,1.557523
2022-09-15 6:30,1.5537786
2022-09-15 6:35,1.5500342
2022-09-15 6:40,1.5612663
2022-09-15 6:45,1.557523
2022-09-15 6:50,1.5650107
2022-09-15 6:55,1.5500342
2022-09-15 7:00,1.557523
2022-09-15 7:05,1.557523
2022-09-15 7:10,1.5724984
2022-09-15 7:15,1.5724984
2022-09-15 7:20,1.5799872
2022-09-15 7:25,1.5724984
2022-09-15 7:30,1.568754
2022-09-15 7:35,1.5837316
2022-09-15 7:40,1.5762428
2022-09-15 7:45,1.5724984
2022-09-15 7:50,1.568754
2022-09-15 7:55,1.5650107
2022-09-15 8:00,1.5762428
2022-09-15 8:05,1.5799872
2022-09-15 8:10,1.5762428
2022-09-15 8:15,1.5762428
2022-09-15 8:20,1.6061947
2022-09-15 8:25,1.6024514
2022-09-15 8:30,1.5949626
2022-09-15 8:35,1.6099391
2022-09-15 8:40,1.5949626
2022-09-15 8:45,1.598707
2022-09-15 8:50,1.6024514
2022-09-15 8:55,1.6099391
2022-09-15 9:00,1.6099391
2022-09-15 9:05,1.598707
2022-09-15 9:10,1.5949626
2022-09-15 9:15,1.598707
2022-09-15 9:20,1.6024514
2022-09-15 9:25,1.6024514
2022-09-15 9:30,1.6061947
2022-09-15 9:35,1.6099391
2022-09-15 9:40,1.6024514
2022-09-15 9:45,1.598707
2022-09-15 9:50,1.5949626
2022-09-15 9:55,1.5949626
2022-09-15 10:00,1.5912193
2022-09-15 10:05,1.6099391
2022-09-15 10:10,1.5912193
2022-09-15 10:15,1.6061947
2022-09-15 10:20,1.6024514
2022-09-15 10:25,1.5912193
2022-09-15 10:30,1.5949626
2022-09-15 10:35,1.598707
2022-09-15 10:40,1.6024514
2022-09-15 10:45,1.6061947
2022-09-15 10:50,1.5949626
2022-09-15 10:55,1.598707
2022-09-15 11:00,1.598707
2022-09-15 11:05,1.6061947
2022-09-15 11:10,1.6061947
2022-09-15 11:15,1.6024514
2022-09-15 11:20,1.598707
2022-09-15 11:25,1.5949626
2022-09-15 11:30,1.598707
2022-09-15 11:35,1.6061947
2022-09-15 11:40,1.6061947
2022-09-15 11:45,1.5874749
2022-09-15 11:50,1.5837316
2022-09-15 11:55,1.598707
2022-09-15 12:00,1.5874749
2022-09-15 12:05,1.6061947
2022-09-15 12:10,1.5912193
2022-09-15 12:15,1.598707
2022-09-15 12:20,1.598707
2022-09-15 12:25,1.598707
2022-09-15 12:30,1.5874749
2022-09-15 12:35,1.5874749
2022-09-15 12:40,1.5912193
2022-09-15 12:45,1.5912193
2022-09-15 12:50,1.5949626
2022-09-15 12:55,1.5912193
2022-09-15 13:00,1.6249156
2022-09-15 13:05,1.6136835
2022-09-15 13:10,1.6136835
2022-09-15 13:15,1.6099391
2022-09-15 13:20,1.6136835
2022-09-15 13:25,1.639891
2022-09-15 13:30,1.6436354
2022-09-15 13:35,1.639891
2022-09-15 13:40,1.6586119
2022-09-15 13:45,1.6623563
2022-09-15 13:50,1.6548675
2022-09-15 13:55,1.6548675
2022-09-15 14:00,1.6848194
2022-09-15 14:05,1.6810761
2022-09-15 14:10,1.6885638
2022-09-15 14:15,1.6885638
2022-09-15 14:20,1.6885638
2022-09-15 14:25,1.6848194
2022-09-15 14:30,1.5388021
2022-09-15 14:35,1.4452009
2022-09-15 14:40,1.4377132
2022-09-15 14:45,1.456433
2022-09-15 14:50,1.4264811
2022-09-15 14:55,1.4377132
2022-09-15 15:00,1.4339688
2022-09-15 15:05,1.4264811
2022-09-15 15:10,1.4302255
2022-09-15 15:15,1.4227378
2022-09-15 15:20,1.4264811
2022-09-15 15:25,1.4264811
2022-09-15 15:30,1.4302255
2022-09-15 15:35,1.4264811
2022-09-15 15:40,1.4264811
2022-09-15 15:45,1.4227378
2022-09-15 15:50,1.4302255
2022-09-15 15:55,1.4264811
2022-09-15 16:00,1.4264811
2022-09-15 16:05,1.415249
2022-09-15 16:10,1.4264811
2022-09-15 16:15,1.415249
2022-09-15 16:20,1.4189934
2022-09-15 16:25,1.4264811
2022-09-15 16:30,1.4189934
2022-09-15 16:35,1.415249
2022-09-15 16:40,1.415249
2022-09-15 16:45,1.4115046
2022-09-15 16:50,1.415249
2022-09-15 16:55,1.4002725
2022-09-15 17:00,1.415249
2022-09-15 17:05,1.4040169
2022-09-15 17:10,1.4002725
2022-09-15 17:15,1.415249
2022-09-15 17:20,1.4040169
2022-09-15 17:25,1.4040169
2022-09-15 17:30,1.5013625
2022-09-15 17:35,1.5125946
2022-09-15 17:40,1.5051058
2022-09-15 17:45,1.5013625
2022-09-15 17:50,1.5088502
2022-09-15 17:55,1.5088502
2022-09-15 18:00,1.5200823
2022-09-15 18:05,1.5088502
2022-09-15 18:10,1.5238256
2022-09-15 18:15,1.5125946
2022-09-15 18:20,1.5238256
2022-09-15 18:25,1.5163379
2022-09-15 18:30,1.5163379
2022-09-15 18:35,1.5200823
2022-09-15 18:40,1.5163379
2022-09-15 18:45,1.52757
2022-09-15 18:50,1.5125946
2022-09-15 18:55,1.5125946
2022-09-15 19:00,1.5163379
2022-09-15 19:05,1.5125946
2022-09-15 19:10,1.5125946
2022-09-15 19:15,1.5200823
2022-09-15 19:20,1.5163379
2022-09-15 19:25,1.5088502
2022-09-15 19:30,1.5163379
2022-09-15 19:35,1.5238256
2022-09-15 19:40,1.5088502
2022-09-15 19:45,1.5238256
2022-09-15 19:50,1.52757
2022-09-15 19:55,1.5200823
2022-09-15 20:00,1.5163379
2022-09-15 20:05,1.5200823
2022-09-15 20:10,1.5088502
2022-09-15 20:15,1.5200823
2022-09-15 20:20,1.5238256
2022-09-15 20:25,1.52757
2022-09-15 20:30,1.5313144
2022-09-15 20:35,1.5088502
2022-09-15 20:40,1.5163379
2022-09-15 20:45,1.5163379
2022-09-15 20:50,1.5163379
2022-09-15 20:55,1.5238256
2022-09-15 21:00,1.52757
2022-09-15 21:05,1.5200823
2022-09-15 21:10,1.5125946
2022-09-15 21:15,1.5313144
2022-09-15 21:20,1.5238256
2022-09-15 21:25,1.5163379
2022-09-15 21:30,1.5238256
2022-09-15 21:35,1.5163379
2022-09-15 21:40,1.5163379
2022-09-15 21:45,1.5200823
2022-09-15 21:50,1.5200823
2022-09-15 21:55,1.5125946
2022-09-15 22:00,1.5200823
2022-09-15 22:05,1.5200823
2022-09-15 22:10,1.5200823
2022-09-15 22:15,1.5125946
2022-09-15 22:20,1.5200823
2022-09-15 22:25,1.5125946
2022-09-15 22:30,1.5125946
2022-09-15 22:35,1.5088502
2022-09-15 22:40,1.5088502
2022-09-15 22:45,1.5238256
2022-09-15 22:50,1.5088502
2022-09-15 22:55,1.5200823
2022-09-15 23:00,1.5200823
2022-09-15 23:05,1.5051058
2022-09-15 23:10,1.5051058
2022-09-15 23:15,1.5163379
2022-09-15 23:20,1.5125946
2022-09-15 23:25,1.5200823
2022-09-15 23:30,1.5088502
2022-09-15 23:35,1.5088502
2022-09-15 23:40,1.5088502
2022-09-15 23:45,1.5163379
2022-09-15 23:50,1.5051058
2022-09-15 23:55,1.5088502
2022-09-16 0:00,1.5163379
2022-09-16 0:05,1.5051058
2022-09-16 0:10,1.5051058
2022-09-16 0:15,1.5125946
2022-09-16 0:20,1.5125946
2022-09-16 0:25,1.5200823
2022-09-16 0:30,1.5163379
2022-09-16 0:35,1.5200823
2022-09-16 0:40,1.5238256
2022-09-16 0:45,1.5200823
2022-09-16 0:50,1.5088502
2022-09-16 0:55,1.5163379
2022-09-16 1:00,1.5125946
2022-09-16 1:05,1.5163379
2022-09-16 1:10,1.5163379
2022-09-16 1:15,1.5088502
2022-09-16 1:20,1.5163379
2022-09-16 1:25,1.5051058
2022-09-16 1:30,1.5200823
2022-09-16 1:35,1.5200823
2022-09-16 1:40,1.5200823
2022-09-16 1:45,1.5125946
2022-09-16 1:50,1.5200823
2022-09-16 1:55,1.5163379
2022-09-16 2:00,1.5125946
2022-09-16 2:05,1.5088502
2022-09-16 2:10,1.5163379
2022-09-16 2:15,1.5088502
2022-09-16 2:20,1.5163379
2022-09-16 2:25,1.5200823
2022-09-16 2:30,1.5163379
2022-09-16 2:35,1.5125946
2022-09-16 2:40,1.5163379
2022-09-16 2:45,1.5088502
2022-09-16 2:50,1.5200823
2022-09-16 2:55,1.5163379
2022-09-16 3:00,1.5051058
2022-09-16 3:05,1.5051058
2022-09-16 3:10,1.5088502
2022-09-16 3:15,1.5088502
2022-09-16 3:20,1.5088502
2022-09-16 3:25,1.5088502
2022-09-16 3:30,1.5088502
2022-09-16 3:35,1.5125946
2022-09-16 3:40,1.5051058
2022-09-16 3:45,1.5125946
2022-09-16 3:50,1.5125946
2022-09-16 3:55,1.5088502
2022-09-16 4:00,1.5088502
2022-09-16 4:05,1.5238256
2022-09-16 4:10,1.5200823
2022-09-16 4:15,1.5238256
2022-09-16 4:20,1.5163379
2022-09-16 4:25,1.5200823
2022-09-16 4:30,1.5163379
2022-09-16 4:35,1.5163379
2022-09-16 4:40,1.5051058
2022-09-16 4:45,1.5163379
2022-09-16 4:50,1.5238256
2022-09-16 4:55,1.5163379
2022-09-16 5:00,1.5088502
2022-09-16 5:05,1.5163379
2022-09-16 5:10,1.5163379
2022-09-16 5:15,1.5163379
2022-09-16 5:20,1.5125946
2022-09-16 5:25,1.5125946
2022-09-16 5:30,1.5163379
2022-09-16 5:35,1.5238256
2022-09-16 5:40,1.5125946
2022-09-16 5:45,1.5238256
2022-09-16 5:50,1.5238256
2022-09-16 5:55,1.5125946
2022-09-16 6:00,1.5088502
2022-09-16 6:05,1.5163379
2022-09-16 6:10,1.5163379
2022-09-16 6:15,1.5163379
2022-09-16 6:20,1.5088502
2022-09-16 6:25,1.5238256
2022-09-16 6:30,1.5200823
2022-09-16 6:35,1.5200823
2022-09-16 6:40,1.5163379
2022-09-16 6:45,1.5125946
2022-09-16 6:50,1.5088502
2022-09-16 6:55,1.5125946
2022-09-16 7:00,1.5125946
2022-09-16 7:05,1.5088502
2022-09-16 7:10,1.5238256
2022-09-16 7:15,1.5163379
2022-09-16 7:20,1.5200823
2022-09-16 7:25,1.5163379
2022-09-16 7:30,1.5313144
2022-09-16 7:35,1.5200823
2022-09-16 7:40,1.5238256
2022-09-16 7:45,1.5238256
2022-09-16 7:50,1.5238256
2022-09-16 7:55,1.52757
2022-09-16 8:00,1.5163379
2022-09-16 8:05,1.5163379
2022-09-16 8:10,1.5200823
2022-09-16 8:15,1.5200823
2022-09-16 8:20,1.5163379
2022-09-16 8:25,1.5163379
2022-09-16 8:30,1.5125946
2022-09-16 8:35,1.5125946
2022-09-16 8:40,1.5125946
2022-09-16 8:45,1.5238256
2022-09-16 8:50,1.5125946
2022-09-16 8:55,1.5163379
2022-09-16 9:00,1.5125946
2022-09-16 9:05,1.5088502
2022-09-16 9:10,1.5163379
2022-09-16 9:15,1.5163379
2022-09-16 9:20,1.5200823
2022-09-16 9:25,1.5163379
2022-09-16 9:30,1.5125946
2022-09-16 9:35,1.5088502
2022-09-16 9:40,1.5163379
2022-09-16 9:45,1.5051058
2022-09-16 9:50,1.5163379
2022-09-16 9:55,1.5051058
2022-09-16 10:00,1.5200823
2022-09-16 10:05,1.5088502
2022-09-16 10:10,1.5125946
2022-09-16 10:15,1.5051058
2022-09-16 10:20,1.5051058
2022-09-16 10:25,1.5125946
2022-09-16 10:30,1.5088502
2022-09-16 10:35,1.5013625
2022-09-16 10:40,1.5088502
2022-09-16 10:45,1.4976181
2022-09-16 10:50,1.4901293
2022-09-16 10:55,1.4826416
2022-09-16 11:00,1.4901293
2022-09-16 11:05,1.4901293
2022-09-16 11:10,1.4863849
2022-09-16 11:15,1.4976181
2022-09-16 11:20,1.4826416
2022-09-16 11:25,1.5013625
2022-09-16 11:30,1.4863849
2022-09-16 11:35,1.4901293
2022-09-16 11:40,1.4938737
2022-09-16 11:45,1.4863849
2022-09-16 11:50,1.4938737
2022-09-16 11:55,1.4938737
2022-09-16 12:00,1.4976181
2022-09-16 12:05,1.4751539
2022-09-16 12:10,1.5051058
2022-09-16 12:15,1.5051058
2022-09-16 12:20,1.5088502
2022-09-16 12:25,1.5013625
2022-09-16 12:30,1.4976181
2022-09-16 12:35,1.4938737
2022-09-16 12:40,1.4938737
2022-09-16 12:45,1.4976181
2022-09-16 12:50,1.5013625
2022-09-16 12:55,1.4901293
2022-09-16 13:00,1.5088502
2022-09-16 13:05,1.5125946
2022-09-16 13:10,1.4863849
2022-09-16 13:15,1.5163379
2022-09-16 13:20,1.5088502
2022-09-16 13:25,1.5088502
2022-09-16 13:30,1.5051058
2022-09-16 13:35,1.5125946
2022-09-16 13:40,1.5125946
2022-09-16 13:45,1.5200823
2022-09-16 13:50,1.5125946
2022-09-16 13:55,1.5163379
2022-09-16 14:00,1.5125946
2022-09-16 14:05,1.5163379
2022-09-16 14:10,1.5163379
2022-09-16 14:15,1.52757
2022-09-16 14:20,1.5313144
2022-09-16 14:25,1.5238256
2022-09-16 14:30,1.5313144
2022-09-16 14:35,1.5163379
2022-09-16 14:40,1.5200823
2022-09-16 14:45,1.5125946
2022-09-16 14:50,1.5088502
2022-09-16 14:55,1.5200823
2022-09-16 15:00,1.5200823
2022-09-16 15:05,1.5238256
2022-09-16 15:10,1.5125946
2022-09-16 15:15,1.5088502
2022-09-16 15:20,1.5051058
2022-09-16 15:25,1.5051058
2022-09-16 15:30,1.5163379
2022-09-16 15:35,1.5163379
2022-09-16 15:40,1.5200823
2022-09-16 15:45,1.5088502
2022-09-16 15:50,1.52757
2022-09-16 15:55,1.5088502
2022-09-16 16:00,1.5088502
2022-09-16 16:05,1.4976181
2022-09-16 16:10,1.5013625
2022-09-16 16:15,1.5051058
2022-09-16 16:20,1.5163379
2022-09-16 16:25,1.5238256
2022-09-16 16:30,1.5650107
2022-09-16 16:35,1.5313144
2022-09-16 16:40,1.5500342
2022-09-16 16:45,1.5388021
2022-09-16 16:50,1.568754
2022-09-16 16:55,1.5799872
2022-09-16 17:00,1.6024514
2022-09-16 17:05,1.598707
2022-09-16 17:10,1.5949626
2022-09-16 17:15,1.6024514
2022-09-16 17:20,1.598707
2022-09-16 17:25,1.5874749
2022-09-16 17:30,1.598707
2022-09-16 17:35,1.6024514
2022-09-16 17:40,1.6061947
2022-09-16 17:45,1.5949626
2022-09-16 17:50,1.598707
2022-09-16 17:55,1.6061947
2022-09-16 18:00,1.6099391
2022-09-16 18:05,1.5949626
2022-09-16 18:10,1.6136835
2022-09-16 18:15,1.6174268
2022-09-16 18:20,1.6024514
2022-09-16 18:25,1.5949626
2022-09-16 18:30,1.5837316
2022-09-16 18:35,1.598707
2022-09-16 18:40,1.598707
2022-09-16 18:45,1.6061947
2022-09-16 18:50,1.5874749
2022-09-16 18:55,1.5874749
2022-09-16 19:00,1.5874749
2022-09-16 19:05,1.5912193
2022-09-16 19:10,1.5949626
2022-09-16 19:15,1.5837316
2022-09-16 19:20,1.5837316
2022-09-16 19:25,1.5837316
2022-09-16 19:30,1.5912193
2022-09-16 19:35,1.5874749
2022-09-16 19:40,1.5837316
2022-09-16 19:45,1.5874749
2022-09-16 19:50,1.5762428
2022-09-16 19:55,1.5762428
2022-09-16 20:00,1.568754
2022-09-16 20:05,1.5762428
2022-09-16 20:10,1.5762428
2022-09-16 20:15,1.5837316
2022-09-16 20:20,1.5837316
2022-09-16 20:25,1.5837316
2022-09-16 20:30,1.5762428
2022-09-16 20:35,1.568754
2022-09-16 20:40,1.5762428
2022-09-16 20:45,1.5762428
2022-09-16 20:50,1.568754
2022-09-16 20:55,1.5799872
2022-09-16 21:00,1.5650107
2022-09-16 21:05,1.5762428
2022-09-16 21:10,1.5650107
2022-09-16 21:15,1.5799872
2022-09-16 21:20,1.5762428
2022-09-16 21:25,1.5612663
2022-09-16 21:30,1.5724984
2022-09-16 21:35,1.5762428
2022-09-16 21:40,1.5612663
2022-09-16 21:45,1.5799872
2022-09-16 21:50,1.5650107
2022-09-16 21:55,1.5650107
2022-09-16 22:00,1.5762428
2022-09-16 22:05,1.5650107
2022-09-16 22:10,1.5799872
2022-09-16 22:15,1.5837316
2022-09-16 22:20,1.5612663
2022-09-16 22:25,1.568754
2022-09-16 22:30,1.5650107
2022-09-16 22:35,1.5762428
2022-09-16 22:40,1.5650107
2022-09-16 22:45,1.557523
2022-09-16 22:50,1.557523
2022-09-16 22:55,1.568754
2022-09-16 23:00,1.5724984
2022-09-16 23:05,1.5650107
2022-09-16 23:10,1.5612663
2022-09-16 23:15,1.5537786
2022-09-16 23:20,1.5724984
2022-09-16 23:25,1.5612663
2022-09-16 23:30,1.557523
2022-09-16 23:35,1.5724984
2022-09-16 23:40,1.5537786
2022-09-16 23:45,1.557523
2022-09-16 23:50,1.5537786
2022-09-16 23:55,1.5650107
2022-09-17 0:00,1.5612663
2022-09-17 0:05,1.5650107
2022-09-17 0:10,1.5612663
2022-09-17 0:15,1.5612663
2022-09-17 0:20,1.5612663
2022-09-17 0:25,1.5724984
2022-09-17 0:30,1.5650107
2022-09-17 0:35,1.557523
2022-09-17 0:40,1.568754
2022-09-17 0:45,1.5650107
2022-09-17 0:50,1.5724984
2022-09-17 0:55,1.568754
2022-09-17 1:00,1.5537786
2022-09-17 1:05,1.5612663
2022-09-17 1:10,1.5537786
2022-09-17 1:15,1.5537786
2022-09-17 1:20,1.568754
2022-09-17 1:25,1.5724984
2022-09-17 1:30,1.5612663
2022-09-17 1:35,1.5612663
2022-09-17 1:40,1.5537786
2022-09-17 1:45,1.5724984
2022-09-17 1:50,1.5612663
2022-09-17 1:55,1.557523
2022-09-17 2:00,1.557523
2022-09-17 2:05,1.557523
2022-09-17 2:10,1.5650107
2022-09-17 2:15,1.5612663
2022-09-17 2:20,1.568754
2022-09-17 2:25,1.5537786
2022-09-17 2:30,1.5612663
2022-09-17 2:35,1.5650107
2022-09-17 2:40,1.5500342
2022-09-17 2:45,1.5537786
2022-09-17 2:50,1.5537786
2022-09-17 2:55,1.5612663
2022-09-17 3:00,1.5650107
2022-09-17 3:05,1.557523
2022-09-17 3:10,1.5612663
2022-09-17 3:15,1.5612663
2022-09-17 3:20,1.5612663
2022-09-17 3:25,1.557523
2022-09-17 3:30,1.5612663
2022-09-17 3:35,1.5650107
2022-09-17 3:40,1.5537786
2022-09-17 3:45,1.5500342
2022-09-17 3:50,1.5612663
2022-09-17 3:55,1.5612663
2022-09-17 4:00,1.5500342
2022-09-17 4:05,1.557523
2022-09-17 4:10,1.5500342
2022-09-17 4:15,1.557523
2022-09-17 4:20,1.5612663
2022-09-17 4:25,1.557523
2022-09-17 4:30,1.5537786
2022-09-17 4:35,1.5425465
2022-09-17 4:40,1.5462909
2022-09-17 4:45,1.5500342
2022-09-17 4:50,1.557523
2022-09-17 4:55,1.557523
2022-09-17 5:00,1.5537786
2022-09-17 5:05,1.5462909
2022-09-17 5:10,1.5537786
2022-09-17 5:15,1.5462909
2022-09-17 5:20,1.5462909
2022-09-17 5:25,1.5462909
2022-09-17 5:30,1.5612663
2022-09-17 5:35,1.5500342
2022-09-17 5:40,1.5425465
2022-09-17 5:45,1.5388021
2022-09-17 5:50,1.5388021
2022-09-17 5:55,1.5425465
2022-09-17 6:00,1.5425465
2022-09-17 6:05,1.5462909
2022-09-17 6:10,1.5388021
2022-09-17 6:15,1.5425465
2022-09-17 6:20,1.557523
2022-09-17 6:25,1.5462909
2022-09-17 6:30,1.5537786
2022-09-17 6:35,1.5462909
2022-09-17 6:40,1.5537786
2022-09-17 6:45,1.5537786
2022-09-17 6:50,1.5462909
2022-09-17 6:55,1.5500342
2022-09-17 7:00,1.5462909
2022-09-17 7:05,1.5500342
2022-09-17 7:10,1.5350577
2022-09-17 7:15,1.5462909
2022-09-17 7:20,1.5500342
2022-09-17 7:25,1.5313144
2022-09-17 7:30,1.5388021
2022-09-17 7:35,1.5388021
2022-09-17 7:40,1.5350577
2022-09-17 7:45,1.5425465
2022-09-17 7:50,1.5350577
2022-09-17 7:55,1.5425465
2022-09-17 8:00,1.5462909
2022-09-17 8:05,1.5388021
2022-09-17 8:10,1.5425465
2022-09-17 8:15,1.5425465
2022-09-17 8:20,1.5388021
2022-09-17 8:25,1.5425465
2022-09-17 8:30,1.5388021
2022-09-17 8:35,1.5425465
2022-09-17 8:40,1.5462909
2022-09-17 8:45,1.5500342
2022-09-17 8:50,1.5388021
2022-09-17 8:55,1.5462909
2022-09-17 9:00,1.5500342
2022-09-17 9:05,1.5462909
2022-09-17 9:10,1.5462909
2022-09-17 9:15,1.5537786
2022-09-17 9:20,1.5500342
2022-09-17 9:25,1.5350577
2022-09-17 9:30,1.5537786
2022-09-17 9:35,1.5388021
2022-09-17 9:40,1.5500342
2022-09-17 9:45,1.5462909
2022-09-17 9:50,1.5537786
2022-09-17 9:55,1.5537786
2022-09-17 10:00,1.5462909
2022-09-17 10:05,1.5500342
2022-09-17 10:10,1.5388021
2022-09-17 10:15,1.5350577
2022-09-17 10:20,1.5388021
2022-09-17 10:25,1.5537786
2022-09-17 10:30,1.5500342
2022-09-17 10:35,1.5462909
2022-09-17 10:40,1.5350577
2022-09-17 10:45,1.5388021
2022-09-17 10:50,1.5425465
2022-09-17 10:55,1.5500342
2022-09-17 11:00,1.5462909
2022-09-17 11:05,1.5500342
2022-09-17 11:10,1.5350577
2022-09-17 11:15,1.5500342
2022-09-17 11:20,1.5425465
2022-09-17 11:25,1.5462909
2022-09-17 11:30,1.5462909
2022-09-17 11:35,1.5425465
2022-09-17 11:40,1.5462909
2022-09-17 11:45,1.5350577
2022-09-17 11:50,1.5537786
2022-09-17 11:55,1.5500342
2022-09-17 12:00,1.5425465
2022-09-17 12:05,1.5388021
2022-09-17 12:10,1.5462909
2022-09-17 12:15,1.5350577
2022-09-17 12:20,1.5500342
2022-09-17 12:25,1.5537786
2022-09-17 12:30,1.5462909
2022-09-17 12:35,1.5313144
2022-09-17 12:40,1.5388021
2022-09-17 12:45,1.5313144
2022-09-17 12:50,1.5313144
2022-09-17 12:55,1.5425465
2022-09-17 13:00,1.5388021
2022-09-17 13:05,1.5462909
2022-09-17 13:10,1.5388021
2022-09-17 13:15,1.52757
2022-09-17 13:20,1.5313144
2022-09-17 13:25,1.5350577
2022-09-17 13:30,1.52757
2022-09-17 13:35,1.52757
2022-09-17 13:40,1.5238256
2022-09-17 13:45,1.5350577
2022-09-17 13:50,1.5088502
2022-09-17 13:55,1.5125946
2022-09-17 14:00,1.5238256
2022-09-17 14:05,1.5388021
2022-09-17 14:10,1.5462909
2022-09-17 14:15,1.5462909
2022-09-17 14:20,1.5088502
2022-09-17 14:25,1.5125946
2022-09-17 14:30,1.5200823
2022-09-17 14:35,1.5537786
2022-09-17 14:40,1.5125946
2022-09-17 14:45,1.5200823
2022-09-17 14:50,1.557523
2022-09-17 14:55,1.52757
2022-09-17 15:00,1.5462909
2022-09-17 15:05,1.5350577
2022-09-17 15:10,1.5537786
2022-09-17 15:15,1.557523
2022-09-17 15:20,1.5313144
2022-09-17 15:25,1.5350577
2022-09-17 15:30,1.5238256
2022-09-17 15:35,1.5350577
2022-09-17 15:40,1.5313144
2022-09-17 15:45,1.52757
2022-09-17 15:50,1.5200823
2022-09-17 15:55,1.5388021
2022-09-17 16:00,1.52757
2022-09-17 16:05,1.5425465
2022-09-17 16:10,1.5500342
2022-09-17 16:15,1.557523
2022-09-17 16:20,1.5388021
2022-09-17 16:25,1.5313144
2022-09-17 16:30,1.52757
2022-09-17 16:35,1.5238256
2022-09-17 16:40,1.5388021
2022-09-17 16:45,1.5163379
2022-09-17 16:50,1.5537786
2022-09-17 16:55,1.5462909
2022-09-17 17:00,1.5612663
2022-09-17 17:05,1.5500342
2022-09-17 17:10,1.5537786
2022-09-17 17:15,1.5388021
2022-09-17 17:20,1.5388021
2022-09-17 17:25,1.5500342
2022-09-17 17:30,1.5388021
2022-09-17 17:35,1.52757
2022-09-17 17:40,1.5313144
2022-09-17 17:45,1.5537786
2022-09-17 17:50,1.557523
2022-09-17 17:55,1.5425465
2022-09-17 18:00,1.5462909
2022-09-17 18:05,1.5500342
2022-09-17 18:10,1.5537786
2022-09-17 18:15,1.5500342
2022-09-17 18:20,1.5612663
2022-09-17 18:25,1.5537786
2022-09-17 18:30,1.557523
2022-09-17 18:35,1.5650107
2022-09-17 18:40,1.568754
2022-09-17 18:45,1.5650107
2022-09-17 18:50,1.5724984
2022-09-17 18:55,1.5762428
2022-09-17 19:00,1.5762428
2022-09-17 19:05,1.5612663
2022-09-17 19:10,1.5650107
2022-09-17 19:15,1.568754
2022-09-17 19:20,1.5762428
2022-09-17 19:25,1.568754
2022-09-17 19:30,1.568754
2022-09-17 19:35,1.5612663
2022-09-17 19:40,1.568754
2022-09-17 19:45,1.5612663
2022-09-17 19:50,1.568754
2022-09-17 19:55,1.5724984
2022-09-17 20:00,1.5724984
2022-09-17 20:05,1.5650107
2022-09-17 20:10,1.568754
2022-09-17 20:15,1.5799872
2022-09-17 20:20,1.5724984
2022-09-17 20:25,1.5650107
2022-09-17 20:30,1.5799872
2022-09-17 20:35,1.5724984
2022-09-17 20:40,1.5724984
2022-09-17 20:45,1.5762428
2022-09-17 20:50,1.568754
2022-09-17 20:55,1.5762428
2022-09-17 21:00,1.5799872
2022-09-17 21:05,1.5724984
2022-09-17 21:10,1.568754
2022-09-17 21:15,1.5650107
2022-09-17 21:20,1.5762428
2022-09-17 21:25,1.5762428
2022-09-17 21:30,1.568754
2022-09-17 21:35,1.5724984
2022-09-17 21:40,1.5837316
2022-09-17 21:45,1.568754
2022-09-17 21:50,1.5762428
2022-09-17 21:55,1.5799872
2022-09-17 22:00,1.5874749
2022-09-17 22:05,1.5837316
2022-09-17 22:10,1.5799872
2022-09-17 22:15,1.5799872
2022-09-17 22:20,1.568754
2022-09-17 22:25,1.5837316
2022-09-17 22:30,1.5799872
2022-09-17 22:35,1.568754
2022-09-17 22:40,1.5762428
2022-09-17 22:45,1.5837316
2022-09-17 22:50,1.5762428
2022-09-17 22:55,1.5762428
2022-09-17 23:00,1.5724984
2022-09-17 23:05,1.5762428
2022-09-17 23:10,1.5650107
2022-09-17 23:15,1.5724984
2022-09-17 23:20,1.5724984
2022-09-17 23:25,1.5762428
2022-09-17 23:30,1.5837316
2022-09-17 23:35,1.5762428
2022-09-17 23:40,1.5799872
2022-09-17 23:45,1.5724984
2022-09-17 23:50,1.568754
2022-09-17 23:55,1.5724984
2022-09-18 0:00,1.568754
2022-09-18 0:05,1.5650107
2022-09-18 0:10,1.5799872
2022-09-18 0:15,1.568754
2022-09-18 0:20,1.5724984
2022-09-18 0:25,1.5724984
2022-09-18 0:30,1.568754
2022-09-18 0:35,1.568754
2022-09-18 0:40,1.5762428
2022-09-18 0:45,1.5837316
2022-09-18 0:50,1.5762428
2022-09-18 0:55,1.568754
2022-09-18 1:00,1.5612663
2022-09-18 1:05,1.5650107
2022-09-18 1:10,1.5799872
2022-09-18 1:15,1.5724984
2022-09-18 1:20,1.5650107
2022-09-18 1:25,1.5762428
2022-09-18 1:30,1.5724984
2022-09-18 1:35,1.5762428
2022-09-18 1:40,1.568754
2022-09-18 1:45,1.5762428
2022-09-18 1:50,1.5762428
2022-09-18 1:55,1.5837316
2022-09-18 2:00,1.568754
2022-09-18 2:05,1.5724984
2022-09-18 2:10,1.5799872
2022-09-18 2:15,1.5762428
2022-09-18 2:20,1.5799872
2022-09-18 2:25,1.5724984
2022-09-18 2:30,1.5724984
2022-09-18 2:35,1.5762428
2022-09-18 2:40,1.568754
2022-09-18 2:45,1.5762428
2022-09-18 2:50,1.5799872
2022-09-18 2:55,1.5724984
2022-09-18 3:00,1.5762428
2022-09-18 3:05,1.5724984
2022-09-18 3:10,1.5762428
2022-09-18 3:15,1.5762428
2022-09-18 3:20,1.5724984
2022-09-18 3:25,1.5762428
2022-09-18 3:30,1.5650107
2022-09-18 3:35,1.5799872
2022-09-18 3:40,1.5724984
2022-09-18 3:45,1.5762428
2022-09-18 3:50,1.5650107
2022-09-18 3:55,1.5762428
2022-09-18 4:00,1.5724984
2022-09-18 4:05,1.568754
2022-09-18 4:10,1.5762428
2022-09-18 4:15,1.5724984
2022-09-18 4:20,1.5762428
2022-09-18 4:25,1.5724984
2022-09-18 4:30,1.568754
2022-09-18 4:35,1.5724984
2022-09-18 4:40,1.568754
2022-09-18 4:45,1.5762428
2022-09-18 4:50,1.568754
2022-09-18 4:55,1.5799872
2022-09-18 5:00,1.5762428
2022-09-18 5:05,1.568754
2022-09-18 5:10,1.568754
2022-09-18 5:15,1.5724984
2022-09-18 5:20,1.5724984
2022-09-18 5:25,1.5650107
2022-09-18 5:30,1.568754
2022-09-18 5:35,1.5762428
2022-09-18 5:40,1.5650107
2022-09-18 5:45,1.568754
2022-09-18 5:50,1.568754
2022-09-18 5:55,1.5650107
2022-09-18 6:00,1.5762428
2022-09-18 6:05,1.5762428
2022-09-18 6:10,1.5724984
2022-09-18 6:15,1.5762428
2022-09-18 6:20,1.5762428
2022-09-18 6:25,1.5650107
2022-09-18 6:30,1.5650107
2022-09-18 6:35,1.568754
2022-09-18 6:40,1.568754
2022-09-18 6:45,1.5724984
2022-09-18 6:50,1.568754
2022-09-18 6:55,1.5650107
2022-09-18 7:00,1.568754
2022-09-18 7:05,1.5650107
2022-09-18 7:10,1.568754
2022-09-18 7:15,1.5724984
2022-09-18 7:20,1.5724984
2022-09-18 7:25,1.5799872
2022-09-18 7:30,1.5762428
2022-09-18 7:35,1.568754
2022-09-18 7:40,1.5650107
2022-09-18 7:45,1.568754
2022-09-18 7:50,1.5612663
2022-09-18 7:55,1.5762428
2022-09-18 8:00,1.5612663
2022-09-18 8:05,1.5724984
2022-09-18 8:10,1.5612663
2022-09-18 8:15,1.5724984
2022-09-18 8:20,1.5762428
2022-09-18 8:25,1.5612663
2022-09-18 8:30,1.5762428
2022-09-18 8:35,1.5650107
2022-09-18 8:40,1.568754
2022-09-18 8:45,1.5762428
2022-09-18 8:50,1.5724984
2022-09-18 8:55,1.5650107
2022-09-18 9:00,1.568754
2022-09-18 9:05,1.5650107
2022-09-18 9:10,1.568754
2022-09-18 9:15,1.568754
2022-09-18 9:20,1.5612663
2022-09-18 9:25,1.5799872
2022-09-18 9:30,1.568754
2022-09-18 9:35,1.5724984
2022-09-18 9:40,1.5762428
2022-09-18 9:45,1.5612663
2022-09-18 9:50,1.5762428
2022-09-18 9:55,1.568754
2022-09-18 10:00,1.5799872
2022-09-18 10:05,1.5612663
2022-09-18 10:10,1.568754
2022-09-18 10:15,1.5612663
2022-09-18 10:20,1.557523
2022-09-18 10:25,1.5650107
2022-09-18 10:30,1.568754
2022-09-18 10:35,1.5762428
2022-09-18 10:40,1.5799872
2022-09-18 10:45,1.568754
2022-09-18 10:50,1.5724984
2022-09-18 10:55,1.5650107
2022-09-18 11:00,1.5724984
2022-09-18 11:05,1.5724984
2022-09-18 11:10,1.5762428
2022-09-18 11:15,1.5762428
2022-09-18 11:20,1.568754
2022-09-18 11:25,1.5650107
2022-09-18 11:30,1.5650107
2022-09-18 11:35,1.568754
2022-09-18 11:40,1.5724984
2022-09-18 11:45,1.5762428
2022-09-18 11:50,1.5612663
2022-09-18 11:55,1.5650107
2022-09-18 12:00,1.5762428
2022-09-18 12:05,1.5650107
2022-09-18 12:10,1.5762428
2022-09-18 12:15,1.568754
2022-09-18 12:20,1.5650107
2022-09-18 12:25,1.568754
2022-09-18 12:30,1.5650107
2022-09-18 12:35,1.5762428
2022-09-18 12:40,1.5500342
2022-09-18 12:45,1.5462909
2022-09-18 12:50,1.5799872
2022-09-18 12:55,1.5537786
2022-09-18 13:00,1.5837316
2022-09-18 13:05,1.5462909
2022-09-18 13:10,1.5462909
2022-09-18 13:15,1.5874749
2022-09-18 13:20,1.5388021
2022-09-18 13:25,1.5612663
2022-09-18 13:30,1.5350577
2022-09-18 13:35,1.5388021
2022-09-18 13:40,1.5612663
2022-09-18 13:45,1.5350577
2022-09-18 13:50,1.5313144
2022-09-18 13:55,1.5388021
2022-09-18 14:00,1.557523
2022-09-18 14:05,1.5388021
2022-09-18 14:10,1.5650107
2022-09-18 14:15,1.5313144
2022-09-18 14:20,1.5388021
2022-09-18 14:25,1.5612663
2022-09-18 14:30,1.5537786
2022-09-18 14:35,1.5388021
2022-09-18 14:40,1.568754
2022-09-18 14:45,1.5500342
2022-09-18 14:50,1.568754
2022-09-18 14:55,1.557523
2022-09-18 15:00,1.5388021
2022-09-18 15:05,1.5612663
2022-09-18 15:10,1.5425465
2022-09-18 15:15,1.5650107
2022-09-18 15:20,1.568754
2022-09-18 15:25,1.5462909
2022-09-18 15:30,1.5350577
2022-09-18 15:35,1.5537786
2022-09-18 15:40,1.5500342
2022-09-18 15:45,1.5500342
2022-09-18 15:50,1.557523
2022-09-18 15:55,1.557523
2022-09-18 16:00,1.5350577
2022-09-18 16:05,1.5537786
2022-09-18 16:10,1.557523
2022-09-18 16:15,1.5500342
2022-09-18 16:20,1.5425465
2022-09-18 16:25,1.5313144
2022-09-18 16:30,1.5500342
2022-09-18 16:35,1.5537786
2022-09-18 16:40,1.5388021
2022-09-18 16:45,1.5350577
2022-09-18 16:50,1.5350577
2022-09-18 16:55,1.5313144
2022-09-18 17:00,1.557523
2022-09-18 17:05,1.5350577
2022-09-18 17:10,1.5388021
2022-09-18 17:15,1.557523
2022-09-18 17:20,1.5462909
2022-09-18 17:25,1.557523
2022-09-18 17:30,1.5350577
2022-09-18 17:35,1.5612663
2022-09-18 17:40,1.5612663
2022-09-18 17:45,1.5388021
2022-09-18 17:50,1.5388021
2022-09-18 17:55,1.5799872
2022-09-18 18:00,1.5500342
2022-09-18 18:05,1.5650107
2022-09-18 18:10,1.5500342
2022-09-18 18:15,1.5874749
2022-09-18 18:20,1.5537786
2022-09-18 18:25,1.568754
2022-09-18 18:30,1.5724984
2022-09-18 18:35,1.6099391
2022-09-18 18:40,1.5724984
2022-09-18 18:45,1.6174268
2022-09-18 18:50,1.598707
2022-09-18 18:55,1.6136835
2022-09-18 19:00,1.568754
2022-09-18 19:05,1.6024514
2022-09-18 19:10,1.5724984
2022-09-18 19:15,1.5762428
2022-09-18 19:20,1.6136835
2022-09-18 19:25,1.6136835
2022-09-18 19:30,1.5799872
2022-09-18 19:35,1.6174268
2022-09-18 19:40,1.5912193
2022-09-18 19:45,1.5949626
2022-09-18 19:50,1.6174268
2022-09-18 19:55,1.6136835
2022-09-18 20:00,1.6061947
2022-09-18 20:05,1.5837316
2022-09-18 20:10,1.6211712
2022-09-18 20:15,1.5949626
2022-09-18 20:20,1.6136835
2022-09-18 20:25,1.6174268
2022-09-18 20:30,1.6024514
2022-09-18 20:35,1.5949626
2022-09-18 20:40,1.6136835
2022-09-18 20:45,1.6211712
2022-09-18 20:50,1.6136835
2022-09-18 20:55,1.6249156
2022-09-18 21:00,1.6099391
2022-09-18 21:05,1.6061947
2022-09-18 21:10,1.6061947
2022-09-18 21:15,1.6211712
2022-09-18 21:20,1.6099391
2022-09-18 21:25,1.6249156
2022-09-18 21:30,1.6211712
2022-09-18 21:35,1.6099391
2022-09-18 21:40,1.6211712
2022-09-18 21:45,1.62866
2022-09-18 21:50,1.6211712
2022-09-18 21:55,1.6249156
2022-09-18 22:00,1.6249156
2022-09-18 22:05,1.6211712
2022-09-18 22:10,1.6211712
2022-09-18 22:15,1.62866
2022-09-18 22:20,1.6211712
2022-09-18 22:25,1.6099391
2022-09-18 22:30,1.6211712
2022-09-18 22:35,1.6136835
2022-09-18 22:40,1.6211712
2022-09-18 22:45,1.6249156
2022-09-18 22:50,1.6174268
2022-09-18 22:55,1.6174268
2022-09-18 23:00,1.6211712
2022-09-18 23:05,1.6324033
2022-09-18 23:10,1.6174268
2022-09-18 23:15,1.6249156
2022-09-18 23:20,1.6211712
2022-09-18 23:25,1.62866
2022-09-18 23:30,1.62866
2022-09-18 23:35,1.6361477
2022-09-18 23:40,1.6211712
2022-09-18 23:45,1.6249156
2022-09-18 23:50,1.62866
2022-09-18 23:55,1.6249156
2022-09-19 0:00,1.6211712
2022-09-19 0:05,1.6174268
2022-09-19 0:10,1.62866
2022-09-19 0:15,1.6249156
2022-09-19 0:20,1.6324033
2022-09-19 0:25,1.6361477
2022-09-19 0:30,1.6249156
2022-09-19 0:35,1.62866
2022-09-19 0:40,1.6324033
2022-09-19 0:45,1.6361477
2022-09-19 0:50,1.62866
2022-09-19 0:55,1.6249156
2022-09-19 1:00,1.6249156
2022-09-19 1:05,1.6361477
2022-09-19 1:10,1.6324033
2022-09-19 1:15,1.62866
2022-09-19 1:20,1.6361477
2022-09-19 1:25,1.6211712
2022-09-19 1:30,1.6361477
2022-09-19 1:35,1.6361477
2022-09-19 1:40,1.6211712
2022-09-19 1:45,1.62866
2022-09-19 1:50,1.6211712
2022-09-19 1:55,1.6361477
2022-09-19 2:00,1.6361477
2022-09-19 2:05,1.62866
2022-09-19 2:10,1.6211712
2022-09-19 2:15,1.6324033
2022-09-19 2:20,1.62866
2022-09-19 2:25,1.62866
2022-09-19 2:30,1.62866
2022-09-19 2:35,1.6249156
2022-09-19 2:40,1.62866
2022-09-19 2:45,1.6211712
2022-09-19 2:50,1.6249156
2022-09-19 2:55,1.62866
2022-09-19 3:00,1.6211712
2022-09-19 3:05,1.6361477
2022-09-19 3:10,1.6436354
2022-09-19 3:15,1.639891
2022-09-19 3:20,1.639891
2022-09-19 3:25,1.639891
2022-09-19 3:30,1.6436354
2022-09-19 3:35,1.6511231
2022-09-19 3:40,1.6473798
2022-09-19 3:45,1.6473798
2022-09-19 3:50,1.6511231
2022-09-19 3:55,1.6511231
2022-09-19 4:00,1.6436354
2022-09-19 4:05,1.639891
2022-09-19 4:10,1.6436354
2022-09-19 4:15,1.6511231
2022-09-19 4:20,1.6436354
2022-09-19 4:25,1.6473798
2022-09-19 4:30,1.639891
2022-09-19 4:35,1.6436354
2022-09-19 4:40,1.6361477
2022-09-19 4:45,1.6473798
2022-09-19 4:50,1.6324033
2022-09-19 4:55,1.6361477
2022-09-19 5:00,1.6361477
2022-09-19 5:05,1.6511231
2022-09-19 5:10,1.6324033
2022-09-19 5:15,1.6361477
2022-09-19 5:20,1.6361477
2022-09-19 5:25,1.639891
2022-09-19 5:30,1.6436354
2022-09-19 5:35,1.639891
2022-09-19 5:40,1.6436354
2022-09-19 5:45,1.6473798
2022-09-19 5:50,1.6361477
2022-09-19 5:55,1.6361477
2022-09-19 6:00,1.6473798
2022-09-19 6:05,1.6436354
2022-09-19 6:10,1.62866
2022-09-19 6:15,1.6473798
2022-09-19 6:20,1.6324033
2022-09-19 6:25,1.6548675
2022-09-19 6:30,1.6361477
2022-09-19 6:35,1.6436354
2022-09-19 6:40,1.6473798
2022-09-19 6:45,1.6436354
2022-09-19 6:50,1.6436354
2022-09-19 6:55,1.639891
2022-09-19 7:00,1.6511231
2022-09-19 7:05,1.639891
2022-09-19 7:10,1.6436354
2022-09-19 7:15,1.6548675
2022-09-19 7:20,1.6473798
2022-09-19 7:25,1.639891
2022-09-19 7:30,1.6548675
2022-09-19 7:35,1.6511231
2022-09-19 7:40,1.6473798
2022-09-19 7:45,1.6436354
2022-09-19 7:50,1.639891
2022-09-19 7:55,1.6436354
2022-09-19 8:00,1.6548675
2022-09-19 8:05,1.6473798
2022-09-19 8:10,1.6586119
2022-09-19 8:15,1.6586119
2022-09-19 8:20,1.6548675
2022-09-19 8:25,1.6586119
2022-09-19 8:30,1.6586119
2022-09-19 8:35,1.6436354
2022-09-19 8:40,1.6623563
2022-09-19 8:45,1.6548675
2022-09-19 8:50,1.6548675
2022-09-19 8:55,1.6586119
2022-09-19 9:00,1.6473798
2022-09-19 9:05,1.6511231
2022-09-19 9:10,1.6473798
2022-09-19 9:15,1.6623563
2022-09-19 9:20,1.6511231
2022-09-19 9:25,1.6548675
2022-09-19 9:30,1.6623563
2022-09-19 9:35,1.6586119
2022-09-19 9:40,1.6586119
2022-09-19 9:45,1.6623563
2022-09-19 9:50,1.6623563
2022-09-19 9:55,1.6586119
2022-09-19 10:00,1.6511231
2022-09-19 10:05,1.6473798
2022-09-19 10:10,1.639891
2022-09-19 10:15,1.6436354
2022-09-19 10:20,1.639891
2022-09-19 10:25,1.6473798
2022-09-19 10:30,1.6436354
2022-09-19 10:35,1.6361477
2022-09-19 10:40,1.6361477
2022-09-19 10:45,1.6361477
2022-09-19 10:50,1.639891
2022-09-19 10:55,1.6361477
2022-09-19 11:00,1.639891
2022-09-19 11:05,1.639891
2022-09-19 11:10,1.639891
2022-09-19 11:15,1.639891
2022-09-19 11:20,1.6361477
2022-09-19 11:25,1.6436354
2022-09-19 11:30,1.6436354
2022-09-19 11:35,1.6548675
2022-09-19 11:40,1.6548675
2022-09-19 11:45,1.6511231
2022-09-19 11:50,1.6548675
2022-09-19 11:55,1.6623563
2022-09-19 12:00,1.6548675
2022-09-19 12:05,1.6623563
2022-09-19 12:10,1.6548675
2022-09-19 12:15,1.6548675
2022-09-19 12:20,1.6473798
2022-09-19 12:25,1.6660996
2022-09-19 12:30,1.6586119
2022-09-19 12:35,1.669844
2022-09-19 12:40,1.669844
2022-09-19 12:45,1.6548675
2022-09-19 12:50,1.6548675
2022-09-19 12:55,1.669844
2022-09-19 13:00,1.669844
2022-09-19 13:05,1.639891
2022-09-19 13:10,1.6735884
2022-09-19 13:15,1.669844
2022-09-19 13:20,1.6810761
2022-09-19 13:25,1.6810761
2022-09-19 13:30,1.6848194
2022-09-19 13:35,1.6885638
2022-09-19 13:40,1.6810761
2022-09-19 13:45,1.6810761
2022-09-19 13:50,1.6885638
2022-09-19 13:55,1.6848194
2022-09-19 14:00,1.6885638
2022-09-19 14:05,1.6848194
2022-09-19 14:10,1.6923082
2022-09-19 14:15,1.6848194
2022-09-19 14:20,1.6960526
2022-09-19 14:25,1.6960526
2022-09-19 14:30,1.711028
2022-09-19 14:35,1.6997959
2022-09-19 14:40,1.7147724
2022-09-19 14:45,1.6997959
2022-09-19 14:50,1.711028
2022-09-19 14:55,1.7035403
2022-09-19 15:00,1.711028
2022-09-19 15:05,1.7147724
2022-09-19 15:10,1.7222601
2022-09-19 15:15,1.7185168
2022-09-19 15:20,1.7147724
2022-09-19 15:25,1.7222601
2022-09-19 15:30,1.7147724
2022-09-19 15:35,1.7260045
2022-09-19 15:40,1.7297478
2022-09-19 15:45,1.7334922
2022-09-19 15:50,1.7222601
2022-09-19 15:55,1.7222601
2022-09-19 16:00,1.7260045
2022-09-19 16:05,1.7334922
2022-09-19 16:10,1.740981
2022-09-19 16:15,1.7260045
2022-09-19 16:20,1.7297478
2022-09-19 16:25,1.7334922
2022-09-19 16:30,1.7334922
2022-09-19 16:35,1.7297478
2022-09-19 16:40,1.7447254
2022-09-19 16:45,1.740981
2022-09-19 16:50,1.7334922
2022-09-19 16:55,1.740981
2022-09-19 17:00,1.7447254
2022-09-19 17:05,1.7447254
2022-09-19 17:10,1.7484687
2022-09-19 17:15,1.7559564
2022-09-19 17:20,1.7484687
2022-09-19 17:25,1.7559564
2022-09-19 17:30,1.7559564
2022-09-19 17:35,1.7447254
2022-09-19 17:40,1.7522131
2022-09-19 17:45,1.7634452
2022-09-19 17:50,1.7597008
2022-09-19 17:55,1.7484687
2022-09-19 18:00,1.7484687
2022-09-19 18:05,1.7484687
2022-09-19 18:10,1.7634452
2022-09-19 18:15,1.7522131
2022-09-19 18:20,1.7522131
2022-09-19 18:25,1.7597008
2022-09-19 18:30,1.7634452
2022-09-19 18:35,1.7597008
2022-09-19 18:40,1.7559564
2022-09-19 18:45,1.7559564
2022-09-19 18:50,1.7709329
2022-09-19 18:55,1.7559564
2022-09-19 19:00,1.7709329
2022-09-19 19:05,1.7634452
2022-09-19 19:10,1.7559564
2022-09-19 19:15,1.7784217
2022-09-19 19:20,1.7709329
2022-09-19 19:25,1.7597008
2022-09-19 19:30,1.7597008
2022-09-19 19:35,1.7634452
2022-09-19 19:40,1.7559564
2022-09-19 19:45,1.7709329
2022-09-19 19:50,1.7709329
2022-09-19 19:55,1.7671885
2022-09-19 20:00,1.7746773
2022-09-19 20:05,1.7746773
2022-09-19 20:10,1.7709329
2022-09-19 20:15,1.7746773
2022-09-19 20:20,1.7709329
2022-09-19 20:25,1.7709329
2022-09-19 20:30,1.7671885
2022-09-19 20:35,1.7709329
2022-09-19 20:40,1.7671885
2022-09-19 20:45,1.7746773
2022-09-19 20:50,1.7709329
2022-09-19 20:55,1.7634452
2022-09-19 21:00,1.7784217
2022-09-19 21:05,1.7784217
2022-09-19 21:10,1.7746773
2022-09-19 21:15,1.7597008
2022-09-19 21:20,1.7746773
2022-09-19 21:25,1.7709329
2022-09-19 21:30,1.7597008
2022-09-19 21:35,1.7709329
2022-09-19 21:40,1.7746773
2022-09-19 21:45,1.7746773
2022-09-19 21:50,1.7597008
2022-09-19 21:55,1.7634452
2022-09-19 22:00,1.7746773
2022-09-19 22:05,1.7746773
2022-09-19 22:10,1.7634452
2022-09-19 22:15,1.7709329
2022-09-19 22:20,1.7597008
2022-09-19 22:25,1.7709329
2022-09-19 22:30,1.7671885
2022-09-19 22:35,1.7709329
2022-09-19 22:40,1.7597008
2022-09-19 22:45,1.7634452
2022-09-19 22:50,1.7746773
2022-09-19 22:55,1.7709329
2022-09-19 23:00,1.7634452
2022-09-19 23:05,1.7671885
2022-09-19 23:10,1.7671885
2022-09-19 23:15,1.7746773
2022-09-19 23:20,1.7746773
2022-09-19 23:25,1.7709329
2022-09-19 23:30,1.7597008
2022-09-19 23:35,1.7709329
2022-09-19 23:40,1.7709329
2022-09-19 23:45,1.7597008
2022-09-19 23:50,1.7634452
2022-09-19 23:55,1.7709329
2022-09-20 0:00,1.7671885
2022-09-20 0:05,1.7634452
2022-09-20 0:10,1.7634452
2022-09-20 0:15,1.7634452
2022-09-20 0:20,1.7671885
2022-09-20 0:25,1.7634452
2022-09-20 0:30,1.7597008
2022-09-20 0:35,1.7559564
2022-09-20 0:40,1.7634452
2022-09-20 0:45,1.7634452
2022-09-20 0:50,1.7597008
2022-09-20 0:55,1.7709329
2022-09-20 1:00,1.7634452
2022-09-20 1:05,1.7559564
2022-09-20 1:10,1.7709329
2022-09-20 1:15,1.7671885
2022-09-20 1:20,1.7709329
2022-09-20 1:25,1.7634452
2022-09-20 1:30,1.7709329
2022-09-20 1:35,1.7634452
2022-09-20 1:40,1.7634452
2022-09-20 1:45,1.7634452
2022-09-20 1:50,1.7559564
2022-09-20 1:55,1.7634452
2022-09-20 2:00,1.7634452
2022-09-20 2:05,1.7559564
2022-09-20 2:10,1.7671885
2022-09-20 2:15,1.7634452
2022-09-20 2:20,1.7634452
2022-09-20 2:25,1.7634452
2022-09-20 2:30,1.7671885
2022-09-20 2:35,1.7559564
2022-09-20 2:40,1.7559564
2022-09-20 2:45,1.7634452
2022-09-20 2:50,1.7634452
2022-09-20 2:55,1.7784217
2022-09-20 3:00,1.7746773
2022-09-20 3:05,1.7784217
2022-09-20 3:10,1.7671885
2022-09-20 3:15,1.7634452
2022-09-20 3:20,1.7634452
2022-09-20 3:25,1.7597008
2022-09-20 3:30,1.7671885
2022-09-20 3:35,1.7634452
2022-09-20 3:40,1.7559564
2022-09-20 3:45,1.7709329
2022-09-20 3:50,1.7709329
2022-09-20 3:55,1.7671885
2022-09-20 4:00,1.7671885
2022-09-20 4:05,1.7709329
2022-09-20 4:10,1.7634452
2022-09-20 4:15,1.7597008
2022-09-20 4:20,1.7634452
2022-09-20 4:25,1.7597008
2022-09-20 4:30,1.7671885
2022-09-20 4:35,1.7671885
2022-09-20 4:40,1.7522131
2022-09-20 4:45,1.7522131
2022-09-20 4:50,1.7522131
2022-09-20 4:55,1.7597008
2022-09-20 5:00,1.7671885
2022-09-20 5:05,1.7559564
2022-09-20 5:10,1.7484687
2022-09-20 5:15,1.7671885
2022-09-20 5:20,1.7522131
2022-09-20 5:25,1.7559564
2022-09-20 5:30,1.7559564
2022-09-20 5:35,1.7484687
2022-09-20 5:40,1.7484687
2022-09-20 5:45,1.7484687
2022-09-20 5:50,1.7559564
2022-09-20 5:55,1.7559564
2022-09-20 6:00,1.7522131
2022-09-20 6:05,1.7671885
2022-09-20 6:10,1.7671885
2022-09-20 6:15,1.7484687
2022-09-20 6:20,1.7559564
2022-09-20 6:25,1.7484687
2022-09-20 6:30,1.7597008
2022-09-20 6:35,1.7597008
2022-09-20 6:40,1.7634452
2022-09-20 6:45,1.7597008
2022-09-20 6:50,1.7522131
2022-09-20 6:55,1.7597008
2022-09-20 7:00,1.7597008
2022-09-20 7:05,1.7559564
2022-09-20 7:10,1.7522131
2022-09-20 7:15,1.7522131
2022-09-20 7:20,1.7597008
2022-09-20 7:25,1.7559564
2022-09-20 7:30,1.7559564
2022-09-20 7:35,1.7597008
2022-09-20 7:40,1.7559564
2022-09-20 7:45,1.7522131
2022-09-20 7:50,1.7522131
2022-09-20 7:55,1.7522131
2022-09-20 8:00,1.7709329
2022-09-20 8:05,1.7709329
2022-09-20 8:10,1.7671885
2022-09-20 8:15,1.7671885
2022-09-20 8:20,1.7634452
2022-09-20 8:25,1.7597008
2022-09-20 8:30,1.7634452
2022-09-20 8:35,1.7709329
2022-09-20 8:40,1.7597008
2022-09-20 8:45,1.7634452
2022-09-20 8:50,1.7709329
2022-09-20 8:55,1.7597008
2022-09-20 9:00,1.7559564
2022-09-20 9:05,1.7484687
2022-09-20 9:10,1.7597008
2022-09-20 9:15,1.7559564
2022-09-20 9:20,1.7597008
2022-09-20 9:25,1.7634452
2022-09-20 9:30,1.7447254
2022-09-20 9:35,1.740981
2022-09-20 9:40,1.7484687
2022-09-20 9:45,1.7522131
2022-09-20 9:50,1.7559564
2022-09-20 9:55,1.7484687
2022-09-20 10:00,1.7522131
2022-09-20 10:05,1.7484687
2022-09-20 10:10,1.7484687
2022-09-20 10:15,1.7522131
2022-09-20 10:20,1.7559564
2022-09-20 10:25,1.7559564
2022-09-20 10:30,1.7522131
2022-09-20 10:35,1.7709329
2022-09-20 10:40,1.7634452
2022-09-20 10:45,1.7671885
2022-09-20 10:50,1.7559564
2022-09-20 10:55,1.7634452
2022-09-20 11:00,1.7634452
2022-09-20 11:05,1.7671885
2022-09-20 11:10,1.7597008
2022-09-20 11:15,1.7709329
2022-09-20 11:20,1.7597008
2022-09-20 11:25,1.7671885
2022-09-20 11:30,1.7597008
2022-09-20 11:35,1.7634452
2022-09-20 11:40,1.7634452
2022-09-20 11:45,1.7671885
2022-09-20 11:50,1.7709329
2022-09-20 11:55,1.782165
2022-09-20 12:00,1.7784217
2022-09-20 12:05,1.7634452
2022-09-20 12:10,1.7746773
2022-09-20 12:15,1.7634452
2022-09-20 12:20,1.782165
2022-09-20 12:25,1.7859094
2022-09-20 12:30,1.7859094
2022-09-20 12:35,1.7859094
2022-09-20 12:40,1.782165
2022-09-20 12:45,1.7784217
2022-09-20 12:50,1.7933971
2022-09-20 12:55,1.7933971
2022-09-20 13:00,1.7746773
2022-09-20 13:05,1.7896538
2022-09-20 13:10,1.7746773
2022-09-20 13:15,1.782165
2022-09-20 13:20,1.8308378
2022-09-20 13:25,1.8570464
2022-09-20 13:30,1.8682785
2022-09-20 13:35,1.8757662
2022-09-20 13:40,1.8757662
2022-09-20 13:45,1.8795106
2022-09-20 13:50,1.894486
2022-09-20 13:55,1.8869983
2022-09-20 14:00,1.8869983
2022-09-20 14:05,1.894486
2022-09-20 14:10,1.8869983
2022-09-20 14:15,1.8907416
2022-09-20 14:20,1.9057192
2022-09-20 14:25,1.9057192
2022-09-20 14:30,1.894486
2022-09-20 14:35,1.9019748
2022-09-20 14:40,1.9057192
2022-09-20 14:45,1.8982304
2022-09-20 14:50,1.9057192
2022-09-20 14:55,1.9019748
2022-09-20 15:00,1.9169502
2022-09-20 15:05,1.9169502
2022-09-20 15:10,1.9169502
2022-09-20 15:15,1.9169502
2022-09-20 15:20,1.9094625
2022-09-20 15:25,1.924439
2022-09-20 15:30,1.9206946
2022-09-20 15:35,1.924439
2022-09-20 15:40,1.9281823
2022-09-20 15:45,1.9281823
2022-09-20 15:50,1.9281823
2022-09-20 15:55,1.924439
2022-09-20 16:00,1.9319267
2022-09-20 16:05,1.9281823
2022-09-20 16:10,1.9281823
2022-09-20 16:15,1.9319267
2022-09-20 16:20,1.9394155
2022-09-20 16:25,1.9356711
2022-09-20 16:30,1.9281823
2022-09-20 16:35,1.9319267
2022-09-20 16:40,1.9281823
2022-09-20 16:45,1.9356711
2022-09-20 16:50,1.9356711
2022-09-20 16:55,1.9319267
2022-09-20 17:00,1.9319267
2022-09-20 17:05,1.9281823
2022-09-20 17:10,1.9319267
2022-09-20 17:15,1.9356711
2022-09-20 17:20,1.9506476
2022-09-20 17:25,1.9543909
2022-09-20 17:30,1.9506476
2022-09-20 17:35,1.9431588
2022-09-20 17:40,1.9431588
2022-09-20 17:45,1.9394155
2022-09-20 17:50,1.9469032
2022-09-20 17:55,1.9431588
2022-09-20 18:00,1.9469032
2022-09-20 18:05,1.9506476
2022-09-20 18:10,1.9506476
2022-09-20 18:15,1.9469032
2022-09-20 18:20,1.9543909
2022-09-20 18:25,1.9506476
2022-09-20 18:30,1.9543909
2022-09-20 18:35,1.9506476
2022-09-20 18:40,1.9618786
2022-09-20 18:45,1.9543909
2022-09-20 18:50,1.9543909
2022-09-20 18:55,1.9506476
2022-09-20 19:00,1.9543909
2022-09-20 19:05,1.9543909
2022-09-20 19:10,1.9506476
2022-09-20 19:15,1.9581353
2022-09-20 19:20,1.9618786
2022-09-20 19:25,1.9469032
2022-09-20 19:30,1.9506476
2022-09-20 19:35,1.9618786
2022-09-20 19:40,1.9618786
2022-09-20 19:45,1.9618786
2022-09-20 19:50,1.965623
2022-09-20 19:55,1.9431588
2022-09-20 20:00,1.9543909
2022-09-20 20:05,1.9618786
2022-09-20 20:10,1.9506476
2022-09-20 20:15,1.9543909
2022-09-20 20:20,1.9506476
2022-09-20 20:25,1.9506476
2022-09-20 20:30,1.9543909
2022-09-20 20:35,1.9581353
2022-09-20 20:40,1.9469032
2022-09-20 20:45,1.9469032
2022-09-20 20:50,1.9618786
2022-09-20 20:55,1.965623
2022-09-20 21:00,1.9581353
2022-09-20 21:05,1.9543909
2022-09-20 21:10,1.9581353
2022-09-20 21:15,1.9543909
2022-09-20 21:20,1.9581353
2022-09-20 21:25,1.9581353
2022-09-20 21:30,1.965623
2022-09-20 21:35,1.9618786
2022-09-20 21:40,1.9543909
2022-09-20 21:45,1.9581353
2022-09-20 21:50,1.965623
2022-09-20 21:55,1.9543909
2022-09-20 22:00,1.9618786
2022-09-20 22:05,1.9618786
2022-09-20 22:10,1.9618786
2022-09-20 22:15,1.9618786
2022-09-20 22:20,1.965623
2022-09-20 22:25,1.9581353
2022-09-20 22:30,1.9693674
2022-09-20 22:35,1.965623
2022-09-20 22:40,1.965623
2022-09-20 22:45,1.965623
2022-09-20 22:50,1.9731107
2022-09-20 22:55,1.9693674
2022-09-20 23:00,1.9768551
2022-09-20 23:05,1.9618786
2022-09-20 23:10,1.9693674
2022-09-20 23:15,1.9618786
2022-09-20 23:20,1.9731107
2022-09-20 23:25,1.9731107
2022-09-20 23:30,1.9693674
2022-09-20 23:35,1.9693674
2022-09-20 23:40,1.9693674
2022-09-20 23:45,1.965623
2022-09-20 23:50,1.9693674
2022-09-20 23:55,1.965623
2022-09-21 0:00,1.9693674
2022-09-21 0:05,1.9693674
2022-09-21 0:10,1.9805995
2022-09-21 0:15,1.9731107
2022-09-21 0:20,1.9731107
2022-09-21 0:25,1.9731107
2022-09-21 0:30,1.9768551
2022-09-21 0:35,1.965623
2022-09-21 0:40,1.9768551
2022-09-21 0:45,1.965623
2022-09-21 0:50,1.9768551
2022-09-21 0:55,1.9693674
2022-09-21 1:00,1.9731107
2022-09-21 1:05,1.9768551
2022-09-21 1:10,1.9693674
2022-09-21 1:15,1.9843439
2022-09-21 1:20,1.9843439
2022-09-21 1:25,1.9768551
2022-09-21 1:30,1.9805995
2022-09-21 1:35,1.9880883
2022-09-21 1:40,1.9805995
2022-09-21 1:45,1.9805995
2022-09-21 1:50,1.9768551
2022-09-21 1:55,1.9768551
2022-09-21 2:00,1.9768551
2022-09-21 2:05,1.995576
2022-09-21 2:10,1.995576
2022-09-21 2:15,1.9918316
2022-09-21 2:20,1.9918316
2022-09-21 2:25,1.9843439
2022-09-21 2:30,1.995576
2022-09-21 2:35,1.9843439
2022-09-21 2:40,1.9731107
2022-09-21 2:45,1.9805995
2022-09-21 2:50,1.9843439
2022-09-21 2:55,1.9918316
2022-09-21 3:00,1.9768551
2022-09-21 3:05,1.9843439
2022-09-21 3:10,1.9918316
2022-09-21 3:15,1.9880883
2022-09-21 3:20,1.9880883
2022-09-21 3:25,1.9843439
2022-09-21 3:30,1.9880883
2022-09-21 3:35,1.995576
2022-09-21 3:40,1.9731107
2022-09-21 3:45,1.9918316
2022-09-21 3:50,1.9843439
2022-09-21 3:55,1.9880883
2022-09-21 4:00,1.9768551
2022-09-21 4:05,1.9918316
2022-09-21 4:10,1.9805995
2022-09-21 4:15,1.9805995
2022-09-21 4:20,1.9880883
2022-09-21 4:25,1.9918316
2022-09-21 4:30,1.9843439
2022-09-21 4:35,1.9880883
2022-09-21 4:40,1.9880883
2022-09-21 4:45,1.9768551
2022-09-21 4:50,1.9731107
2022-09-21 4:55,1.9880883
2022-09-21 5:00,1.9880883
2022-09-21 5:05,1.9805995
2022-09-21 5:10,1.9880883
2022-09-21 5:15,1.9805995
2022-09-21 5:20,1.9880883
2022-09-21 5:25,1.9880883
2022-09-21 5:30,1.9918316
2022-09-21 5:35,1.995576
2022-09-21 5:40,1.9918316
2022-09-21 5:45,1.9918316
2022-09-21 5:50,1.9993193
2022-09-21 5:55,1.9918316
2022-09-21 6:00,1.995576
2022-09-21 6:05,1.9843439
2022-09-21 6:10,1.9993193
2022-09-21 6:15,1.995576
2022-09-21 6:20,1.995576
2022-09-21 6:25,1.9880883
2022-09-21 6:30,1.9918316
2022-09-21 6:35,1.9880883
2022-09-21 6:40,2.0030637
2022-09-21 6:45,1.9880883
2022-09-21 6:50,1.995576
2022-09-21 6:55,1.9993193
2022-09-21 7:00,2.006807
2022-09-21 7:05,1.9918316
2022-09-21 7:10,1.995576
2022-09-21 7:15,1.9918316
2022-09-21 7:20,1.995576
2022-09-21 7:25,1.9993193
2022-09-21 7:30,2.006807
2022-09-21 7:35,2.0105514
2022-09-21 7:40,1.9993193
2022-09-21 7:45,2.006807
2022-09-21 7:50,2.0030637
2022-09-21 7:55,1.9993193
2022-09-21 8:00,1.9993193
2022-09-21 8:05,2.006807
2022-09-21 8:10,2.0105514
2022-09-21 8:15,1.9993193
2022-09-21 8:20,2.0030637
2022-09-21 8:25,2.0030637
2022-09-21 8:30,2.0030637
2022-09-21 8:35,1.995576
2022-09-21 8:40,1.9993193
2022-09-21 8:45,1.9918316
2022-09-21 8:50,1.9918316
2022-09-21 8:55,1.9993193
2022-09-21 9:00,1.995576
2022-09-21 9:05,2.0030637
2022-09-21 9:10,1.9993193
2022-09-21 9:15,2.006807
2022-09-21 9:20,2.0030637
2022-09-21 9:25,2.0030637
2022-09-21 9:30,1.995576
2022-09-21 9:35,2.0030637
2022-09-21 9:40,1.9880883
2022-09-21 9:45,1.9880883
2022-09-21 9:50,1.995576
2022-09-21 9:55,1.9993193
2022-09-21 10:00,1.9993193
2022-09-21 10:05,1.995576
2022-09-21 10:10,1.9993193
2022-09-21 10:15,1.9918316
2022-09-21 10:20,2.0030637
2022-09-21 10:25,1.9880883
2022-09-21 10:30,1.995576
2022-09-21 10:35,1.995576
2022-09-21 10:40,1.9993193
2022-09-21 10:45,2.0030637
2022-09-21 10:50,1.9993193
2022-09-21 10:55,2.006807
2022-09-21 11:00,1.9993193
2022-09-21 11:05,1.995576
2022-09-21 11:10,1.9993193
2022-09-21 11:15,1.9918316
2022-09-21 11:20,2.0030637
2022-09-21 11:25,2.0105514
2022-09-21 11:30,1.9918316
2022-09-21 11:35,1.9880883
2022-09-21 11:40,2.006807
2022-09-21 11:45,1.9918316
2022-09-21 11:50,1.9993193
2022-09-21 11:55,1.9918316
2022-09-21 12:00,1.9918316
2022-09-21 12:05,1.995576
2022-09-21 12:10,1.9993193
2022-09-21 12:15,1.9993193
2022-09-21 12:20,1.9993193
2022-09-21 12:25,2.006807
2022-09-21 12:30,2.0142958
2022-09-21 12:35,2.0105514
2022-09-21 12:40,2.0180402
2022-09-21 12:45,2.0142958
2022-09-21 12:50,2.0217846
2022-09-21 12:55,2.0105514
2022-09-21 13:00,2.0217846
2022-09-21 13:05,2.0255279
2022-09-21 13:10,2.0180402
2022-09-21 13:15,2.0142958
2022-09-21 13:20,2.0217846
2022-09-21 13:25,2.0292723
2022-09-21 13:30,2.0255279
2022-09-21 13:35,2.0405044
2022-09-21 13:40,2.0330167
2022-09-21 13:45,2.03676
2022-09-21 13:50,2.0255279
2022-09-21 13:55,2.0405044
2022-09-21 14:00,2.03676
2022-09-21 14:05,2.03676
2022-09-21 14:10,2.0479921
2022-09-21 14:15,2.0405044
2022-09-21 14:20,2.0554798
2022-09-21 14:25,2.0554798
2022-09-21 14:30,2.0479921
2022-09-21 14:35,2.0479921
2022-09-21 14:40,2.0554798
2022-09-21 14:45,2.0517365
2022-09-21 14:50,2.0554798
2022-09-21 14:55,2.0517365
2022-09-21 15:00,2.0442477
2022-09-21 15:05,2.0517365
2022-09-21 15:10,2.0405044
2022-09-21 15:15,2.0479921
2022-09-21 15:20,2.0517365
2022-09-21 15:25,2.0554798
2022-09-21 15:30,2.0592242
2022-09-21 15:35,2.0517365
2022-09-21 15:40,2.0517365
2022-09-21 15:45,2.0517365
2022-09-21 15:50,2.0554798
2022-09-21 15:55,2.0517365
2022-09-21 16:00,2.066713
2022-09-21 16:05,2.066713
2022-09-21 16:10,2.0629686
2022-09-21 16:15,2.0629686
2022-09-21 16:20,2.0704563
2022-09-21 16:25,2.0704563
2022-09-21 16:30,2.0629686
2022-09-21 16:35,2.0816884
2022-09-21 16:40,2.0816884
2022-09-21 16:45,2.0704563
2022-09-21 16:50,2.0779451
2022-09-21 16:55,2.0779451
2022-09-21 17:00,2.0742007
2022-09-21 17:05,2.0854328
2022-09-21 17:10,2.0854328
2022-09-21 17:15,2.0891761
2022-09-21 17:20,2.0779451
2022-09-21 17:25,2.0816884
2022-09-21 17:30,2.0891761
2022-09-21 17:35,2.0891761
2022-09-21 17:40,2.0854328
2022-09-21 17:45,2.0929205
2022-09-21 17:50,2.0854328
2022-09-21 17:55,2.1004093
2022-09-21 18:00,2.0929205
2022-09-21 18:05,2.0929205
2022-09-21 18:10,2.0891761
2022-09-21 18:15,2.0929205
2022-09-21 18:20,2.1041537
2022-09-21 18:25,2.1004093
2022-09-21 18:30,2.0929205
2022-09-21 18:35,2.0966649
2022-09-21 18:40,2.1041537
2022-09-21 18:45,2.1041537
2022-09-21 18:50,2.1004093
2022-09-21 18:55,2.0929205
2022-09-21 19:00,2.1004093
2022-09-21 19:05,2.1041537
2022-09-21 19:10,2.1041537
2022-09-21 19:15,2.1004093
2022-09-21 19:20,2.1004093
2022-09-21 19:25,2.0929205
2022-09-21 19:30,2.107897
2022-09-21 19:35,2.1004093
2022-09-21 19:40,2.1041537
2022-09-21 19:45,2.107897
2022-09-21 19:50,2.1004093
2022-09-21 19:55,2.1041537
2022-09-21 20:00,2.1041537
2022-09-21 20:05,2.0966649
2022-09-21 20:10,2.1004093
2022-09-21 20:15,2.0966649
2022-09-21 20:20,2.1004093
2022-09-21 20:25,2.1004093
2022-09-21 20:30,2.107897
2022-09-21 20:35,2.1041537
2022-09-21 20:40,2.0966649
2022-09-21 20:45,2.107897
2022-09-21 20:50,2.1041537
2022-09-21 20:55,2.0929205
2022-09-21 21:00,2.107897
2022-09-21 21:05,2.107897
2022-09-21 21:10,2.1004093
2022-09-21 21:15,2.1004093
2022-09-21 21:20,2.0929205
2022-09-21 21:25,2.1041537
2022-09-21 21:30,2.1004093
2022-09-21 21:35,2.0966649
2022-09-21 21:40,2.0891761
2022-09-21 21:45,2.0929205
2022-09-21 21:50,2.0929205
2022-09-21 21:55,2.1041537
2022-09-21 22:00,2.0966649
2022-09-21 22:05,2.1004093
2022-09-21 22:10,2.0929205
2022-09-21 22:15,2.0966649
2022-09-21 22:20,2.1004093
2022-09-21 22:25,2.0929205
2022-09-21 22:30,2.1004093
2022-09-21 22:35,2.0854328
2022-09-21 22:40,2.0929205
2022-09-21 22:45,2.0929205
2022-09-21 22:50,2.0854328
2022-09-21 22:55,2.0854328
2022-09-21 23:00,2.0966649
2022-09-21 23:05,2.1004093
2022-09-21 23:10,2.0929205
2022-09-21 23:15,2.0929205
2022-09-21 23:20,2.0854328
2022-09-21 23:25,2.0966649
2022-09-21 23:30,2.0929205
2022-09-21 23:35,2.0929205
2022-09-21 23:40,2.0816884
2022-09-21 23:45,2.0891761
2022-09-21 23:50,2.0779451
2022-09-21 23:55,2.0929205
2022-09-22 0:00,2.0891761
2022-09-22 0:05,2.0891761
2022-09-22 0:10,2.0929205
2022-09-22 0:15,2.0779451
2022-09-22 0:20,2.0854328
2022-09-22 0:25,2.0854328
2022-09-22 0:30,2.0779451
2022-09-22 0:35,2.0816884
2022-09-22 0:40,2.0816884
2022-09-22 0:45,2.0854328
2022-09-22 0:50,2.0891761
2022-09-22 0:55,2.0742007
2022-09-22 1:00,2.0779451
2022-09-22 1:05,2.0891761
2022-09-22 1:10,2.0779451
2022-09-22 1:15,2.0742007
2022-09-22 1:20,2.0816884
2022-09-22 1:25,2.0816884
2022-09-22 1:30,2.0929205
2022-09-22 1:35,2.0854328
2022-09-22 1:40,2.0854328
2022-09-22 1:45,2.0854328
2022-09-22 1:50,2.0854328
2022-09-22 1:55,2.0779451
2022-09-22 2:00,2.0742007
2022-09-22 2:05,2.0779451
2022-09-22 2:10,2.0816884
2022-09-22 2:15,2.0779451
2022-09-22 2:20,2.0779451
2022-09-22 2:25,2.0704563
2022-09-22 2:30,2.0779451
2022-09-22 2:35,2.0704563
2022-09-22 2:40,2.0704563
2022-09-22 2:45,2.0854328
2022-09-22 2:50,2.0742007
2022-09-22 2:55,2.0742007
2022-09-22 3:00,2.0779451
2022-09-22 3:05,2.0779451
2022-09-22 3:10,2.0742007
2022-09-22 3:15,2.0854328
2022-09-22 3:20,2.0742007
2022-09-22 3:25,2.0854328
2022-09-22 3:30,2.0779451
2022-09-22 3:35,2.0704563
2022-09-22 3:40,2.0779451
2022-09-22 3:45,2.0779451
2022-09-22 3:50,2.0779451
2022-09-22 3:55,2.0816884
2022-09-22 4:00,2.0854328
2022-09-22 4:05,2.0779451
2022-09-22 4:10,2.0742007
2022-09-22 4:15,2.0779451
2022-09-22 4:20,2.0854328
2022-09-22 4:25,2.0742007
2022-09-22 4:30,2.0816884
2022-09-22 4:35,2.0742007
2022-09-22 4:40,2.0854328
2022-09-22 4:45,2.0854328
2022-09-22 4:50,2.0816884
2022-09-22 4:55,2.0779451
2022-09-22 5:00,2.0779451
2022-09-22 5:05,2.0742007
2022-09-22 5:10,2.0742007
2022-09-22 5:15,2.0779451
2022-09-22 5:20,2.0816884
2022-09-22 5:25,2.0779451
2022-09-22 5:30,2.0854328
2022-09-22 5:35,2.0854328
2022-09-22 5:40,2.0779451
2022-09-22 5:45,2.0854328
2022-09-22 5:50,2.066713
2022-09-22 5:55,2.0816884
2022-09-22 6:00,2.0779451
2022-09-22 6:05,2.0704563
2022-09-22 6:10,2.0816884
2022-09-22 6:15,2.0816884
2022-09-22 6:20,2.0742007
2022-09-22 6:25,2.0854328
2022-09-22 6:30,2.0854328
2022-09-22 6:35,2.0742007
2022-09-22 6:40,2.0742007
2022-09-22 6:45,2.066713
2022-09-22 6:50,2.0854328
2022-09-22 6:55,2.0854328
2022-09-22 7:00,2.0779451
2022-09-22 7:05,2.0629686
2022-09-22 7:10,2.0779451
2022-09-22 7:15,2.0554798
2022-09-22 7:20,2.0592242
2022-09-22 7:25,2.0554798
2022-09-22 7:30,2.0479921
2022-09-22 7:35,2.0554798
2022-09-22 7:40,2.0554798
2022-09-22 7:45,2.0629686
2022-09-22 7:50,2.066713
2022-09-22 7:55,2.0554798
2022-09-22 8:00,2.0592242
2022-09-22 8:05,2.0554798
2022-09-22 8:10,2.0629686
2022-09-22 8:15,2.0629686
2022-09-22 8:20,2.0742007
2022-09-22 8:25,2.0704563
2022-09-22 8:30,2.0816884
2022-09-22 8:35,2.0742007
2022-09-22 8:40,2.066713
2022-09-22 8:45,2.0704563
2022-09-22 8:50,2.0704563
2022-09-22 8:55,2.0704563
2022-09-22 9:00,2.0742007
2022-09-22 9:05,2.066713
2022-09-22 9:10,2.0554798
2022-09-22 9:15,2.0517365
2022-09-22 9:20,2.0554798
2022-09-22 9:25,2.0554798
2022-09-22 9:30,2.0554798
2022-09-22 9:35,2.0592242
2022-09-22 9:40,2.0479921
2022-09-22 9:45,2.0554798
2022-09-22 9:50,2.0517365
2022-09-22 9:55,2.0554798
2022-09-22 10:00,2.0554798
2022-09-22 10:05,2.0554798
2022-09-22 10:10,2.0517365
2022-09-22 10:15,2.0479921
2022-09-22 10:20,2.0592242
2022-09-22 10:25,2.0405044
2022-09-22 10:30,2.0479921
2022-09-22 10:35,2.0405044
2022-09-22 10:40,2.0479921
2022-09-22 10:45,2.0405044
2022-09-22 10:50,2.0479921
2022-09-22 10:55,2.0479921
2022-09-22 11:00,2.0330167
2022-09-22 11:05,2.0479921
2022-09-22 11:10,2.0479921
2022-09-22 11:15,2.0442477
2022-09-22 11:20,2.0330167
2022-09-22 11:25,2.0442477
2022-09-22 11:30,2.03676
2022-09-22 11:35,2.03676
2022-09-22 11:40,2.0330167
2022-09-22 11:45,2.0405044
2022-09-22 11:50,2.0405044
2022-09-22 11:55,2.0442477
2022-09-22 12:00,2.0442477
2022-09-22 12:05,2.0442477
2022-09-22 12:10,2.0405044
2022-09-22 12:15,2.03676
2022-09-22 12:20,2.0442477
2022-09-22 12:25,2.0442477
2022-09-22 12:30,2.0442477
2022-09-22 12:35,2.03676
2022-09-22 12:40,2.0442477
2022-09-22 12:45,2.03676
2022-09-22 12:50,2.0442477
2022-09-22 12:55,2.03676
2022-09-22 13:00,2.0442477
2022-09-22 13:05,2.0330167
2022-09-22 13:10,2.0554798
2022-09-22 13:15,2.0554798
2022-09-22 13:20,2.0517365
2022-09-22 13:25,2.0442477
2022-09-22 13:30,2.0704563
2022-09-22 13:35,2.0554798
2022-09-22 13:40,2.0779451
2022-09-22 13:45,2.0629686
2022-09-22 13:50,2.0704563
2022-09-22 13:55,2.066713
2022-09-22 14:00,2.0704563
2022-09-22 14:05,2.0704563
2022-09-22 14:10,2.066713
2022-09-22 14:15,2.0742007
2022-09-22 14:20,2.0742007
2022-09-22 14:25,2.0704563
2022-09-22 14:30,2.0629686
2022-09-22 14:35,2.0704563
2022-09-22 14:40,2.0629686
2022-09-22 14:45,2.0816884
2022-09-22 14:50,2.066713
2022-09-22 14:55,2.0742007
2022-09-22 15:00,2.0854328
2022-09-22 15:05,2.0704563
2022-09-22 15:10,2.0816884
2022-09-22 15:15,2.066713
2022-09-22 15:20,2.0704563
2022-09-22 15:25,2.0742007
2022-09-22 15:30,2.0704563
2022-09-22 15:35,2.0779451
2022-09-22 15:40,2.0704563
2022-09-22 15:45,2.0816884
2022-09-22 15:50,2.0704563
2022-09-22 15:55,2.0704563
2022-09-22 16:00,2.0816884
2022-09-22 16:05,2.0779451
2022-09-22 16:10,2.0779451
2022-09-22 16:15,2.0779451
2022-09-22 16:20,2.0854328
2022-09-22 16:25,2.0929205
2022-09-22 16:30,2.0929205
2022-09-22 16:35,2.0891761
2022-09-22 16:40,2.0929205
2022-09-22 16:45,2.0929205
2022-09-22 16:50,2.0891761
2022-09-22 16:55,2.0891761
2022-09-22 17:00,2.0929205
2022-09-22 17:05,2.0966649
2022-09-22 17:10,2.0966649
2022-09-22 17:15,2.0891761
2022-09-22 17:20,2.0929205
2022-09-22 17:25,2.0891761
2022-09-22 17:30,2.0891761
2022-09-22 17:35,2.1004093
2022-09-22 17:40,2.0966649
2022-09-22 17:45,2.0966649
2022-09-22 17:50,2.0966649
2022-09-22 17:55,2.1041537
2022-09-22 18:00,2.0966649
2022-09-22 18:05,2.1004093
2022-09-22 18:10,2.1041537
2022-09-22 18:15,2.107897
2022-09-22 18:20,2.0929205
2022-09-22 18:25,2.107897
2022-09-22 18:30,2.1116414
2022-09-22 18:35,2.1004093
2022-09-22 18:40,2.107897
2022-09-22 18:45,2.1153847
2022-09-22 18:50,2.1041537
2022-09-22 18:55,2.1041537
2022-09-22 19:00,2.1153847
2022-09-22 19:05,2.1153847
2022-09-22 19:10,2.1153847
2022-09-22 19:15,2.1191291
2022-09-22 19:20,2.107897
2022-09-22 19:25,2.107897
2022-09-22 19:30,2.1116414
2022-09-22 19:35,2.1153847
2022-09-22 19:40,2.107897
2022-09-22 19:45,2.107897
2022-09-22 19:50,2.107897
2022-09-22 19:55,2.1041537
2022-09-22 20:00,2.107897
2022-09-22 20:05,2.1116414
2022-09-22 20:10,2.1153847
2022-09-22 20:15,2.1041537
2022-09-22 20:20,2.1116414
2022-09-22 20:25,2.107897
2022-09-22 20:30,2.1153847
2022-09-22 20:35,2.1153847
2022-09-22 20:40,2.1191291
2022-09-22 20:45,2.1153847
2022-09-22 20:50,2.1041537
2022-09-22 20:55,2.107897
2022-09-22 21:00,2.1153847
2022-09-22 21:05,2.1041537
2022-09-22 21:10,2.1153847
2022-09-22 21:15,2.1116414
2022-09-22 21:20,2.1153847
2022-09-22 21:25,2.1116414
2022-09-22 21:30,2.1116414
2022-09-22 21:35,2.1041537
2022-09-22 21:40,2.107897
2022-09-22 21:45,2.107897
2022-09-22 21:50,2.1004093
2022-09-22 21:55,2.0966649
2022-09-22 22:00,2.107897
2022-09-22 22:05,2.1041537
2022-09-22 22:10,2.1116414
2022-09-22 22:15,2.107897
2022-09-22 22:20,2.1153847
2022-09-22 22:25,2.1116414
2022-09-22 22:30,2.1004093
2022-09-22 22:35,2.1004093
2022-09-22 22:40,2.107897
2022-09-22 22:45,2.1004093
2022-09-22 22:50,2.0966649
2022-09-22 22:55,2.1041537
2022-09-22 23:00,2.1004093
2022-09-22 23:05,2.1153847
2022-09-22 23:10,2.107897
2022-09-22 23:15,2.1116414
2022-09-22 23:20,2.107897
2022-09-22 23:25,2.0966649
2022-09-22 23:30,2.107897
2022-09-22 23:35,2.1004093
2022-09-22 23:40,2.1041537
2022-09-22 23:45,2.1116414
2022-09-22 23:50,2.0966649
2022-09-22 23:55,2.1041537
2022-09-23 0:00,2.107897
2022-09-23 0:05,2.0966649
2022-09-23 0:10,2.0966649
2022-09-23 0:15,2.0966649
2022-09-23 0:20,2.1041537
2022-09-23 0:25,2.1004093
2022-09-23 0:30,2.0966649
2022-09-23 0:35,2.1004093
2022-09-23 0:40,2.0966649
2022-09-23 0:45,2.1004093
2022-09-23 0:50,2.0929205
2022-09-23 0:55,2.1004093
2022-09-23 1:00,2.1041537
2022-09-23 1:05,2.1004093
2022-09-23 1:10,2.0966649
2022-09-23 1:15,2.1041537
2022-09-23 1:20,2.107897
2022-09-23 1:25,2.1004093
2022-09-23 1:30,2.0966649
2022-09-23 1:35,2.1004093
2022-09-23 1:40,2.0966649
2022-09-23 1:45,2.107897
2022-09-23 1:50,2.1116414
2022-09-23 1:55,2.1004093
2022-09-23 2:00,2.1041537
2022-09-23 2:05,2.1116414
2022-09-23 2:10,2.0966649
2022-09-23 2:15,2.0966649
2022-09-23 2:20,2.107897
2022-09-23 2:25,2.0966649
2022-09-23 2:30,2.0966649
2022-09-23 2:35,2.1004093
2022-09-23 2:40,2.1041537
2022-09-23 2:45,2.1004093
2022-09-23 2:50,2.0966649
2022-09-23 2:55,2.0929205
2022-09-23 3:00,2.107897
2022-09-23 3:05,2.0966649
2022-09-23 3:10,2.1004093
2022-09-23 3:15,2.1041537
2022-09-23 3:20,2.0966649
2022-09-23 3:25,2.0929205
2022-09-23 3:30,2.0929205
2022-09-23 3:35,2.0929205
2022-09-23 3:40,2.0929205
2022-09-23 3:45,2.0929205
2022-09-23 3:50,2.0929205
2022-09-23 3:55,2.0966649
2022-09-23 4:00,2.0891761
2022-09-23 4:05,2.0966649
2022-09-23 4:10,2.0966649
2022-09-23 4:15,2.1004093
2022-09-23 4:20,2.0891761
2022-09-23 4:25,2.1004093
2022-09-23 4:30,2.0929205
2022-09-23 4:35,2.1041537
2022-09-23 4:40,2.0891761
2022-09-23 4:45,2.1004093
2022-09-23 4:50,2.0816884
2022-09-23 4:55,2.0929205
2022-09-23 5:00,2.0929205
2022-09-23 5:05,2.0854328
2022-09-23 5:10,2.0816884
2022-09-23 5:15,2.0816884
2022-09-23 5:20,2.0891761
2022-09-23 5:25,2.0816884
2022-09-23 5:30,2.0854328
2022-09-23 5:35,2.0891761
2022-09-23 5:40,2.0816884
2022-09-23 5:45,2.0816884
2022-09-23 5:50,2.0816884
2022-09-23 5:55,2.0929205
2022-09-23 6:00,2.0891761
2022-09-23 6:05,2.0891761
2022-09-23 6:10,2.0891761
2022-09-23 6:15,2.0891761
2022-09-23 6:20,2.0854328
2022-09-23 6:25,2.0779451
2022-09-23 6:30,2.0854328
2022-09-23 6:35,2.0854328
2022-09-23 6:40,2.0704563
2022-09-23 6:45,2.0779451
2022-09-23 6:50,2.0704563
2022-09-23 6:55,2.0742007
2022-09-23 7:00,2.066713
2022-09-23 7:05,2.0704563
2022-09-23 7:10,2.0816884
2022-09-23 7:15,2.0816884
2022-09-23 7:20,2.0704563
2022-09-23 7:25,2.0629686
2022-09-23 7:30,2.0816884
2022-09-23 7:35,2.0816884
2022-09-23 7:40,2.0779451
2022-09-23 7:45,2.0742007
2022-09-23 7:50,2.0742007
2022-09-23 7:55,2.0742007
2022-09-23 8:00,2.0704563
2022-09-23 8:05,2.0704563
2022-09-23 8:10,2.066713
2022-09-23 8:15,2.0816884
2022-09-23 8:20,2.0779451
2022-09-23 8:25,2.066713
2022-09-23 8:30,2.0629686
2022-09-23 8:35,2.0704563
2022-09-23 8:40,2.0779451
2022-09-23 8:45,2.0779451
2022-09-23 8:50,2.0816884
2022-09-23 8:55,2.0816884
2022-09-23 9:00,2.0779451
2022-09-23 9:05,2.066713
2022-09-23 9:10,2.0629686
2022-09-23 9:15,2.0704563
2022-09-23 9:20,2.0704563
2022-09-23 9:25,2.0779451
2022-09-23 9:30,2.0629686
2022-09-23 9:35,2.066713
2022-09-23 9:40,2.0592242
2022-09-23 9:45,2.066713
2022-09-23 9:50,2.0704563
2022-09-23 9:55,2.0704563
2022-09-23 10:00,2.0629686
2022-09-23 10:05,2.0592242
2022-09-23 10:10,2.0629686
2022-09-23 10:15,2.066713
2022-09-23 10:20,2.0629686
2022-09-23 10:25,2.066713
2022-09-23 10:30,2.0742007
2022-09-23 10:35,2.0816884
2022-09-23 10:40,2.0704563
2022-09-23 10:45,2.0816884
2022-09-23 10:50,2.0779451
2022-09-23 10:55,2.0742007
2022-09-23 11:00,2.0742007
2022-09-23 11:05,2.0742007
2022-09-23 11:10,2.0779451
2022-09-23 11:15,2.0742007
2022-09-23 11:20,2.0891761
2022-09-23 11:25,2.0929205
2022-09-23 11:30,2.1041537
2022-09-23 11:35,2.0966649
2022-09-23 11:40,2.0966649
2022-09-23 11:45,2.0929205
2022-09-23 11:50,2.1004093
2022-09-23 11:55,2.0929205
2022-09-23 12:00,2.1004093
2022-09-23 12:05,2.0966649
2022-09-23 12:10,2.0966649
2022-09-23 12:15,2.1004093
2022-09-23 12:20,2.0929205
2022-09-23 12:25,2.0929205
2022-09-23 12:30,2.0854328
2022-09-23 12:35,2.0854328
2022-09-23 12:40,2.0929205
2022-09-23 12:45,2.0816884
2022-09-23 12:50,2.0929205
2022-09-23 12:55,2.0891761
2022-09-23 13:00,2.0854328
2022-09-23 13:05,2.1116414
2022-09-23 13:10,2.107897
2022-09-23 13:15,2.1004093
2022-09-23 13:20,2.0891761
2022-09-23 13:25,2.0929205
2022-09-23 13:30,2.1153847
2022-09-23 13:35,2.0929205
2022-09-23 13:40,2.1004093
2022-09-23 13:45,2.1004093
2022-09-23 13:50,2.1153847
2022-09-23 13:55,2.0966649
2022-09-23 14:00,2.1041537
2022-09-23 14:05,2.1116414
2022-09-23 14:10,2.107897
2022-09-23 14:15,2.1191291
2022-09-23 14:20,2.1116414
2022-09-23 14:25,2.1116414
2022-09-23 14:30,2.1191291
2022-09-23 14:35,2.1041537
2022-09-23 14:40,2.1191291
2022-09-23 14:45,2.1116414
2022-09-23 14:50,2.1116414
2022-09-23 14:55,2.1116414
2022-09-23 15:00,2.1116414
2022-09-23 15:05,2.1228735
2022-09-23 15:10,2.1266168
2022-09-23 15:15,2.1266168
2022-09-23 15:20,2.1228735
2022-09-23 15:25,2.1228735
2022-09-23 15:30,2.1153847
2022-09-23 15:35,2.1303612
2022-09-23 15:40,2.1191291
2022-09-23 15:45,2.1153847
2022-09-23 15:50,2.1266168
2022-09-23 15:55,2.1191291
2022-09-23 16:00,2.1266168
2022-09-23 16:05,2.1266168
2022-09-23 16:10,2.1266168
2022-09-23 16:15,2.1303612
2022-09-23 16:20,2.1266168
2022-09-23 16:25,2.1191291
2022-09-23 16:30,2.1303612
2022-09-23 16:35,2.1341056
2022-09-23 16:40,2.1228735
2022-09-23 16:45,2.1378489
2022-09-23 16:50,2.1453377
2022-09-23 16:55,2.1415933
2022-09-23 17:00,2.1341056
2022-09-23 17:05,2.1303612
2022-09-23 17:10,2.1453377
2022-09-23 17:15,2.1341056
2022-09-23 17:20,2.1341056
2022-09-23 17:25,2.1453377
2022-09-23 17:30,2.1378489
2022-09-23 17:35,2.1378489
2022-09-23 17:40,2.1490821
2022-09-23 17:45,2.1453377
2022-09-23 17:50,2.1528254
2022-09-23 17:55,2.1565698
2022-09-23 18:00,2.1528254
2022-09-23 18:05,2.1415933
2022-09-23 18:10,2.1453377
2022-09-23 18:15,2.1490821
2022-09-23 18:20,2.1565698
2022-09-23 18:25,2.1528254
2022-09-23 18:30,2.1528254
2022-09-23 18:35,2.1378489
2022-09-23 18:40,2.1565698
2022-09-23 18:45,2.1528254
2022-09-23 18:50,2.1528254
2022-09-23 18:55,2.1603131
2022-09-23 19:00,2.1490821
2022-09-23 19:05,2.1603131
2022-09-23 19:10,2.1603131
2022-09-23 19:15,2.1603131
2022-09-23 19:20,2.1565698
2022-09-23 19:25,2.1603131
2022-09-23 19:30,2.1528254
2022-09-23 19:35,2.1565698
2022-09-23 19:40,2.1528254
2022-09-23 19:45,2.1528254
2022-09-23 19:50,2.1490821
2022-09-23 19:55,2.1528254
2022-09-23 20:00,2.1490821
2022-09-23 20:05,2.1603131
2022-09-23 20:10,2.1528254
2022-09-23 20:15,2.1565698
2022-09-23 20:20,2.1565698
2022-09-23 20:25,2.1565698
2022-09-23 20:30,2.1640575
2022-09-23 20:35,2.1603131
2022-09-23 20:40,2.1528254
2022-09-23 20:45,2.1640575
2022-09-23 20:50,2.1603131
2022-09-23 20:55,2.1528254
2022-09-23 21:00,2.1565698
2022-09-23 21:05,2.1490821
2022-09-23 21:10,2.1603131
2022-09-23 21:15,2.1528254
2022-09-23 21:20,2.1528254
2022-09-23 21:25,2.1528254
2022-09-23 21:30,2.1565698
2022-09-23 21:35,2.1528254
2022-09-23 21:40,2.1490821
2022-09-23 21:45,2.1565698
2022-09-23 21:50,2.1603131
2022-09-23 21:55,2.1490821
2022-09-23 22:00,2.1565698
2022-09-23 22:05,2.1565698
2022-09-23 22:10,2.1528254
2022-09-23 22:15,2.1603131
2022-09-23 22:20,2.1528254
2022-09-23 22:25,2.1528254
2022-09-23 22:30,2.1603131
2022-09-23 22:35,2.1565698
2022-09-23 22:40,2.1528254
2022-09-23 22:45,2.1528254
2022-09-23 22:50,2.1528254
2022-09-23 22:55,2.1528254
2022-09-23 23:00,2.1528254
2022-09-23 23:05,2.1565698
2022-09-23 23:10,2.1565698
2022-09-23 23:15,2.1490821
2022-09-23 23:20,2.1490821
2022-09-23 23:25,2.1453377
2022-09-23 23:30,2.1453377
2022-09-23 23:35,2.1565698
2022-09-23 23:40,2.1528254
2022-09-23 23:45,2.1490821
2022-09-23 23:50,2.1565698
2022-09-23 23:55,2.1528254
2022-09-24 0:00,2.1565698
2022-09-24 0:05,2.1528254
2022-09-24 0:10,2.1490821
2022-09-24 0:15,2.1528254
2022-09-24 0:20,2.1490821
2022-09-24 0:25,2.1565698
2022-09-24 0:30,2.1490821
2022-09-24 0:35,2.1565698
2022-09-24 0:40,2.1565698
2022-09-24 0:45,2.1490821
2022-09-24 0:50,2.1490821
2022-09-24 0:55,2.1528254
2022-09-24 1:00,2.1528254
2022-09-24 1:05,2.1528254
2022-09-24 1:10,2.1490821
2022-09-24 1:15,2.1603131
2022-09-24 1:20,2.1603131
2022-09-24 1:25,2.1490821
2022-09-24 1:30,2.1528254
2022-09-24 1:35,2.1565698
2022-09-24 1:40,2.1528254
2022-09-24 1:45,2.1603131
2022-09-24 1:50,2.1528254
2022-09-24 1:55,2.1528254
2022-09-24 2:00,2.1528254
2022-09-24 2:05,2.1565698
2022-09-24 2:10,2.1528254
2022-09-24 2:15,2.1490821
2022-09-24 2:20,2.1528254
2022-09-24 2:25,2.1528254
2022-09-24 2:30,2.1490821
2022-09-24 2:35,2.1490821
2022-09-24 2:40,2.1490821
2022-09-24 2:45,2.1490821
2022-09-24 2:50,2.1565698
2022-09-24 2:55,2.1528254
2022-09-24 3:00,2.1490821
2022-09-24 3:05,2.1528254
2022-09-24 3:10,2.1528254
2022-09-24 3:15,2.1528254
2022-09-24 3:20,2.1490821
2022-09-24 3:25,2.1565698
2022-09-24 3:30,2.1453377
2022-09-24 3:35,2.1603131
2022-09-24 3:40,2.1603131
2022-09-24 3:45,2.1528254
2022-09-24 3:50,2.1565698
2022-09-24 3:55,2.1565698
2022-09-24 4:00,2.1565698
2022-09-24 4:05,2.1528254
2022-09-24 4:10,2.1490821
2022-09-24 4:15,2.1565698
2022-09-24 4:20,2.1565698
2022-09-24 4:25,2.1603131
2022-09-24 4:30,2.1490821
2022-09-24 4:35,2.1565698
2022-09-24 4:40,2.1565698
2022-09-24 4:45,2.1490821
2022-09-24 4:50,2.1528254
2022-09-24 4:55,2.1565698
2022-09-24 5:00,2.1565698
2022-09-24 5:05,2.1415933
2022-09-24 5:10,2.1415933
2022-09-24 5:15,2.1528254
2022-09-24 5:20,2.1528254
2022-09-24 5:25,2.1378489
2022-09-24 5:30,2.1528254
2022-09-24 5:35,2.1490821
2022-09-24 5:40,2.1565698
2022-09-24 5:45,2.1490821
2022-09-24 5:50,2.1415933
2022-09-24 5:55,2.1565698
2022-09-24 6:00,2.1490821
2022-09-24 6:05,2.1453377
2022-09-24 6:10,2.1490821
2022-09-24 6:15,2.1453377
2022-09-24 6:20,2.1528254
2022-09-24 6:25,2.1453377
2022-09-24 6:30,2.1490821
2022-09-24 6:35,2.1453377
2022-09-24 6:40,2.1453377
2022-09-24 6:45,2.1453377
2022-09-24 6:50,2.1565698
2022-09-24 6:55,2.1490821
2022-09-24 7:00,2.1453377
2022-09-24 7:05,2.1490821
2022-09-24 7:10,2.1453377
2022-09-24 7:15,2.1565698
2022-09-24 7:20,2.1415933
2022-09-24 7:25,2.1490821
2022-09-24 7:30,2.1378489
2022-09-24 7:35,2.1453377
2022-09-24 7:40,2.1415933
2022-09-24 7:45,2.1453377
2022-09-24 7:50,2.1453377
2022-09-24 7:55,2.1415933
2022-09-24 8:00,2.1415933
2022-09-24 8:05,2.1415933
2022-09-24 8:10,2.1415933
2022-09-24 8:15,2.1378489
2022-09-24 8:20,2.1378489
2022-09-24 8:25,2.1191291
2022-09-24 8:30,2.1266168
2022-09-24 8:35,2.1303612
2022-09-24 8:40,2.1228735
2022-09-24 8:45,2.1228735
2022-09-24 8:50,2.1228735
2022-09-24 8:55,2.1228735
2022-09-24 9:00,2.1228739
2022-09-24 9:05,2.1266172
2022-09-24 9:10,2.134106
2022-09-24 9:15,2.1228739
2022-09-24 9:20,2.1378493
2022-09-24 9:25,2.1303616
2022-09-24 9:30,2.1266172
2022-09-24 9:35,2.1266172
2022-09-24 9:40,2.1415937
2022-09-24 9:45,2.134106
2022-09-24 9:50,2.1266172
2022-09-24 9:55,2.1266172
2022-09-24 10:00,2.1378493
2022-09-24 10:05,2.134106
2022-09-24 10:10,2.1603135
2022-09-24 10:15,2.1378493
2022-09-24 10:20,2.145337
2022-09-24 10:25,2.1640579
2022-09-24 10:30,2.1490814
2022-09-24 10:35,2.1603135
2022-09-24 10:40,2.1603135
2022-09-24 10:45,2.1603135
2022-09-24 10:50,2.1715456
2022-09-24 10:55,2.1715456
2022-09-24 11:00,2.1715456
2022-09-24 11:05,2.1715456
2022-09-24 11:10,2.1790344
2022-09-24 11:15,2.17529
2022-09-24 11:20,2.1790344
2022-09-24 11:25,2.1715456
2022-09-24 11:30,2.1827777
2022-09-24 11:35,2.1790344
2022-09-24 11:40,2.17529
2022-09-24 11:45,2.1528258
2022-09-24 11:50,2.1865221
2022-09-24 11:55,2.1715456
2022-09-24 12:00,2.1827777
2022-09-24 12:05,2.1790344
2022-09-24 12:10,2.1715456
2022-09-24 12:15,2.205243
2022-09-24 12:20,2.1977542
2022-09-24 12:25,2.1865221
2022-09-24 12:30,2.1865221
2022-09-24 12:35,2.1902665
2022-09-24 12:40,2.1902665
2022-09-24 12:45,2.1902665
2022-09-24 12:50,2.2089863
2022-09-24 12:55,2.205243
2022-09-24 13:00,2.216474
2022-09-24 13:05,2.1940098
2022-09-24 13:10,2.2202184
2022-09-24 13:15,2.2089863
2022-09-24 13:20,2.205243
2022-09-24 13:25,2.2014986
2022-09-24 13:30,2.1940098
2022-09-24 13:35,2.205243
2022-09-24 13:40,2.1977542
2022-09-24 13:45,2.205243
2022-09-24 13:50,2.216474
2022-09-24 13:55,2.1902665
2022-09-24 14:00,2.2089863
2022-09-24 14:05,2.2089863
2022-09-24 14:10,2.2089863
2022-09-24 14:15,2.216474
2022-09-24 14:20,2.2277061
2022-09-24 14:25,2.216474
2022-09-24 14:30,2.2314505
2022-09-24 14:35,2.2314505
2022-09-24 14:40,2.2314505
2022-09-24 14:45,2.2239628
2022-09-24 14:50,2.2426826
2022-09-24 14:55,2.2351949
2022-09-24 15:00,2.2426826
2022-09-24 15:05,2.246427
2022-09-24 15:10,2.2501714
2022-09-24 15:15,2.2501714
2022-09-24 15:20,2.2501714
2022-09-24 15:25,2.2501714
2022-09-24 15:30,2.2539147
2022-09-24 15:35,2.2501714
2022-09-24 15:40,2.2426826
2022-09-24 15:45,2.246427
2022-09-24 15:50,2.2501714
2022-09-24 15:55,2.246427
2022-09-24 16:00,2.246427
2022-09-24 16:05,2.2614024
2022-09-24 16:10,2.2614024
2022-09-24 16:15,2.2539147
2022-09-24 16:20,2.2614024
2022-09-24 16:25,2.2688912
2022-09-24 16:30,2.2614024
2022-09-24 16:35,2.2651468
2022-09-24 16:40,2.2651468
2022-09-24 16:45,2.2651468
2022-09-24 16:50,2.2651468
2022-09-24 16:55,2.2726345
2022-09-24 17:00,2.2614024
2022-09-24 17:05,2.2726345
2022-09-24 17:10,2.2726345
2022-09-24 17:15,2.2688912
2022-09-24 17:20,2.2614024
2022-09-24 17:25,2.2726345
2022-09-24 17:30,2.2688912
2022-09-24 17:35,2.2688912
2022-09-24 17:40,2.2763789
2022-09-24 17:45,2.2726345
2022-09-24 17:50,2.2688912
2022-09-24 17:55,2.287611
2022-09-24 18:00,2.2763789
2022-09-24 18:05,2.2726345
2022-09-24 18:10,2.2838677
2022-09-24 18:15,2.287611
2022-09-24 18:20,2.2763789
2022-09-24 18:25,2.287611
2022-09-24 18:30,2.287611
2022-09-24 18:35,2.2913554
2022-09-24 18:40,2.2763789
2022-09-24 18:45,2.2838677
2022-09-24 18:50,2.2763789
2022-09-24 18:55,2.287611
2022-09-24 19:00,2.2838677
2022-09-24 19:05,2.2801233
2022-09-24 19:10,2.2726345
2022-09-24 19:15,2.2801233
2022-09-24 19:20,2.287611
2022-09-24 19:25,2.2763789
2022-09-24 19:30,2.2726345
2022-09-24 19:35,2.2801233
2022-09-24 19:40,2.287611
2022-09-24 19:45,2.2838677
2022-09-24 19:50,2.2838677
2022-09-24 19:55,2.2913554
2022-09-24 20:00,2.2763789
2022-09-24 20:05,2.2763789
2022-09-24 20:10,2.2726345
2022-09-24 20:15,2.2838677
2022-09-24 20:20,2.2801233
2022-09-24 20:25,2.2726345
2022-09-24 20:30,2.2838677
2022-09-24 20:35,2.2801233
2022-09-24 20:40,2.2838677
2022-09-24 20:45,2.2763789
2022-09-24 20:50,2.2726345
2022-09-24 20:55,2.2801233
2022-09-24 21:00,2.2801233
2022-09-24 21:05,2.2726345
2022-09-24 21:10,2.2838677
2022-09-24 21:15,2.2763789
2022-09-24 21:20,2.2763789
2022-09-24 21:25,2.2726345
2022-09-24 21:30,2.2726345
2022-09-24 21:35,2.2838677
2022-09-24 21:40,2.2651468
2022-09-24 21:45,2.2688912
2022-09-24 21:50,2.2726345
2022-09-24 21:55,2.2688912
2022-09-24 22:00,2.2726345
2022-09-24 22:05,2.2801233
2022-09-24 22:10,2.2688912
2022-09-24 22:15,2.2576591
2022-09-24 22:20,2.2688912
2022-09-24 22:25,2.2576591
2022-09-24 22:30,2.2726345
2022-09-24 22:35,2.2651468
2022-09-24 22:40,2.2651468
2022-09-24 22:45,2.2614024
2022-09-24 22:50,2.2688912
2022-09-24 22:55,2.2688912
2022-09-24 23:00,2.2614024
2022-09-24 23:05,2.2688912
2022-09-24 23:10,2.2576591
2022-09-24 23:15,2.2688912
2022-09-24 23:20,2.2688912
2022-09-24 23:25,2.2576591
2022-09-24 23:30,2.2688912
2022-09-24 23:35,2.2614024
2022-09-24 23:40,2.2614024
2022-09-24 23:45,2.2614024
2022-09-24 23:50,2.2501714
2022-09-24 23:55,2.2614024
2022-09-25 0:00,2.2651468
2022-09-25 0:05,2.2539147
2022-09-25 0:10,2.2539147
2022-09-25 0:15,2.2614024
2022-09-25 0:20,2.2576591
2022-09-25 0:25,2.2539147
2022-09-25 0:30,2.2576591
2022-09-25 0:35,2.2651468
2022-09-25 0:40,2.2539147
2022-09-25 0:45,2.2576591
2022-09-25 0:50,2.2614024
2022-09-25 0:55,2.2651468
2022-09-25 1:00,2.2539147
2022-09-25 1:05,2.2651468
2022-09-25 1:10,2.2539147
2022-09-25 1:15,2.2539147
2022-09-25 1:20,2.246427
2022-09-25 1:25,2.246427
2022-09-25 1:30,2.2539147
2022-09-25 1:35,2.2501714
2022-09-25 1:40,2.2539147
2022-09-25 1:45,2.2539147
2022-09-25 1:50,2.2426826
2022-09-25 1:55,2.2539147
2022-09-25 2:00,2.246427
2022-09-25 2:05,2.246427
2022-09-25 2:10,2.2501714
2022-09-25 2:15,2.2576591
2022-09-25 2:20,2.2539147
2022-09-25 2:25,2.2426826
2022-09-25 2:30,2.246427
2022-09-25 2:35,2.2501714
2022-09-25 2:40,2.2426826
2022-09-25 2:45,2.2501714
2022-09-25 2:50,2.2426826
2022-09-25 2:55,2.246427
2022-09-25 3:00,2.2539147
2022-09-25 3:05,2.2501714
2022-09-25 3:10,2.2539147
2022-09-25 3:15,2.2501714
2022-09-25 3:20,2.2389393
2022-09-25 3:25,2.2501714
2022-09-25 3:30,2.246427
2022-09-25 3:35,2.2426826
2022-09-25 3:40,2.246427
2022-09-25 3:45,2.2501714
2022-09-25 3:50,2.2501714
2022-09-25 3:55,2.246427
2022-09-25 4:00,2.2539147
2022-09-25 4:05,2.2426826
2022-09-25 4:10,2.2501714
2022-09-25 4:15,2.2426826
2022-09-25 4:20,2.2501714
2022-09-25 4:25,2.246427
2022-09-25 4:30,2.2389393
2022-09-25 4:35,2.2426826
2022-09-25 4:40,2.246427
2022-09-25 4:45,2.2389393
2022-09-25 4:50,2.2426826
2022-09-25 4:55,2.2351949
2022-09-25 5:00,2.2314505
2022-09-25 5:05,2.2314505
2022-09-25 5:10,2.2389393
2022-09-25 5:15,2.2351949
2022-09-25 5:20,2.2351949
2022-09-25 5:25,2.2351949
2022-09-25 5:30,2.2426826
2022-09-25 5:35,2.2389393
2022-09-25 5:40,2.2351949
2022-09-25 5:45,2.2389393
2022-09-25 5:50,2.2277061
2022-09-25 5:55,2.2389393
2022-09-25 6:00,2.2314505
2022-09-25 6:05,2.2314505
2022-09-25 6:10,2.2389393
2022-09-25 6:15,2.2314505
2022-09-25 6:20,2.2277061
2022-09-25 6:25,2.2314505
2022-09-25 6:30,2.2351949
2022-09-25 6:35,2.2389393
2022-09-25 6:40,2.2389393
2022-09-25 6:45,2.2314505
2022-09-25 6:50,2.2239628
2022-09-25 6:55,2.2277061
2022-09-25 7:00,2.2389393
2022-09-25 7:05,2.2239628
2022-09-25 7:10,2.2277061
2022-09-25 7:15,2.2277061
2022-09-25 7:20,2.2314505
2022-09-25 7:25,2.2277061
2022-09-25 7:30,2.2314505
2022-09-25 7:35,2.2277061
2022-09-25 7:40,2.2239628
2022-09-25 7:45,2.2389393
2022-09-25 7:50,2.2351949
2022-09-25 7:55,2.2351949
2022-09-25 8:00,2.2389393
2022-09-25 8:05,2.2314505
2022-09-25 8:10,2.2239628
2022-09-25 8:15,2.2277061
2022-09-25 8:20,2.2389393
2022-09-25 8:25,2.2277061
2022-09-25 8:30,2.2389393
2022-09-25 8:35,2.2239628
2022-09-25 8:40,2.2351949
2022-09-25 8:45,2.2277061
2022-09-25 8:50,2.2389393
2022-09-25 8:55,2.2351949
2022-09-25 9:00,2.2351949
2022-09-25 9:05,2.2314505
2022-09-25 9:10,2.2389393
2022-09-25 9:15,2.2314505
2022-09-25 9:20,2.2389393
2022-09-25 9:25,2.2426826
2022-09-25 9:30,2.2426826
2022-09-25 9:35,2.2314505
2022-09-25 9:40,2.2277061
2022-09-25 9:45,2.2277061
2022-09-25 9:50,2.2351949
2022-09-25 9:55,2.2314505
2022-09-25 10:00,2.246427
2022-09-25 10:05,2.2501714
2022-09-25 10:10,2.2501714
2022-09-25 10:15,2.2389393
2022-09-25 10:20,2.2314505
2022-09-25 10:25,2.2351949
2022-09-25 10:30,2.2389393
2022-09-25 10:35,2.2501714
2022-09-25 10:40,2.2389393
2022-09-25 10:45,2.2426826
2022-09-25 10:50,2.2501714
2022-09-25 10:55,2.2389393
2022-09-25 11:00,2.246427
2022-09-25 11:05,2.2389393
2022-09-25 11:10,2.2389393
2022-09-25 11:15,2.2426826
2022-09-25 11:20,2.2351949
2022-09-25 11:25,2.2351949
2022-09-25 11:30,2.2389393
2022-09-25 11:35,2.2426826
2022-09-25 11:40,2.2351949
2022-09-25 11:45,2.2426826
2022-09-25 11:50,2.2426826
2022-09-25 11:55,2.2426826
2022-09-25 12:00,2.2389393
2022-09-25 12:05,2.2389393
2022-09-25 12:10,2.2389393
2022-09-25 12:15,2.2351949
2022-09-25 12:20,2.2351949
2022-09-25 12:25,2.2351949
2022-09-25 12:30,2.2389393
2022-09-25 12:35,2.2501714
2022-09-25 12:40,2.2351949
2022-09-25 12:45,2.246427
2022-09-25 12:50,2.2426826
2022-09-25 12:55,2.2576591
2022-09-25 13:00,2.2688912
2022-09-25 13:05,2.2539147
2022-09-25 13:10,2.2651468
2022-09-25 13:15,2.2576591
2022-09-25 13:20,2.2688912
2022-09-25 13:25,2.2801233
2022-09-25 13:30,2.2801233
2022-09-25 13:35,2.2763789
2022-09-25 13:40,2.2801233
2022-09-25 13:45,2.2801233
2022-09-25 13:50,2.2726345
2022-09-25 13:55,2.287611
2022-09-25 14:00,2.2838677
2022-09-25 14:05,2.2801233
2022-09-25 14:10,2.2838677
2022-09-25 14:15,2.2838677
2022-09-25 14:20,2.2913554
2022-09-25 14:25,2.2913554
2022-09-25 14:30,2.2913554
2022-09-25 14:35,2.2988431
2022-09-25 14:40,2.287611
2022-09-25 14:45,2.2913554
2022-09-25 14:50,2.2913554
2022-09-25 14:55,2.2988431
2022-09-25 15:00,2.287611
2022-09-25 15:05,2.287611
2022-09-25 15:10,2.3025875
2022-09-25 15:15,2.3025875
2022-09-25 15:20,2.3025875
2022-09-25 15:25,2.3100752
2022-09-25 15:30,2.3138196
2022-09-25 15:35,2.3063308
2022-09-25 15:40,2.3063308
2022-09-25 15:45,2.3025875
2022-09-25 15:50,2.3025875
2022-09-25 15:55,2.3100752
2022-09-25 16:00,2.3063308
2022-09-25 16:05,2.3063308
2022-09-25 16:10,2.3100752
2022-09-25 16:15,2.3100752
2022-09-25 16:20,2.3138196
2022-09-25 16:25,2.3213084
2022-09-25 16:30,2.3138196
2022-09-25 16:35,2.3213084
2022-09-25 16:40,2.3063308
2022-09-25 16:45,2.3100752
2022-09-25 16:50,2.3063308
2022-09-25 16:55,2.3138196
2022-09-25 17:00,2.3100752
2022-09-25 17:05,2.3213084
2022-09-25 17:10,2.3250517
2022-09-25 17:15,2.3213084
2022-09-25 17:20,2.3287961
2022-09-25 17:25,2.3213084
2022-09-25 17:30,2.3213084
2022-09-25 17:35,2.3213084
2022-09-25 17:40,2.3138196
2022-09-25 17:45,2.3213084
2022-09-25 17:50,2.317564
2022-09-25 17:55,2.3213084
2022-09-25 18:00,2.3287961
2022-09-25 18:05,2.3213084
2022-09-25 18:10,2.3213084
2022-09-25 18:15,2.3287961
2022-09-25 18:20,2.3287961
2022-09-25 18:25,2.3287961
2022-09-25 18:30,2.3287961
2022-09-25 18:35,2.3325394
2022-09-25 18:40,2.3250517
2022-09-25 18:45,2.3400282
2022-09-25 18:50,2.3400282
2022-09-25 18:55,2.3362838
2022-09-25 19:00,2.3400282
2022-09-25 19:05,2.3250517
2022-09-25 19:10,2.3325394
2022-09-25 19:15,2.3325394
2022-09-25 19:20,2.3325394
2022-09-25 19:25,2.3325394
2022-09-25 19:30,2.3362838
2022-09-25 19:35,2.3325394
2022-09-25 19:40,2.3400282
2022-09-25 19:45,2.3437715
2022-09-25 19:50,2.3362838
2022-09-25 19:55,2.3287961
2022-09-25 20:00,2.3362838
2022-09-25 20:05,2.3250517
2022-09-25 20:10,2.3325394
2022-09-25 20:15,2.3362838
2022-09-25 20:20,2.3287961
2022-09-25 20:25,2.3287961
2022-09-25 20:30,2.3287961
2022-09-25 20:35,2.3213084
2022-09-25 20:40,2.3362838
2022-09-25 20:45,2.3250517
2022-09-25 20:50,2.3250517
2022-09-25 20:55,2.3325394
2022-09-25 21:00,2.3213084
2022-09-25 21:05,2.3287961
2022-09-25 21:10,2.3250517
2022-09-25 21:15,2.3400282
2022-09-25 21:20,2.3325394
2022-09-25 21:25,2.3213084
2022-09-25 21:30,2.3287961
2022-09-25 21:35,2.3287961
2022-09-25 21:40,2.3287961
2022-09-25 21:45,2.3287961
2022-09-25 21:50,2.3213084
2022-09-25 21:55,2.3250517
2022-09-25 22:00,2.3250517
2022-09-25 22:05,2.3250517
2022-09-25 22:10,2.3362838
2022-09-25 22:15,2.3250517
2022-09-25 22:20,2.3287961
2022-09-25 22:25,2.3362838
2022-09-25 22:30,2.3213084
2022-09-25 22:35,2.3325394
2022-09-25 22:40,2.3250517
2022-09-25 22:45,2.3287961
2022-09-25 22:50,2.3287961
2022-09-25 22:55,2.3250517
2022-09-25 23:00,2.317564
2022-09-25 23:05,2.3250517
2022-09-25 23:10,2.3250517
2022-09-25 23:15,2.3287961
2022-09-25 23:20,2.3213084
2022-09-25 23:25,2.317564
2022-09-25 23:30,2.317564
2022-09-25 23:35,2.3287961
2022-09-25 23:40,2.3250517
2022-09-25 23:45,2.317564
2022-09-25 23:50,2.3325394
2022-09-25 23:55,2.3213084
2022-09-26 0:00,2.3213084
2022-09-26 0:05,2.3213084
2022-09-26 0:10,2.317564
2022-09-26 0:15,2.3213084
2022-09-26 0:20,2.3138196
2022-09-26 0:25,2.317564
2022-09-26 0:30,2.317564
2022-09-26 0:35,2.317564
2022-09-26 0:40,2.3250517
2022-09-26 0:45,2.3138196
2022-09-26 0:50,2.317564
2022-09-26 0:55,2.317564
2022-09-26 1:00,2.3213084
2022-09-26 1:05,2.3213084
2022-09-26 1:10,2.3100752
2022-09-26 1:15,2.3100752
2022-09-26 1:20,2.3100752
2022-09-26 1:25,2.3100752
2022-09-26 1:30,2.3100752
2022-09-26 1:35,2.3100752
2022-09-26 1:40,2.3100752
2022-09-26 1:45,2.3100752
2022-09-26 1:50,2.317564
2022-09-26 1:55,2.3100752
2022-09-26 2:00,2.3063308
2022-09-26 2:05,2.3063308
2022-09-26 2:10,2.3063308
2022-09-26 2:15,2.317564
2022-09-26 2:20,2.3138196
2022-09-26 2:25,2.3138196
2022-09-26 2:30,2.3063308
2022-09-26 2:35,2.3100752
2022-09-26 2:40,2.3100752
2022-09-26 2:45,2.3063308
2022-09-26 2:50,2.3138196
2022-09-26 2:55,2.3100752
2022-09-26 3:00,2.3063308
2022-09-26 3:05,2.3138196
2022-09-26 3:10,2.3138196
2022-09-26 3:15,2.3025875
2022-09-26 3:20,2.2988431
2022-09-26 3:25,2.3063308
2022-09-26 3:30,2.2988431
2022-09-26 3:35,2.3025875
2022-09-26 3:40,2.3025875
2022-09-26 3:45,2.3025875
2022-09-26 3:50,2.2988431
2022-09-26 3:55,2.3100752
2022-09-26 4:00,2.2988431
2022-09-26 4:05,2.2988431
2022-09-26 4:10,2.2988431
2022-09-26 4:15,2.2988431
2022-09-26 4:20,2.2950998
2022-09-26 4:25,2.2988431
2022-09-26 4:30,2.2913554
2022-09-26 4:35,2.3025875
2022-09-26 4:40,2.287611
2022-09-26 4:45,2.2913554
2022-09-26 4:50,2.2838677
2022-09-26 4:55,2.287611
2022-09-26 5:00,2.287611
2022-09-26 5:05,2.2950998
2022-09-26 5:10,2.2988431
2022-09-26 5:15,2.2988431
2022-09-26 5:20,2.2950998
2022-09-26 5:25,2.287611
2022-09-26 5:30,2.287611
2022-09-26 5:35,2.2950998
2022-09-26 5:40,2.2988431
2022-09-26 5:45,2.287611
2022-09-26 5:50,2.2763789
2022-09-26 5:55,2.2913554
2022-09-26 6:00,2.2801233
2022-09-26 6:05,2.2726345
2022-09-26 6:10,2.2726345
2022-09-26 6:15,2.2688912
2022-09-26 6:20,2.2763789
2022-09-26 6:25,2.2838677
2022-09-26 6:30,2.2838677
2022-09-26 6:35,2.2801233
2022-09-26 6:40,2.2801233
2022-09-26 6:45,2.2838677
2022-09-26 6:50,2.287611
2022-09-26 6:55,2.2838677
2022-09-26 7:00,2.2913554
2022-09-26 7:05,2.2801233
2022-09-26 7:10,2.2950998
2022-09-26 7:15,2.2801233
2022-09-26 7:20,2.2913554
2022-09-26 7:25,2.2726345
2022-09-26 7:30,2.2801233
2022-09-26 7:35,2.2801233
2022-09-26 7:40,2.2801233
2022-09-26 7:45,2.2913554
2022-09-26 7:50,2.2838677
2022-09-26 7:55,2.2801233
2022-09-26 8:00,2.2950998
2022-09-26 8:05,2.287611
2022-09-26 8:10,2.2838677
2022-09-26 8:15,2.2838677
2022-09-26 8:20,2.2950998
2022-09-26 8:25,2.2763789
2022-09-26 8:30,2.2763789
2022-09-26 8:35,2.2838677
2022-09-26 8:40,2.2801233
2022-09-26 8:45,2.2801233
2022-09-26 8:50,2.2838677
2022-09-26 8:55,2.2801233
2022-09-26 9:00,2.2801233
2022-09-26 9:05,2.2726345
2022-09-26 9:10,2.2950998
2022-09-26 9:15,2.2950998
2022-09-26 9:20,2.2950998
2022-09-26 9:25,2.2838677
2022-09-26 9:30,2.2913554
2022-09-26 9:35,2.287611
2022-09-26 9:40,2.2913554
2022-09-26 9:45,2.287611
2022-09-26 9:50,2.2950998
2022-09-26 9:55,2.2801233
2022-09-26 10:00,2.2726345
2022-09-26 10:05,2.287611
2022-09-26 10:10,2.287611
2022-09-26 10:15,2.2950998
2022-09-26 10:20,2.2950998
2022-09-26 10:25,2.2913554
2022-09-26 10:30,2.2988431
2022-09-26 10:35,2.2913554
2022-09-26 10:40,2.2950998
2022-09-26 10:45,2.2950998
2022-09-26 10:50,2.287611
2022-09-26 10:55,2.287611
2022-09-26 11:00,2.2913554
2022-09-26 11:05,2.3025875
2022-09-26 11:10,2.3100752
2022-09-26 11:15,2.3138196
2022-09-26 11:20,2.2988431
2022-09-26 11:25,2.3025875
2022-09-26 11:30,2.3100752
2022-09-26 11:35,2.3100752
2022-09-26 11:40,2.3063308
2022-09-26 11:45,2.3138196
2022-09-26 11:50,2.3250517
2022-09-26 11:55,2.317564
2022-09-26 12:00,2.3100752
2022-09-26 12:05,2.3138196
2022-09-26 12:10,2.3213084
2022-09-26 12:15,2.3100752
2022-09-26 12:20,2.3250517
2022-09-26 12:25,2.3250517
2022-09-26 12:30,2.3213084
2022-09-26 12:35,2.317564
2022-09-26 12:40,2.3138196
2022-09-26 12:45,2.317564
2022-09-26 12:50,2.3063308
2022-09-26 12:55,2.3100752
2022-09-26 13:00,2.317564
2022-09-26 13:05,2.3287961
2022-09-26 13:10,2.3250517
2022-09-26 13:15,2.3287961
2022-09-26 13:20,2.3213084
2022-09-26 13:25,2.3325394
2022-09-26 13:30,2.3362838
2022-09-26 13:35,2.3287961
2022-09-26 13:40,2.3437715
2022-09-26 13:45,2.3400282
2022-09-26 13:50,2.3362838
2022-09-26 13:55,2.3362838
2022-09-26 14:00,2.3400282
2022-09-26 14:05,2.3512603
2022-09-26 14:10,2.3512603
2022-09-26 14:15,2.3437715
2022-09-26 14:20,2.3624924
2022-09-26 14:25,2.358748
2022-09-26 14:30,2.3475159
2022-09-26 14:35,2.3512603
2022-09-26 14:40,2.3475159
2022-09-26 14:45,2.3550036
2022-09-26 14:50,2.3475159
2022-09-26 14:55,2.3550036
2022-09-26 15:00,2.3550036
2022-09-26 15:05,2.3550036
2022-09-26 15:10,2.3624924
2022-09-26 15:15,2.3512603
2022-09-26 15:20,2.3550036
2022-09-26 15:25,2.3512603
2022-09-26 15:30,2.3550036
2022-09-26 15:35,2.3624924
2022-09-26 15:40,2.3512603
2022-09-26 15:45,2.3624924
2022-09-26 15:50,2.3699801
2022-09-26 15:55,2.3550036
2022-09-26 16:00,2.3737245
2022-09-26 16:05,2.3737245
2022-09-26 16:10,2.3737245
2022-09-26 16:15,2.358748
2022-09-26 16:20,2.3737245
2022-09-26 16:25,2.3737245
2022-09-26 16:30,2.3737245
2022-09-26 16:35,2.3774678
2022-09-26 16:40,2.3737245
2022-09-26 16:45,2.3812122
2022-09-26 16:50,2.3774678
2022-09-26 16:55,2.3737245
2022-09-26 17:00,2.3737245
2022-09-26 17:05,2.3849566
2022-09-26 17:10,2.3774678
2022-09-26 17:15,2.3812122
2022-09-26 17:20,2.3849566
2022-09-26 17:25,2.3961887
2022-09-26 17:30,2.3924443
2022-09-26 17:35,2.3886999
2022-09-26 17:40,2.3924443
2022-09-26 17:45,2.3924443
2022-09-26 17:50,2.3961887
2022-09-26 17:55,2.3886999
2022-09-26 18:00,2.3886999
2022-09-26 18:05,2.3849566
2022-09-26 18:10,2.3961887
2022-09-26 18:15,2.3849566
2022-09-26 18:20,2.3999331
2022-09-26 18:25,2.3961887
2022-09-26 18:30,2.3961887
2022-09-26 18:35,2.3924443
2022-09-26 18:40,2.4074208
2022-09-26 18:45,2.4036764
2022-09-26 18:50,2.4036764
2022-09-26 18:55,2.3999331
2022-09-26 19:00,2.4036764
2022-09-26 19:05,2.3961887
2022-09-26 19:10,2.3999331
2022-09-26 19:15,2.4111652
2022-09-26 19:20,2.4036764
2022-09-26 19:25,2.4036764
2022-09-26 19:30,2.3961887
2022-09-26 19:35,2.3961887
2022-09-26 19:40,2.4111652
2022-09-26 19:45,2.4111652
2022-09-26 19:50,2.3961887
2022-09-26 19:55,2.4074208
2022-09-26 20:00,2.3999331
2022-09-26 20:05,2.3999331
2022-09-26 20:10,2.4111652
2022-09-26 20:15,2.4074208
2022-09-26 20:20,2.3961887
2022-09-26 20:25,2.4074208
2022-09-26 20:30,2.3961887
2022-09-26 20:35,2.4036764
2022-09-26 20:40,2.4074208
2022-09-26 20:45,2.3999331
2022-09-26 20:50,2.4149085
2022-09-26 20:55,2.3961887
2022-09-26 21:00,2.3961887
2022-09-26 21:05,2.4036764
2022-09-26 21:10,2.3999331
2022-09-26 21:15,2.3924443
2022-09-26 21:20,2.3961887
2022-09-26 21:25,2.4074208
2022-09-26 21:30,2.3961887
2022-09-26 21:35,2.3886999
2022-09-26 21:40,2.3924443
2022-09-26 21:45,2.3999331
2022-09-26 21:50,2.3961887
2022-09-26 21:55,2.3924443
2022-09-26 22:00,2.3961887
2022-09-26 22:05,2.3924443
2022-09-26 22:10,2.3886999
2022-09-26 22:15,2.3924443
2022-09-26 22:20,2.3961887
2022-09-26 22:25,2.3924443
2022-09-26 22:30,2.3961887
2022-09-26 22:35,2.3849566
2022-09-26 22:40,2.3886999
2022-09-26 22:45,2.3812122
2022-09-26 22:50,2.3849566
2022-09-26 22:55,2.3812122
2022-09-26 23:00,2.3886999
2022-09-26 23:05,2.3886999
2022-09-26 23:10,2.3849566
2022-09-26 23:15,2.3812122
2022-09-26 23:20,2.3812122
2022-09-26 23:25,2.3812122
2022-09-26 23:30,2.3924443
2022-09-26 23:35,2.3849566
2022-09-26 23:40,2.3774678
2022-09-26 23:45,2.3774678
2022-09-26 23:50,2.3849566
2022-09-26 23:55,2.3774678
2022-09-27 0:00,2.3699801
2022-09-27 0:05,2.3774678
2022-09-27 0:10,2.3737245
2022-09-27 0:15,2.3737245
2022-09-27 0:20,2.3737245
2022-09-27 0:25,2.3774678
2022-09-27 0:30,2.3737245
2022-09-27 0:35,2.3774678
2022-09-27 0:40,2.3737245
2022-09-27 0:45,2.3699801
2022-09-27 0:50,2.3699801
2022-09-27 0:55,2.3737245
2022-09-27 1:00,2.3699801
2022-09-27 1:05,2.3774678
2022-09-27 1:10,2.3774678
2022-09-27 1:15,2.3699801
2022-09-27 1:20,2.3737245
2022-09-27 1:25,2.3624924
2022-09-27 1:30,2.3662368
2022-09-27 1:35,2.3624924
2022-09-27 1:40,2.3662368
2022-09-27 1:45,2.3624924
2022-09-27 1:50,2.3624924
2022-09-27 1:55,2.3624924
2022-09-27 2:00,2.3699801
2022-09-27 2:05,2.3737245
2022-09-27 2:10,2.3737245
2022-09-27 2:15,2.3662368
2022-09-27 2:20,2.3699801
2022-09-27 2:25,2.3662368
2022-09-27 2:30,2.3699801
2022-09-27 2:35,2.3550036
2022-09-27 2:40,2.3624924
2022-09-27 2:45,2.3662368
2022-09-27 2:50,2.3550036
2022-09-27 2:55,2.3624924
2022-09-27 3:00,2.3624924
2022-09-27 3:05,2.3624924
2022-09-27 3:10,2.3662368
2022-09-27 3:15,2.358748
2022-09-27 3:20,2.3512603
2022-09-27 3:25,2.3550036
2022-09-27 3:30,2.358748
2022-09-27 3:35,2.3475159
2022-09-27 3:40,2.3550036
2022-09-27 3:45,2.3475159
2022-09-27 3:50,2.358748
2022-09-27 3:55,2.3512603
2022-09-27 4:00,2.3512603
2022-09-27 4:05,2.3475159
2022-09-27 4:10,2.3475159
2022-09-27 4:15,2.3475159
2022-09-27 4:20,2.3437715
2022-09-27 4:25,2.3475159
2022-09-27 4:30,2.3512603
2022-09-27 4:35,2.3400282
2022-09-27 4:40,2.3475159
2022-09-27 4:45,2.3400282
2022-09-27 4:50,2.3550036
2022-09-27 4:55,2.3475159
2022-09-27 5:00,2.3512603
2022-09-27 5:05,2.3475159
2022-09-27 5:10,2.3437715
2022-09-27 5:15,2.3400282
2022-09-27 5:20,2.3475159
2022-09-27 5:25,2.3437715
2022-09-27 5:30,2.3437715
2022-09-27 5:35,2.3400282
2022-09-27 5:40,2.3400282
2022-09-27 5:45,2.3400282
2022-09-27 5:50,2.3400282
2022-09-27 5:55,2.3362838
2022-09-27 6:00,2.3362838
2022-09-27 6:05,2.3325394
2022-09-27 6:10,2.3362838
2022-09-27 6:15,2.3362838
2022-09-27 6:20,2.3400282
2022-09-27 6:25,2.3362838
2022-09-27 6:30,2.3325394
2022-09-27 6:35,2.3325394
2022-09-27 6:40,2.3287961
2022-09-27 6:45,2.3362838
2022-09-27 6:50,2.3400282
2022-09-27 6:55,2.3362838
2022-09-27 7:00,2.3325394
2022-09-27 7:05,2.3250517
2022-09-27 7:10,2.3400282
2022-09-27 7:15,2.3362838
2022-09-27 7:20,2.3287961
2022-09-27 7:25,2.3362838
2022-09-27 7:30,2.3362838
2022-09-27 7:35,2.3287961
2022-09-27 7:40,2.3362838
2022-09-27 7:45,2.3325394
2022-09-27 7:50,2.3287961
2022-09-27 7:55,2.3400282
2022-09-27 8:00,2.3362838
2022-09-27 8:05,2.3400282
2022-09-27 8:10,2.3362838
2022-09-27 8:15,2.3437715
2022-09-27 8:20,2.3250517
2022-09-27 8:25,2.3287961
2022-09-27 8:30,2.3287961
2022-09-27 8:35,2.3325394
2022-09-27 8:40,2.3400282
2022-09-27 8:45,2.3325394
2022-09-27 8:50,2.3250517
2022-09-27 8:55,2.3362838
2022-09-27 9:00,2.3287961
2022-09-27 9:05,2.3362838
2022-09-27 9:10,2.3400282
2022-09-27 9:15,2.3325394
2022-09-27 9:20,2.3213084
2022-09-27 9:25,2.3287961
2022-09-27 9:30,2.3325394
2022-09-27 9:35,2.3325394
2022-09-27 9:40,2.3213084
2022-09-27 9:45,2.3250517
2022-09-27 9:50,2.3250517
2022-09-27 9:55,2.3063308
2022-09-27 10:00,2.3213084
2022-09-27 10:05,2.3287961
2022-09-27 10:10,2.3287961
2022-09-27 10:15,2.317564
2022-09-27 10:20,2.3250517
2022-09-27 10:25,2.3325394
2022-09-27 10:30,2.3400282
2022-09-27 10:35,2.3362838
2022-09-27 10:40,2.3362838
2022-09-27 10:45,2.3287961
2022-09-27 10:50,2.3437715
2022-09-27 10:55,2.3325394
2022-09-27 11:00,2.3400282
2022-09-27 11:05,2.3400282
2022-09-27 11:10,2.3325394
2022-09-27 11:15,2.3287961
2022-09-27 11:20,2.3550036
2022-09-27 11:25,2.3437715
2022-09-27 11:30,2.3512603
2022-09-27 11:35,2.358748
2022-09-27 11:40,2.358748
2022-09-27 11:45,2.3512603
2022-09-27 11:50,2.3512603
2022-09-27 11:55,2.3550036
2022-09-27 12:00,2.3550036
2022-09-27 12:05,2.3475159
2022-09-27 12:10,2.358748
2022-09-27 12:15,2.3512603
2022-09-27 12:20,2.3550036
2022-09-27 12:25,2.3512603
2022-09-27 12:30,2.3550036
2022-09-27 12:35,2.3437715
2022-09-27 12:40,2.3475159
2022-09-27 12:45,2.3512603
2022-09-27 12:50,2.3475159
2022-09-27 12:55,2.3512603
2022-09-27 13:00,2.3624924
2022-09-27 13:05,2.3512603
2022-09-27 13:10,2.3512603
2022-09-27 13:15,2.3512603
2022-09-27 13:20,2.3550036
2022-09-27 13:25,2.358748
2022-09-27 13:30,2.3550036
2022-09-27 13:35,2.358748
2022-09-27 13:40,2.358748
2022-09-27 13:45,2.3475159
2022-09-27 13:50,2.3550036
2022-09-27 13:55,2.3550036
2022-09-27 14:00,2.3550036
2022-09-27 14:05,2.3512603
2022-09-27 14:10,2.3512603
2022-09-27 14:15,2.3550036
2022-09-27 14:20,2.3475159
2022-09-27 14:25,2.3475159
2022-09-27 14:30,2.358748
2022-09-27 14:35,2.3550036
2022-09-27 14:40,2.3662368
2022-09-27 14:45,2.3812122
2022-09-27 14:50,2.3886999
2022-09-27 14:55,2.3812122
2022-09-27 15:00,2.3812122
2022-09-27 15:05,2.3812122
2022-09-27 15:10,2.3774678
2022-09-27 15:15,2.3774678
2022-09-27 15:20,2.3849566
2022-09-27 15:25,2.3886999
2022-09-27 15:30,2.3812122
2022-09-27 15:35,2.3737245
2022-09-27 15:40,2.3774678
2022-09-27 15:45,2.3924443
2022-09-27 15:50,2.4036764
2022-09-27 15:55,2.4036764
2022-09-27 16:00,2.3999331
2022-09-27 16:05,2.4111652
2022-09-27 16:10,2.4111652
2022-09-27 16:15,2.3961887
2022-09-27 16:20,2.3924443
2022-09-27 16:25,2.4036764
2022-09-27 16:30,2.4036764
2022-09-27 16:35,2.4074208
2022-09-27 16:40,2.4111652
2022-09-27 16:45,2.4111652
2022-09-27 16:50,2.4111652
2022-09-27 16:55,2.4036764
2022-09-27 17:00,2.4074208
2022-09-27 17:05,2.4074208
2022-09-27 17:10,2.4036764
2022-09-27 17:15,2.4149085
2022-09-27 17:20,2.3999331
2022-09-27 17:25,2.3999331
2022-09-27 17:30,2.4074208
2022-09-27 17:35,2.4074208
2022-09-27 17:40,2.4111652
2022-09-27 17:45,2.4149085
2022-09-27 17:50,2.4074208
2022-09-27 17:55,2.4074208
2022-09-27 18:00,2.4186529
2022-09-27 18:05,2.4186529
2022-09-27 18:10,2.429885
2022-09-27 18:15,2.4261406
2022-09-27 18:20,2.4149085
2022-09-27 18:25,2.4223962
2022-09-27 18:30,2.4223962
2022-09-27 18:35,2.4149085
2022-09-27 18:40,2.4223962
2022-09-27 18:45,2.4149085
2022-09-27 18:50,2.4111652
2022-09-27 18:55,2.4186529
2022-09-27 19:00,2.4223962
2022-09-27 19:05,2.4261406
2022-09-27 19:10,2.429885
2022-09-27 19:15,2.4336294
2022-09-27 19:20,2.4261406
2022-09-27 19:25,2.4411171
2022-09-27 19:30,2.4373727
2022-09-27 19:35,2.4373727
2022-09-27 19:40,2.4336294
2022-09-27 19:45,2.4411171
2022-09-27 19:50,2.429885
2022-09-27 19:55,2.4223962
2022-09-27 20:00,2.4223962
2022-09-27 20:05,2.4336294
2022-09-27 20:10,2.429885
2022-09-27 20:15,2.429885
2022-09-27 20:20,2.4186529
2022-09-27 20:25,2.4223962
2022-09-27 20:30,2.4149085
2022-09-27 20:35,2.429885
2022-09-27 20:40,2.4223962
2022-09-27 20:45,2.429885
2022-09-27 20:50,2.4261406
2022-09-27 20:55,2.4186529
2022-09-27 21:00,2.4149085
2022-09-27 21:05,2.4336294
2022-09-27 21:10,2.4336294
2022-09-27 21:15,2.4223962
2022-09-27 21:20,2.429885
2022-09-27 21:25,2.4261406
2022-09-27 21:30,2.4111652
2022-09-27 21:35,2.4111652
2022-09-27 21:40,2.4186529
2022-09-27 21:45,2.4223962
2022-09-27 21:50,2.4149085
2022-09-27 21:55,2.4074208
2022-09-27 22:00,2.4149085
2022-09-27 22:05,2.4149085
2022-09-27 22:10,2.4074208
2022-09-27 22:15,2.4186529
2022-09-27 22:20,2.4186529
2022-09-27 22:25,2.4074208
2022-09-27 22:30,2.4111652
2022-09-27 22:35,2.4111652
2022-09-27 22:40,2.4036764
2022-09-27 22:45,2.4111652
2022-09-27 22:50,2.4149085
2022-09-27 22:55,2.4074208
2022-09-27 23:00,2.4074208
2022-09-27 23:05,2.4111652
2022-09-27 23:10,2.4074208
2022-09-27 23:15,2.3999331
2022-09-27 23:20,2.4074208
2022-09-27 23:25,2.4074208
2022-09-27 23:30,2.4074208
2022-09-27 23:35,2.4036764
2022-09-27 23:40,2.4149085
2022-09-27 23:45,2.3999331
2022-09-27 23:50,2.4074208
2022-09-27 23:55,2.3924443
2022-09-28 0:00,2.4036764
2022-09-28 0:05,2.4111652
2022-09-28 0:10,2.4036764
2022-09-28 0:15,2.3961887
2022-09-28 0:20,2.4074208
2022-09-28 0:25,2.4074208
2022-09-28 0:30,2.3999331
2022-09-28 0:35,2.3961887
2022-09-28 0:40,2.3961887
2022-09-28 0:45,2.3999331
2022-09-28 0:50,2.3961887
2022-09-28 0:55,2.3999331
2022-09-28 1:00,2.3961887
2022-09-28 1:05,2.3886999
2022-09-28 1:10,2.3961887
2022-09-28 1:15,2.3999331
2022-09-28 1:20,2.3999331
2022-09-28 1:25,2.3961887
2022-09-28 1:30,2.3924443
2022-09-28 1:35,2.3961887
2022-09-28 1:40,2.3924443
2022-09-28 1:45,2.3924443
2022-09-28 1:50,2.3924443
2022-09-28 1:55,2.3924443
2022-09-28 2:00,2.3924443
2022-09-28 2:05,2.3924443
2022-09-28 2:10,2.3999331
2022-09-28 2:15,2.3886999
2022-09-28 2:20,2.3924443
2022-09-28 2:25,2.3812122
2022-09-28 2:30,2.3924443
2022-09-28 2:35,2.3924443
2022-09-28 2:40,2.3924443
2022-09-28 2:45,2.3924443
2022-09-28 2:50,2.3961887
2022-09-28 2:55,2.3999331
2022-09-28 3:00,2.3849566
2022-09-28 3:05,2.3924443
2022-09-28 3:10,2.3812122
2022-09-28 3:15,2.3961887
2022-09-28 3:20,2.3886999
2022-09-28 3:25,2.3961887
2022-09-28 3:30,2.3849566
2022-09-28 3:35,2.3886999
2022-09-28 3:40,2.3961887
2022-09-28 3:45,2.3886999
2022-09-28 3:50,2.3849566
2022-09-28 3:55,2.3886999
2022-09-28 4:00,2.3886999
2022-09-28 4:05,2.3886999
2022-09-28 4:10,2.3886999
2022-09-28 4:15,2.3812122
2022-09-28 4:20,2.3886999
2022-09-28 4:25,2.3924443
2022-09-28 4:30,2.3886999
2022-09-28 4:35,2.3812122
2022-09-28 4:40,2.3774678
2022-09-28 4:45,2.3774678
2022-09-28 4:50,2.3886999
2022-09-28 4:55,2.3812122
2022-09-28 5:00,2.3774678
2022-09-28 5:05,2.3774678
2022-09-28 5:10,2.3737245
2022-09-28 5:15,2.3774678
2022-09-28 5:20,2.3812122
2022-09-28 5:25,2.3849566
2022-09-28 5:30,2.3699801
2022-09-28 5:35,2.3737245
2022-09-28 5:40,2.3774678
2022-09-28 5:45,2.3849566
2022-09-28 5:50,2.3774678
2022-09-28 5:55,2.3662368
2022-09-28 6:00,2.3849566
2022-09-28 6:05,2.3774678
2022-09-28 6:10,2.3774678
2022-09-28 6:15,2.3662368
2022-09-28 6:20,2.3774678
2022-09-28 6:25,2.3849566
2022-09-28 6:30,2.3662368
2022-09-28 6:35,2.3774678
2022-09-28 6:40,2.3699801
2022-09-28 6:45,2.3812122
2022-09-28 6:50,2.3774678
2022-09-28 6:55,2.3737245
2022-09-28 7:00,2.3737245
2022-09-28 7:05,2.3737245
2022-09-28 7:10,2.3812122
2022-09-28 7:15,2.3624924
2022-09-28 7:20,2.3737245
2022-09-28 7:25,2.3662368
2022-09-28 7:30,2.3812122
2022-09-28 7:35,2.3699801
2022-09-28 7:40,2.3699801
2022-09-28 7:45,2.3662368
2022-09-28 7:50,2.3737245
2022-09-28 7:55,2.3737245
2022-09-28 8:00,2.3737245
2022-09-28 8:05,2.3812122
2022-09-28 8:10,2.3812122
2022-09-28 8:15,2.3737245
2022-09-28 8:20,2.3699801
2022-09-28 8:25,2.3737245
2022-09-28 8:30,2.3812122
2022-09-28 8:35,2.3737245
2022-09-28 8:40,2.3812122
2022-09-28 8:45,2.3774678
2022-09-28 8:50,2.3812122
2022-09-28 8:55,2.3812122
2022-09-28 9:00,2.3699801
2022-09-28 9:05,2.3774678
2022-09-28 9:10,2.3774678
2022-09-28 9:15,2.3737245
2022-09-28 9:20,2.3774678
2022-09-28 9:25,2.3849566
2022-09-28 9:30,2.3774678
2022-09-28 9:35,2.3886999
2022-09-28 9:40,2.3774678
2022-09-28 9:45,2.3812122
2022-09-28 9:50,2.3924443
2022-09-28 9:55,2.3961887
2022-09-28 10:00,2.3886999
2022-09-28 10:05,2.3999331
2022-09-28 10:10,2.3924443
2022-09-28 10:15,2.3812122
2022-09-28 10:20,2.3999331
2022-09-28 10:25,2.3999331
2022-09-28 10:30,2.3924443
2022-09-28 10:35,2.4036764
2022-09-28 10:40,2.4111652
2022-09-28 10:45,2.4186529
2022-09-28 10:50,2.4186529
2022-09-28 10:55,2.4186529
2022-09-28 11:00,2.4074208
2022-09-28 11:05,2.4074208
2022-09-28 11:10,2.4111652
2022-09-28 11:15,2.4186529
2022-09-28 11:20,2.4223962
2022-09-28 11:25,2.4149085
2022-09-28 11:30,2.4261406
2022-09-28 11:35,2.4186529
2022-09-28 11:40,2.4149085
2022-09-28 11:45,2.4223962
2022-09-28 11:50,2.4149085
2022-09-28 11:55,2.4149085
2022-09-28 12:00,2.4186529
2022-09-28 12:05,2.4111652
2022-09-28 12:10,2.4223962
2022-09-28 12:15,2.429885
2022-09-28 12:20,2.4373727
2022-09-28 12:25,2.4223962
2022-09-28 12:30,2.4186529
2022-09-28 12:35,2.4223962
2022-09-28 12:40,2.4223962
2022-09-28 12:45,2.429885
2022-09-28 12:50,2.429885
2022-09-28 12:55,2.4261406
2022-09-28 13:00,2.429885
2022-09-28 13:05,2.4411171
2022-09-28 13:10,2.429885
2022-09-28 13:15,2.4373727
2022-09-28 13:20,2.4373727
2022-09-28 13:25,2.4373727
2022-09-28 13:30,2.4373727
2022-09-28 13:35,2.4523492
2022-09-28 13:40,2.4560936
2022-09-28 13:45,2.4523492
2022-09-28 13:50,2.4486048
2022-09-28 13:55,2.4448615
2022-09-28 14:00,2.4560936
2022-09-28 14:05,2.4523492
2022-09-28 14:10,2.4486048
2022-09-28 14:15,2.4523492
2022-09-28 14:20,2.4560936
2022-09-28 14:25,2.4523492
2022-09-28 14:30,2.4560936
2022-09-28 14:35,2.4486048
2022-09-28 14:40,2.4486048
2022-09-28 14:45,2.4448615
2022-09-28 14:50,2.4598369
2022-09-28 14:55,2.4486048
2022-09-28 15:00,2.4560936
2022-09-28 15:05,2.4523492
2022-09-28 15:10,2.4560936
2022-09-28 15:15,2.4598369
2022-09-28 15:20,2.4560936
2022-09-28 15:25,2.4486048
2022-09-28 15:30,2.4448615
2022-09-28 15:35,2.4598369
2022-09-28 15:40,2.4560936
2022-09-28 15:45,2.4523492
2022-09-28 15:50,2.4673246
2022-09-28 15:55,2.4748134
2022-09-28 16:00,2.4748134
2022-09-28 16:05,2.4635813
2022-09-28 16:10,2.4673246
2022-09-28 16:15,2.4673246
2022-09-28 16:20,2.471069
2022-09-28 16:25,2.4673246
2022-09-28 16:30,2.4748134
2022-09-28 16:35,2.471069
2022-09-28 16:40,2.4785578
2022-09-28 16:45,2.471069
2022-09-28 16:50,2.4748134
2022-09-28 16:55,2.4785578
2022-09-28 17:00,2.4785578
2022-09-28 17:05,2.4785578
2022-09-28 17:10,2.471069
2022-09-28 17:15,2.471069
2022-09-28 17:20,2.4823022
2022-09-28 17:25,2.4785578
2022-09-28 17:30,2.4935332
2022-09-28 17:35,2.4823022
2022-09-28 17:40,2.4935332
2022-09-28 17:45,2.4897899
2022-09-28 17:50,2.4860455
2022-09-28 17:55,2.4897899
2022-09-28 18:00,2.4935332
2022-09-28 18:05,2.4935332
2022-09-28 18:10,2.4935332
2022-09-28 18:15,2.4935332
2022-09-28 18:20,2.4897899
2022-09-28 18:25,2.4860455
2022-09-28 18:30,2.4972776
2022-09-28 18:35,2.4860455
2022-09-28 18:40,2.5047653
2022-09-28 18:45,2.5159974
2022-09-28 18:50,2.501022
2022-09-28 18:55,2.5047653
2022-09-28 19:00,2.5085097
2022-09-28 19:05,2.5122541
2022-09-28 19:10,2.5197418
2022-09-28 19:15,2.5047653
2022-09-28 19:20,2.5159974
2022-09-28 19:25,2.4972776
2022-09-28 19:30,2.501022
2022-09-28 19:35,2.5159974
2022-09-28 19:40,2.5085097
2022-09-28 19:45,2.5122541
2022-09-28 19:50,2.501022
2022-09-28 19:55,2.5085097
2022-09-28 20:00,2.5122541
2022-09-28 20:05,2.5047653
2022-09-28 20:10,2.5085097
2022-09-28 20:15,2.501022
2022-09-28 20:20,2.5047653
2022-09-28 20:25,2.5085097
2022-09-28 20:30,2.5047653
2022-09-28 20:35,2.501022
2022-09-28 20:40,2.501022
2022-09-28 20:45,2.501022
2022-09-28 20:50,2.5122541
2022-09-28 20:55,2.501022
2022-09-28 21:00,2.5122541
2022-09-28 21:05,2.5047653
2022-09-28 21:10,2.5085097
2022-09-28 21:15,2.5085097
2022-09-28 21:20,2.5122541
2022-09-28 21:25,2.5047653
2022-09-28 21:30,2.5085097
2022-09-28 21:35,2.5122541
2022-09-28 21:40,2.5085097
2022-09-28 21:45,2.5085097
2022-09-28 21:50,2.5085097
2022-09-28 21:55,2.5085097
2022-09-28 22:00,2.5085097
2022-09-28 22:05,2.5085097
2022-09-28 22:10,2.5085097
2022-09-28 22:15,2.5122541
2022-09-28 22:20,2.5122541
2022-09-28 22:25,2.5159974
2022-09-28 22:30,2.5197418
2022-09-28 22:35,2.5122541
2022-09-28 22:40,2.5122541
2022-09-28 22:45,2.5197418
2022-09-28 22:50,2.5197418
2022-09-28 22:55,2.5085097
2022-09-28 23:00,2.5047653
2022-09-28 23:05,2.5122541
2022-09-28 23:10,2.5122541
2022-09-28 23:15,2.5122541
2022-09-28 23:20,2.5159974
2022-09-28 23:25,2.5085097
2022-09-28 23:30,2.5122541
2022-09-28 23:35,2.5047653
2022-09-28 23:40,2.5085097
2022-09-28 23:45,2.5122541
2022-09-28 23:50,2.5122541
2022-09-28 23:55,2.5122541
2022-09-29 0:00,2.5159974
2022-09-29 0:05,2.5047653
2022-09-29 0:10,2.5197418
2022-09-29 0:15,2.5122541
2022-09-29 0:20,2.5122541
2022-09-29 0:25,2.5085097
2022-09-29 0:30,2.4972776
2022-09-29 0:35,2.5085097
2022-09-29 0:40,2.5122541
2022-09-29 0:45,2.5122541
2022-09-29 0:50,2.501022
2022-09-29 0:55,2.5085097
2022-09-29 1:00,2.5122541
2022-09-29 1:05,2.501022
2022-09-29 1:10,2.5047653
2022-09-29 1:15,2.5085097
2022-09-29 1:20,2.5085097
2022-09-29 1:25,2.4972776
2022-09-29 1:30,2.4972776
2022-09-29 1:35,2.5047653
2022-09-29 1:40,2.5159974
2022-09-29 1:45,2.5047653
2022-09-29 1:50,2.5122541
2022-09-29 1:55,2.5085097
2022-09-29 2:00,2.5047653
2022-09-29 2:05,2.501022
2022-09-29 2:10,2.5159974
2022-09-29 2:15,2.501022
2022-09-29 2:20,2.5047653
2022-09-29 2:25,2.5122541
2022-09-29 2:30,2.5085097
2022-09-29 2:35,2.5047653
2022-09-29 2:40,2.5047653
2022-09-29 2:45,2.5122541
2022-09-29 2:50,2.5085097
2022-09-29 2:55,2.501022
2022-09-29 3:00,2.5122541
2022-09-29 3:05,2.5047653
2022-09-29 3:10,2.5122541
2022-09-29 3:15,2.5085097
2022-09-29 3:20,2.5047653
2022-09-29 3:25,2.4972776
2022-09-29 3:30,2.4972776
2022-09-29 3:35,2.4897899
2022-09-29 3:40,2.4935332
2022-09-29 3:45,2.501022
2022-09-29 3:50,2.5085097
2022-09-29 3:55,2.4935332
2022-09-29 4:00,2.4897899
2022-09-29 4:05,2.4972776
2022-09-29 4:10,2.5047653
2022-09-29 4:15,2.4972776
2022-09-29 4:20,2.4972776
2022-09-29 4:25,2.5047653
2022-09-29 4:30,2.4935332
2022-09-29 4:35,2.501022
2022-09-29 4:40,2.501022
2022-09-29 4:45,2.4935332
2022-09-29 4:50,2.4972776
2022-09-29 4:55,2.4935332
2022-09-29 5:00,2.4935332
2022-09-29 5:05,2.4935332
2022-09-29 5:10,2.5047653
2022-09-29 5:15,2.501022
2022-09-29 5:20,2.4897899
2022-09-29 5:25,2.4972776
2022-09-29 5:30,2.4972776
2022-09-29 5:35,2.4972776
2022-09-29 5:40,2.4972776
2022-09-29 5:45,2.4972776
2022-09-29 5:50,2.4972776
2022-09-29 5:55,2.4935332
2022-09-29 6:00,2.4897899
2022-09-29 6:05,2.4972776
2022-09-29 6:10,2.4860455
2022-09-29 6:15,2.4972776
2022-09-29 6:20,2.4972776
2022-09-29 6:25,2.4935332
2022-09-29 6:30,2.4897899
2022-09-29 6:35,2.4935332
2022-09-29 6:40,2.4972776
2022-09-29 6:45,2.5047653
2022-09-29 6:50,2.4972776
2022-09-29 6:55,2.501022
2022-09-29 7:00,2.5047653
2022-09-29 7:05,2.4972776
2022-09-29 7:10,2.5085097
2022-09-29 7:15,2.5085097
2022-09-29 7:20,2.4972776
2022-09-29 7:25,2.4935332
2022-09-29 7:30,2.5047653
2022-09-29 7:35,2.4935332
2022-09-29 7:40,2.4972776
2022-09-29 7:45,2.501022
2022-09-29 7:50,2.5047653
2022-09-29 7:55,2.4972776
2022-09-29 8:00,2.5085097
2022-09-29 8:05,2.4897899
2022-09-29 8:10,2.5085097
2022-09-29 8:15,2.5085097
2022-09-29 8:20,2.4935332
2022-09-29 8:25,2.5122541
2022-09-29 8:30,2.5047653
2022-09-29 8:35,2.4972776
2022-09-29 8:40,2.5047653
2022-09-29 8:45,2.501022
2022-09-29 8:50,2.501022
2022-09-29 8:55,2.4972776
2022-09-29 9:00,2.4972776
2022-09-29 9:05,2.5122541
2022-09-29 9:10,2.5085097
2022-09-29 9:15,2.5159974
2022-09-29 9:20,2.5085097
2022-09-29 9:25,2.5197418
2022-09-29 9:30,2.5085097
2022-09-29 9:35,2.5122541
2022-09-29 9:40,2.5197418
2022-09-29 9:45,2.5122541
2022-09-29 9:50,2.5085097
2022-09-29 9:55,2.5085097
2022-09-29 10:00,2.5197418
2022-09-29 10:05,2.5197418
2022-09-29 10:10,2.5159974
2022-09-29 10:15,2.5234862
2022-09-29 10:20,2.5309739
2022-09-29 10:25,2.5159974
2022-09-29 10:30,2.501022
2022-09-29 10:35,2.5197418
2022-09-29 10:40,2.5122541
2022-09-29 10:45,2.5197418
2022-09-29 10:50,2.5197418
2022-09-29 10:55,2.5197418
2022-09-29 11:00,2.5272306
2022-09-29 11:05,2.5309739
2022-09-29 11:10,2.5309739
2022-09-29 11:15,2.5347183
2022-09-29 11:20,2.5272306
2022-09-29 11:25,2.5197418
2022-09-29 11:30,2.5384616
2022-09-29 11:35,2.5159974
2022-09-29 11:40,2.5197418
2022-09-29 11:45,2.5309739
2022-09-29 11:50,2.5272306
2022-09-29 11:55,2.5384616
2022-09-29 12:00,2.5309739
2022-09-29 12:05,2.5122541
2022-09-29 12:10,2.5159974
2022-09-29 12:15,2.5159974
2022-09-29 12:20,2.542206
2022-09-29 12:25,2.5384616
2022-09-29 12:30,2.5309739
2022-09-29 12:35,2.5347183
2022-09-29 12:40,2.5272306
2022-09-29 12:45,2.5459504
2022-09-29 12:50,2.542206
2022-09-29 12:55,2.5496937
2022-09-29 13:00,2.5534381
2022-09-29 13:05,2.5496937
2022-09-29 13:10,2.542206
2022-09-29 13:15,2.5496937
2022-09-29 13:20,2.542206
2022-09-29 13:25,2.542206
2022-09-29 13:30,2.542206
2022-09-29 13:35,2.5272306
2022-09-29 13:40,2.5272306
2022-09-29 13:45,2.5384616
2022-09-29 13:50,2.5384616
2022-09-29 13:55,2.5384616
2022-09-29 14:00,2.5496937
2022-09-29 14:05,2.5309739
2022-09-29 14:10,2.5534381
2022-09-29 14:15,2.5384616
2022-09-29 14:20,2.5347183
2022-09-29 14:25,2.5384616
2022-09-29 14:30,2.5459504
2022-09-29 14:35,2.5459504
2022-09-29 14:40,2.5496937
2022-09-29 14:45,2.5534381
2022-09-29 14:50,2.542206
2022-09-29 14:55,2.5609269
2022-09-29 15:00,2.5646713
2022-09-29 15:05,2.5646713
2022-09-29 15:10,2.5571825
2022-09-29 15:15,2.5609269
2022-09-29 15:20,2.5684146
2022-09-29 15:25,2.5646713
2022-09-29 15:30,2.5684146
2022-09-29 15:35,2.5759023
2022-09-29 15:40,2.5759023
2022-09-29 15:45,2.5759023
2022-09-29 15:50,2.5684146
2022-09-29 15:55,2.572159
2022-09-29 16:00,2.5796467
2022-09-29 16:05,2.5871344
2022-09-29 16:10,2.5946232
2022-09-29 16:15,2.5871344
2022-09-29 16:20,2.58339
2022-09-29 16:25,2.5759023
2022-09-29 16:30,2.58339
2022-09-29 16:35,2.5796467
2022-09-29 16:40,2.5871344
2022-09-29 16:45,2.5908788
2022-09-29 16:50,2.5871344
2022-09-29 16:55,2.572159
2022-09-29 17:00,2.5908788
2022-09-29 17:05,2.58339
2022-09-29 17:10,2.5759023
2022-09-29 17:15,2.5796467
2022-09-29 17:20,2.572159
2022-09-29 17:25,2.58339
2022-09-29 17:30,2.58339
2022-09-29 17:35,2.5908788
2022-09-29 17:40,2.58339
2022-09-29 17:45,2.5796467
2022-09-29 17:50,2.5871344
2022-09-29 17:55,2.5946232
2022-09-29 18:00,2.58339
2022-09-29 18:05,2.58339
2022-09-29 18:10,2.5946232
2022-09-29 18:15,2.58339
2022-09-29 18:20,2.5908788
2022-09-29 18:25,2.5908788
2022-09-29 18:30,2.5871344
2022-09-29 18:35,2.5871344
2022-09-29 18:40,2.5796467
2022-09-29 18:45,2.5908788
2022-09-29 18:50,2.5908788
2022-09-29 18:55,2.5871344
2022-09-29 19:00,2.5871344
2022-09-29 19:05,2.5871344
2022-09-29 19:10,2.5983665
2022-09-29 19:15,2.5871344
2022-09-29 19:20,2.5946232
2022-09-29 19:25,2.5908788
2022-09-29 19:30,2.5983665
2022-09-29 19:35,2.5871344
2022-09-29 19:40,2.5871344
2022-09-29 19:45,2.5946232
2022-09-29 19:50,2.5871344
2022-09-29 19:55,2.5871344
2022-09-29 20:00,2.5871344
2022-09-29 20:05,2.58339
2022-09-29 20:10,2.5908788
2022-09-29 20:15,2.5871344
2022-09-29 20:20,2.5871344
2022-09-29 20:25,2.5759023
2022-09-29 20:30,2.5871344
2022-09-29 20:35,2.5871344
2022-09-29 20:40,2.5871344
2022-09-29 20:45,2.5946232
2022-09-29 20:50,2.5871344
2022-09-29 20:55,2.5796467
2022-09-29 21:00,2.5796467
2022-09-29 21:05,2.5796467
2022-09-29 21:10,2.58339
2022-09-29 21:15,2.5796467
2022-09-29 21:20,2.5759023
2022-09-29 21:25,2.5871344
2022-09-29 21:30,2.5871344
2022-09-29 21:35,2.5796467
2022-09-29 21:40,2.5796467
2022-09-29 21:45,2.572159
2022-09-29 21:50,2.572159
2022-09-29 21:55,2.572159
2022-09-29 22:00,2.572159
2022-09-29 22:05,2.572159
2022-09-29 22:10,2.572159
2022-09-29 22:15,2.5646713
2022-09-29 22:20,2.5646713
2022-09-29 22:25,2.5684146
2022-09-29 22:30,2.5759023
2022-09-29 22:35,2.5796467
2022-09-29 22:40,2.5646713
2022-09-29 22:45,2.5609269
2022-09-29 22:50,2.5609269
2022-09-29 22:55,2.5684146
2022-09-29 23:00,2.5571825
2022-09-29 23:05,2.5684146
2022-09-29 23:10,2.572159
2022-09-29 23:15,2.5646713
2022-09-29 23:20,2.5684146
2022-09-29 23:25,2.5534381
2022-09-29 23:30,2.5571825
2022-09-29 23:35,2.5459504
2022-09-29 23:40,2.5571825
2022-09-29 23:45,2.5534381
2022-09-29 23:50,2.5534381
2022-09-29 23:55,2.5534381
2022-09-30 0:00,2.5571825
2022-09-30 0:05,2.5609269
2022-09-30 0:10,2.5684146
2022-09-30 0:15,2.5609269
2022-09-30 0:20,2.5609269
2022-09-30 0:25,2.542206
2022-09-30 0:30,2.5496937
2022-09-30 0:35,2.5609269
2022-09-30 0:40,2.5609269
2022-09-30 0:45,2.5571825
2022-09-30 0:50,2.5459504
2022-09-30 0:55,2.5459504
2022-09-30 1:00,2.5496937
2022-09-30 1:05,2.5534381
2022-09-30 1:10,2.5571825
2022-09-30 1:15,2.5496937
2022-09-30 1:20,2.5609269
2022-09-30 1:25,2.5459504
2022-09-30 1:30,2.5571825
2022-09-30 1:35,2.5459504
2022-09-30 1:40,2.5459504
2022-09-30 1:45,2.5496937
2022-09-30 1:50,2.5496937
2022-09-30 1:55,2.5534381
2022-09-30 2:00,2.542206
2022-09-30 2:05,2.5534381
2022-09-30 2:10,2.5609269
2022-09-30 2:15,2.5309739
2022-09-30 2:20,2.542206
2022-09-30 2:25,2.5459504
2022-09-30 2:30,2.5496937
2022-09-30 2:35,2.5384616
2022-09-30 2:40,2.5459504
2022-09-30 2:45,2.5496937
2022-09-30 2:50,2.542206
2022-09-30 2:55,2.542206
2022-09-30 3:00,2.5459504
2022-09-30 3:05,2.542206
2022-09-30 3:10,2.542206
2022-09-30 3:15,2.5459504
2022-09-30 3:20,2.5571825
2022-09-30 3:25,2.5534381
2022-09-30 3:30,2.5496937
2022-09-30 3:35,2.5496937
2022-09-30 3:40,2.5459504
2022-09-30 3:45,2.5496937
2022-09-30 3:50,2.542206
2022-09-30 3:55,2.5384616
2022-09-30 4:00,2.5347183
2022-09-30 4:05,2.5496937
2022-09-30 4:10,2.5459504
2022-09-30 4:15,2.5459504
2022-09-30 4:20,2.542206
2022-09-30 4:25,2.5459504
2022-09-30 4:30,2.5347183
2022-09-30 4:35,2.5347183
2022-09-30 4:40,2.5347183
2022-09-30 4:45,2.5309739
2022-09-30 4:50,2.5347183
2022-09-30 4:55,2.542206
2022-09-30 5:00,2.542206
2022-09-30 5:05,2.5347183
2022-09-30 5:10,2.5347183
2022-09-30 5:15,2.5309739
2022-09-30 5:20,2.5272306
2022-09-30 5:25,2.542206
2022-09-30 5:30,2.5309739
2022-09-30 5:35,2.5384616
2022-09-30 5:40,2.5384616
2022-09-30 5:45,2.5234862
2022-09-30 5:50,2.5459504
2022-09-30 5:55,2.5309739
2022-09-30 6:00,2.5459504
2022-09-30 6:05,2.5384616
2022-09-30 6:10,2.542206
2022-09-30 6:15,2.5384616
2022-09-30 6:20,2.5272306
2022-09-30 6:25,2.5384616
2022-09-30 6:30,2.5272306
2022-09-30 6:35,2.5272306
2022-09-30 6:40,2.5347183
2022-09-30 6:45,2.5272306
2022-09-30 6:50,2.5384616
2022-09-30 6:55,2.5272306
2022-09-30 7:00,2.5309739
2022-09-30 7:05,2.5384616
2022-09-30 7:10,2.5309739
2022-09-30 7:15,2.5347183
2022-09-30 7:20,2.5272306
2022-09-30 7:25,2.5272306
2022-09-30 7:30,2.5234862
2022-09-30 7:35,2.5384616
2022-09-30 7:40,2.5309739
2022-09-30 7:45,2.5309739
2022-09-30 7:50,2.5347183
2022-09-30 7:55,2.542206
2022-09-30 8:00,2.542206
2022-09-30 8:05,2.5272306
2022-09-30 8:10,2.5384616
2022-09-30 8:15,2.542206
2022-09-30 8:20,2.5347183
2022-09-30 8:25,2.5272306
2022-09-30 8:30,2.5347183
2022-09-30 8:35,2.5347183
2022-09-30 8:40,2.542206
2022-09-30 8:45,2.5309739
2022-09-30 8:50,2.5384616
2022-09-30 8:55,2.5234862
2022-09-30 9:00,2.5272306
2022-09-30 9:05,2.5234862
2022-09-30 9:10,2.5309739
2022-09-30 9:15,2.5272306
2022-09-30 9:20,2.5272306
2022-09-30 9:25,2.5347183
2022-09-30 9:30,2.5384616
2022-09-30 9:35,2.5272306
2022-09-30 9:40,2.542206
2022-09-30 9:45,2.5496937
2022-09-30 9:50,2.5309739
2022-09-30 9:55,2.5384616
2022-09-30 10:00,2.5272306
2022-09-30 10:05,2.5384616
2022-09-30 10:10,2.5384616
2022-09-30 10:15,2.5347183
2022-09-30 10:20,2.5459504
2022-09-30 10:25,2.5309739
2022-09-30 10:30,2.5384616
2022-09-30 10:35,2.5459504
2022-09-30 10:40,2.542206
2022-09-30 10:45,2.5347183
2022-09-30 10:50,2.5496937
2022-09-30 10:55,2.5347183
2022-09-30 11:00,2.542206
2022-09-30 11:05,2.5384616
2022-09-30 11:10,2.542206
2022-09-30 11:15,2.5459504
2022-09-30 11:20,2.5609269
2022-09-30 11:25,2.5459504
2022-09-30 11:30,2.5496937
2022-09-30 11:35,2.5534381
2022-09-30 11:40,2.5609269
2022-09-30 11:45,2.5496937
2022-09-30 11:50,2.5571825
2022-09-30 11:55,2.542206
2022-09-30 12:00,2.572159
2022-09-30 12:05,2.5684146
2022-09-30 12:10,2.5796467
2022-09-30 12:15,2.5796467
2022-09-30 12:20,2.5796467
2022-09-30 12:25,2.572159
2022-09-30 12:30,2.5759023
2022-09-30 12:35,2.58339
2022-09-30 12:40,2.58339
2022-09-30 12:45,2.5684146
2022-09-30 12:50,2.5684146
2022-09-30 12:55,2.572159
2022-09-30 13:00,2.5684146
2022-09-30 13:05,2.5609269
2022-09-30 13:10,2.58339
2022-09-30 13:15,2.58339
2022-09-30 13:20,2.5759023
2022-09-30 13:25,2.58339
2022-09-30 13:30,2.5684146
2022-09-30 13:35,2.572159
2022-09-30 13:40,2.5871344
2022-09-30 13:45,2.5796467
2022-09-30 13:50,2.5796467
2022-09-30 13:55,2.5796467
2022-09-30 14:00,2.5684146
2022-09-30 14:05,2.5759023
2022-09-30 14:10,2.6058553
2022-09-30 14:15,2.5983665
2022-09-30 14:20,2.5983665
2022-09-30 14:25,2.5983665
2022-09-30 14:30,2.5983665
2022-09-30 14:35,2.5946232
2022-09-30 14:40,2.5908788
2022-09-30 14:45,2.58339
2022-09-30 14:50,2.5946232
2022-09-30 14:55,2.58339
2022-09-30 15:00,2.58339
2022-09-30 15:05,2.5908788
2022-09-30 15:10,2.6021109
2022-09-30 15:15,2.5908788
2022-09-30 15:20,2.5946232
2022-09-30 15:25,2.5946232
2022-09-30 15:30,2.5946232
2022-09-30 15:35,2.5908788
2022-09-30 15:40,2.5908788
2022-09-30 15:45,2.6021109
2022-09-30 15:50,2.613343
2022-09-30 15:55,2.613343
2022-09-30 16:00,2.6170874
2022-09-30 16:05,2.6058553
2022-09-30 16:10,2.6095997
2022-09-30 16:15,2.6058553
2022-09-30 16:20,2.6170874
2022-09-30 16:25,2.6283184
2022-09-30 16:30,2.6283184
2022-09-30 16:35,2.6170874
2022-09-30 16:40,2.6245751
2022-09-30 16:45,2.6245751
2022-09-30 16:50,2.6283184
2022-09-30 16:55,2.6283184
2022-09-30 17:00,2.6283184
2022-09-30 17:05,2.6320628
2022-09-30 17:10,2.6320628
2022-09-30 17:15,2.6395516
2022-09-30 17:20,2.6320628
2022-09-30 17:25,2.6283184
2022-09-30 17:30,2.6320628
2022-09-30 17:35,2.6283184
2022-09-30 17:40,2.6358072
2022-09-30 17:45,2.6358072
2022-09-30 17:50,2.643296
2022-09-30 17:55,2.6320628
2022-09-30 18:00,2.6395516
2022-09-30 18:05,2.643296
2022-09-30 18:10,2.6320628
2022-09-30 18:15,2.6358072
2022-09-30 18:20,2.6470393
2022-09-30 18:25,2.6395516
2022-09-30 18:30,2.6395516
2022-09-30 18:35,2.6470393
2022-09-30 18:40,2.643296
2022-09-30 18:45,2.6395516
2022-09-30 18:50,2.643296
2022-09-30 18:55,2.643296
2022-09-30 19:00,2.6545281
2022-09-30 19:05,2.6358072
2022-09-30 19:10,2.6395516
2022-09-30 19:15,2.6470393
2022-09-30 19:20,2.6545281
2022-09-30 19:25,2.643296
2022-09-30 19:30,2.6507837
2022-09-30 19:35,2.6470393
2022-09-30 19:40,2.643296
2022-09-30 19:45,2.643296
2022-09-30 19:50,2.643296
2022-09-30 19:55,2.6470393
2022-09-30 20:00,2.6470393
2022-09-30 20:05,2.6358072
2022-09-30 20:10,2.6395516
2022-09-30 20:15,2.6470393
2022-09-30 20:20,2.643296
2022-09-30 20:25,2.6470393
2022-09-30 20:30,2.6507837
2022-09-30 20:35,2.6507837
2022-09-30 20:40,2.643296
2022-09-30 20:45,2.6320628
2022-09-30 20:50,2.6470393
2022-09-30 20:55,2.6470393
2022-09-30 21:00,2.6507837
2022-09-30 21:05,2.643296
2022-09-30 21:10,2.6395516
2022-09-30 21:15,2.6358072
2022-09-30 21:20,2.643296
2022-09-30 21:25,2.6395516
2022-09-30 21:30,2.6358072
2022-09-30 21:35,2.643296
2022-09-30 21:40,2.6507837
2022-09-30 21:45,2.6470393
2022-09-30 21:50,2.6283184
2022-09-30 21:55,2.6320628
2022-09-30 22:00,2.6283184
2022-09-30 22:05,2.6358072
2022-09-30 22:10,2.6283184
2022-09-30 22:15,2.6395516
2022-09-30 22:20,2.6283184
2022-09-30 22:25,2.6208307
2022-09-30 22:30,2.6283184
2022-09-30 22:35,2.6395516
2022-09-30 22:40,2.6208307
2022-09-30 22:45,2.6320628
2022-09-30 22:50,2.6283184
2022-09-30 22:55,2.6245751
2022-09-30 23:00,2.6283184
2022-09-30 23:05,2.6283184
2022-09-30 23:10,2.6208307
2022-09-30 23:15,2.6245751
2022-09-30 23:20,2.6245751
2022-09-30 23:25,2.6245751
2022-09-30 23:30,2.6245751
2022-09-30 23:35,2.6208307
2022-09-30 23:40,2.6320628
2022-09-30 23:45,2.6245751
2022-09-30 23:50,2.613343
2022-09-30 23:55,2.6283184
2022-10-01 0:00,2.6095997
2022-10-01 0:05,2.6170874
2022-10-01 0:10,2.6283184
2022-10-01 0:15,2.6095997
2022-10-01 0:20,2.6208307
2022-10-01 0:25,2.613343
2022-10-01 0:30,2.6170874
2022-10-01 0:35,2.6095997
2022-10-01 0:40,2.6170874
2022-10-01 0:45,2.6170874
2022-10-01 0:50,2.6170874
2022-10-01 0:55,2.613343
2022-10-01 1:00,2.613343
2022-10-01 1:05,2.6170874
2022-10-01 1:10,2.6058553
2022-10-01 1:15,2.6170874
2022-10-01 1:20,2.6208307
2022-10-01 1:25,2.6170874
2022-10-01 1:30,2.6095997
2022-10-01 1:35,2.613343
2022-10-01 1:40,2.6170874
2022-10-01 1:45,2.6170874
2022-10-01 1:50,2.613343
2022-10-01 1:55,2.6170874
2022-10-01 2:00,2.6095997
2022-10-01 2:05,2.6095997
2022-10-01 2:10,2.613343
2022-10-01 2:15,2.613343
2022-10-01 2:20,2.6058553
2022-10-01 2:25,2.6021109
2022-10-01 2:30,2.6021109
2022-10-01 2:35,2.6058553
2022-10-01 2:40,2.6021109
2022-10-01 2:45,2.6058553
2022-10-01 2:50,2.5983665
2022-10-01 2:55,2.6021109
2022-10-01 3:00,2.6095997
2022-10-01 3:05,2.6058553
2022-10-01 3:10,2.5983665
2022-10-01 3:15,2.5946232
2022-10-01 3:20,2.6021109
2022-10-01 3:25,2.5983665
2022-10-01 3:30,2.6021109
2022-10-01 3:35,2.5946232
2022-10-01 3:40,2.5983665
2022-10-01 3:45,2.5871344
2022-10-01 3:50,2.6058553
2022-10-01 3:55,2.5946232
2022-10-01 4:00,2.5946232
2022-10-01 4:05,2.5946232
2022-10-01 4:10,2.5983665
2022-10-01 4:15,2.5946232
2022-10-01 4:20,2.5871344
2022-10-01 4:25,2.6021109
2022-10-01 4:30,2.5946232
2022-10-01 4:35,2.5946232
2022-10-01 4:40,2.5908788
2022-10-01 4:45,2.5946232
2022-10-01 4:50,2.5908788
2022-10-01 4:55,2.5908788
2022-10-01 5:00,2.5983665
2022-10-01 5:05,2.6021109
2022-10-01 5:10,2.5908788
2022-10-01 5:15,2.5946232
2022-10-01 5:20,2.6021109
2022-10-01 5:25,2.5946232
2022-10-01 5:30,2.5908788
2022-10-01 5:35,2.5908788
2022-10-01 5:40,2.6021109
2022-10-01 5:45,2.6021109
2022-10-01 5:50,2.5946232
2022-10-01 5:55,2.5908788
2022-10-01 6:00,2.5908788
2022-10-01 6:05,2.5908788
2022-10-01 6:10,2.5983665
2022-10-01 6:15,2.5871344
2022-10-01 6:20,2.6021109
2022-10-01 6:25,2.6021109
2022-10-01 6:30,2.5983665
2022-10-01 6:35,2.6021109
2022-10-01 6:40,2.5908788
2022-10-01 6:45,2.5871344
2022-10-01 6:50,2.5983665
2022-10-01 6:55,2.5908788
2022-10-01 7:00,2.5908788
2022-10-01 7:05,2.5983665
2022-10-01 7:10,2.5983665
2022-10-01 7:15,2.5946232
2022-10-01 7:20,2.5871344
2022-10-01 7:25,2.5908788
2022-10-01 7:30,2.5908788
2022-10-01 7:35,2.5946232
2022-10-01 7:40,2.6058553
2022-10-01 7:45,2.5871344
2022-10-01 7:50,2.6021109
2022-10-01 7:55,2.6021109
2022-10-01 8:00,2.5983665
2022-10-01 8:05,2.5908788
2022-10-01 8:10,2.5946232
2022-10-01 8:15,2.5871344
2022-10-01 8:20,2.5871344
2022-10-01 8:25,2.5908788
2022-10-01 8:30,2.6058553
2022-10-01 8:35,2.6021109
2022-10-01 8:40,2.5946232
2022-10-01 8:45,2.6021109
2022-10-01 8:50,2.5946232
2022-10-01 8:55,2.5946232
2022-10-01 9:00,2.5871344
2022-10-01 9:05,2.5983665
2022-10-01 9:10,2.5871344
2022-10-01 9:15,2.5759023
2022-10-01 9:20,2.5796467
2022-10-01 9:25,2.58339
2022-10-01 9:30,2.58339
2022-10-01 9:35,2.5983665
2022-10-01 9:40,2.5946232
2022-10-01 9:45,2.6021109
2022-10-01 9:50,2.6021109
2022-10-01 9:55,2.5983665
2022-10-01 10:00,2.5946232
2022-10-01 10:05,2.5871344
2022-10-01 10:10,2.5796467
2022-10-01 10:15,2.58339
2022-10-01 10:20,2.5759023
2022-10-01 10:25,2.5871344
2022-10-01 10:30,2.5908788
2022-10-01 10:35,2.5908788
2022-10-01 10:40,2.6058553
2022-10-01 10:45,2.5983665
2022-10-01 10:50,2.5946232
2022-10-01 10:55,2.5946232
2022-10-01 11:00,2.5946232
2022-10-01 11:05,2.5983665
2022-10-01 11:10,2.5908788
2022-10-01 11:15,2.5908788
2022-10-01 11:20,2.5983665
2022-10-01 11:25,2.5908788
2022-10-01 11:30,2.5908788
2022-10-01 11:35,2.5908788
2022-10-01 11:40,2.5871344
2022-10-01 11:45,2.6021109
2022-10-01 11:50,2.6095997
2022-10-01 11:55,2.5983665
2022-10-01 12:00,2.5946232
2022-10-01 12:05,2.6058553
2022-10-01 12:10,2.6021109
2022-10-01 12:15,2.6021109
2022-10-01 12:20,2.6021109
2022-10-01 12:25,2.5983665
2022-10-01 12:30,2.6095997
2022-10-01 12:35,2.6245751
2022-10-01 12:40,2.6283184
2022-10-01 12:45,2.613343
2022-10-01 12:50,2.6320628
2022-10-01 12:55,2.6283184
2022-10-01 13:00,2.6507837
2022-10-01 13:05,2.6582714
2022-10-01 13:10,2.6470393
2022-10-01 13:15,2.6507837
2022-10-01 13:20,2.6545281
2022-10-01 13:25,2.6545281
2022-10-01 13:30,2.6507837
2022-10-01 13:35,2.6470393
2022-10-01 13:40,2.6507837
2022-10-01 13:45,2.6395516
2022-10-01 13:50,2.6358072
2022-10-01 13:55,2.6395516
2022-10-01 14:00,2.643296
2022-10-01 14:05,2.643296
2022-10-01 14:10,2.6507837
2022-10-01 14:15,2.6545281
2022-10-01 14:20,2.6470393
2022-10-01 14:25,2.6582714
2022-10-01 14:30,2.6470393
2022-10-01 14:35,2.6470393
2022-10-01 14:40,2.643296
2022-10-01 14:45,2.6582714
2022-10-01 14:50,2.6470393
2022-10-01 14:55,2.6620158
2022-10-01 15:00,2.6545281
2022-10-01 15:05,2.6507837
2022-10-01 15:10,2.6657591
2022-10-01 15:15,2.6582714
2022-10-01 15:20,2.6582714
2022-10-01 15:25,2.6507837
2022-10-01 15:30,2.6620158
2022-10-01 15:35,2.6732479
2022-10-01 15:40,2.6695035
2022-10-01 15:45,2.6695035
2022-10-01 15:50,2.6769923
2022-10-01 15:55,2.6882244
2022-10-01 16:00,2.68448
2022-10-01 16:05,2.6807356
2022-10-01 16:10,2.6807356
2022-10-01 16:15,2.68448
2022-10-01 16:20,2.6882244
2022-10-01 16:25,2.6882244
2022-10-01 16:30,2.68448
2022-10-01 16:35,2.68448
2022-10-01 16:40,2.6882244
2022-10-01 16:45,2.6957121
2022-10-01 16:50,2.6882244
2022-10-01 16:55,2.6994565
2022-10-01 17:00,2.6919677
2022-10-01 17:05,2.6957121
2022-10-01 17:10,2.6882244
2022-10-01 17:15,2.6994565
2022-10-01 17:20,2.6882244
2022-10-01 17:25,2.6957121
2022-10-01 17:30,2.6957121
2022-10-01 17:35,2.7031998
2022-10-01 17:40,2.6994565
2022-10-01 17:45,2.6994565
2022-10-01 17:50,2.7031998
2022-10-01 17:55,2.6957121
2022-10-01 18:00,2.7031998
2022-10-01 18:05,2.6994565
2022-10-01 18:10,2.7031998
2022-10-01 18:15,2.6919677
2022-10-01 18:20,2.7031998
2022-10-01 18:25,2.7069442
2022-10-01 18:30,2.7069442
2022-10-01 18:35,2.7031998
2022-10-01 18:40,2.6994565
2022-10-01 18:45,2.7069442
2022-10-01 18:50,2.7031998
2022-10-01 18:55,2.6957121
2022-10-01 19:00,2.6994565
2022-10-01 19:05,2.6957121
2022-10-01 19:10,2.6994565
2022-10-01 19:15,2.7069442
2022-10-01 19:20,2.7031998
2022-10-01 19:25,2.7069442
2022-10-01 19:30,2.6957121
2022-10-01 19:35,2.7069442
2022-10-01 19:40,2.6994565
2022-10-01 19:45,2.7069442
2022-10-01 19:50,2.6919677
2022-10-01 19:55,2.7031998
2022-10-01 20:00,2.6919677
2022-10-01 20:05,2.6994565
2022-10-01 20:10,2.7031998
2022-10-01 20:15,2.6919677
2022-10-01 20:20,2.6919677
2022-10-01 20:25,2.6994565
2022-10-01 20:30,2.7031998
2022-10-01 20:35,2.6882244
2022-10-01 20:40,2.7069442
2022-10-01 20:45,2.7031998
2022-10-01 20:50,2.6994565
2022-10-01 20:55,2.6994565
2022-10-01 21:00,2.6882244
2022-10-01 21:05,2.6957121
2022-10-01 21:10,2.7031998
2022-10-01 21:15,2.6994565
2022-10-01 21:20,2.6882244
2022-10-01 21:25,2.6919677
2022-10-01 21:30,2.6919677
2022-10-01 21:35,2.6882244
2022-10-01 21:40,2.6994565
2022-10-01 21:45,2.6994565
2022-10-01 21:50,2.7069442
2022-10-01 21:55,2.6919677
2022-10-01 22:00,2.7031998
2022-10-01 22:05,2.6882244
2022-10-01 22:10,2.6957121
2022-10-01 22:15,2.6919677
2022-10-01 22:20,2.6919677
2022-10-01 22:25,2.6882244
2022-10-01 22:30,2.68448
2022-10-01 22:35,2.68448
2022-10-01 22:40,2.6957121
2022-10-01 22:45,2.6919677
2022-10-01 22:50,2.6807356
2022-10-01 22:55,2.6919677
2022-10-01 23:00,2.6807356
2022-10-01 23:05,2.68448
2022-10-01 23:10,2.6919677
2022-10-01 23:15,2.6769923
2022-10-01 23:20,2.6882244
2022-10-01 23:25,2.6957121
2022-10-01 23:30,2.68448
2022-10-01 23:35,2.6882244
2022-10-01 23:40,2.68448
2022-10-01 23:45,2.6919677
2022-10-01 23:50,2.6957121
2022-10-01 23:55,2.6769923
2022-10-02 0:00,2.68448
2022-10-02 0:05,2.6882244
2022-10-02 0:10,2.68448
2022-10-02 0:15,2.68448
2022-10-02 0:20,2.6732479
2022-10-02 0:25,2.6769923
2022-10-02 0:30,2.6807356
2022-10-02 0:35,2.6807356
2022-10-02 0:40,2.6807356
2022-10-02 0:45,2.6732479
2022-10-02 0:50,2.6769923
2022-10-02 0:55,2.6769923
2022-10-02 1:00,2.6695035
2022-10-02 1:05,2.6769923
2022-10-02 1:10,2.6732479
2022-10-02 1:15,2.6657591
2022-10-02 1:20,2.6657591
2022-10-02 1:25,2.6769923
2022-10-02 1:30,2.6657591
2022-10-02 1:35,2.6695035
2022-10-02 1:40,2.6695035
2022-10-02 1:45,2.6769923
2022-10-02 1:50,2.6769923
2022-10-02 1:55,2.6732479
2022-10-02 2:00,2.6732479
2022-10-02 2:05,2.6732479
2022-10-02 2:10,2.6769923
2022-10-02 2:15,2.6695035
2022-10-02 2:20,2.6732479
2022-10-02 2:25,2.6732479
2022-10-02 2:30,2.6807356
2022-10-02 2:35,2.6732479
2022-10-02 2:40,2.6732479
2022-10-02 2:45,2.6807356
2022-10-02 2:50,2.6732479
2022-10-02 2:55,2.6695035
2022-10-02 3:00,2.6732479
2022-10-02 3:05,2.6769923
2022-10-02 3:10,2.6769923
2022-10-02 3:15,2.6807356
2022-10-02 3:20,2.6657591
2022-10-02 3:25,2.6769923
2022-10-02 3:30,2.6732479
2022-10-02 3:35,2.6732479
2022-10-02 3:40,2.6695035
2022-10-02 3:45,2.6695035
2022-10-02 3:50,2.6657591
2022-10-02 3:55,2.6620158
2022-10-02 4:00,2.6657591
2022-10-02 4:05,2.6732479
2022-10-02 4:10,2.6695035
2022-10-02 4:15,2.6732479
2022-10-02 4:20,2.6732479
2022-10-02 4:25,2.6620158
2022-10-02 4:30,2.6582714
2022-10-02 4:35,2.6769923
2022-10-02 4:40,2.6657591
2022-10-02 4:45,2.6657591
2022-10-02 4:50,2.6695035
2022-10-02 4:55,2.6620158
2022-10-02 5:00,2.6695035
2022-10-02 5:05,2.6582714
2022-10-02 5:10,2.6582714
2022-10-02 5:15,2.6657591
2022-10-02 5:20,2.6657591
2022-10-02 5:25,2.6620158
2022-10-02 5:30,2.6620158
2022-10-02 5:35,2.6582714
2022-10-02 5:40,2.6582714
2022-10-02 5:45,2.6545281
2022-10-02 5:50,2.6582714
2022-10-02 5:55,2.6657591
2022-10-02 6:00,2.6620158
2022-10-02 6:05,2.6657591
2022-10-02 6:10,2.6695035
2022-10-02 6:15,2.6657591
2022-10-02 6:20,2.6470393
2022-10-02 6:25,2.6507837
2022-10-02 6:30,2.6507837
2022-10-02 6:35,2.6545281
2022-10-02 6:40,2.6507837
2022-10-02 6:45,2.6582714
2022-10-02 6:50,2.6470393
2022-10-02 6:55,2.6507837
2022-10-02 7:00,2.6507837
2022-10-02 7:05,2.6470393
2022-10-02 7:10,2.6507837
2022-10-02 7:15,2.6545281
2022-10-02 7:20,2.6545281
2022-10-02 7:25,2.6507837
2022-10-02 7:30,2.6507837
2022-10-02 7:35,2.6620158
2022-10-02 7:40,2.6507837
2022-10-02 7:45,2.6507837
2022-10-02 7:50,2.6507837
2022-10-02 7:55,2.6582714
2022-10-02 8:00,2.6507837
2022-10-02 8:05,2.6545281
2022-10-02 8:10,2.6545281
2022-10-02 8:15,2.6507837
2022-10-02 8:20,2.6582714
2022-10-02 8:25,2.6657591
2022-10-02 8:30,2.6695035
2022-10-02 8:35,2.6545281
2022-10-02 8:40,2.6507837
2022-10-02 8:45,2.6507837
2022-10-02 8:50,2.6582714
2022-10-02 8:55,2.6582714
2022-10-02 9:00,2.6657591
2022-10-02 9:05,2.6507837
2022-10-02 9:10,2.6582714
2022-10-02 9:15,2.6507837
2022-10-02 9:20,2.6582714
2022-10-02 9:25,2.6545281
2022-10-02 9:30,2.643296
2022-10-02 9:35,2.6582714
2022-10-02 9:40,2.6507837
2022-10-02 9:45,2.6507837
2022-10-02 9:50,2.6470393
2022-10-02 9:55,2.6545281
2022-10-02 10:00,2.6582714
2022-10-02 10:05,2.6507837
2022-10-02 10:10,2.6545281
2022-10-02 10:15,2.6545281
2022-10-02 10:20,2.6507837
2022-10-02 10:25,2.6470393
2022-10-02 10:30,2.643296
2022-10-02 10:35,2.6507837
2022-10-02 10:40,2.6620158
2022-10-02 10:45,2.6470393
2022-10-02 10:50,2.6507837
2022-10-02 10:55,2.6545281
2022-10-02 11:00,2.6507837
2022-10-02 11:05,2.6507837
2022-10-02 11:10,2.6470393
2022-10-02 11:15,2.6395516
2022-10-02 11:20,2.6545281
2022-10-02 11:25,2.6470393
2022-10-02 11:30,2.6507837
2022-10-02 11:35,2.643296
2022-10-02 11:40,2.6470393
2022-10-02 11:45,2.6582714
2022-10-02 11:50,2.6582714
2022-10-02 11:55,2.6507837
2022-10-02 12:00,2.643296
2022-10-02 12:05,2.6470393
2022-10-02 12:10,2.6582714
2022-10-02 12:15,2.643296
2022-10-02 12:20,2.6507837
2022-10-02 12:25,2.6545281
2022-10-02 12:30,2.6620158
2022-10-02 12:35,2.6582714
2022-10-02 12:40,2.6620158
2022-10-02 12:45,2.6507837
2022-10-02 12:50,2.6507837
2022-10-02 12:55,2.6545281
2022-10-02 13:00,2.6507837
2022-10-02 13:05,2.6545281
2022-10-02 13:10,2.6545281
2022-10-02 13:15,2.6545281
2022-10-02 13:20,2.6582714
2022-10-02 13:25,2.6582714
2022-10-02 13:30,2.6582714
2022-10-02 13:35,2.6582714
2022-10-02 13:40,2.6470393
2022-10-02 13:45,2.6545281
2022-10-02 13:50,2.6470393
2022-10-02 13:55,2.6582714
2022-10-02 14:00,2.6507837
2022-10-02 14:05,2.6470393
2022-10-02 14:10,2.6582714
2022-10-02 14:15,2.6470393
2022-10-02 14:20,2.6507837
2022-10-02 14:25,2.6695035
2022-10-02 14:30,2.6545281
2022-10-02 14:35,2.6620158
2022-10-02 14:40,2.6582714
2022-10-02 14:45,2.6620158
2022-10-02 14:50,2.6620158
2022-10-02 14:55,2.6582714
2022-10-02 15:00,2.6620158
2022-10-02 15:05,2.6620158
2022-10-02 15:10,2.6545281
2022-10-02 15:15,2.6582714
2022-10-02 15:20,2.6620158
2022-10-02 15:25,2.6620158
2022-10-02 15:30,2.6545281
2022-10-02 15:35,2.6545281
2022-10-02 15:40,2.6470393
2022-10-02 15:45,2.6582714
2022-10-02 15:50,2.6545281
2022-10-02 15:55,2.6545281
2022-10-02 16:00,2.6507837
2022-10-02 16:05,2.6657591
2022-10-02 16:10,2.6620158
2022-10-02 16:15,2.6545281
2022-10-02 16:20,2.6695035
2022-10-02 16:25,2.6620158
2022-10-02 16:30,2.6695035
2022-10-02 16:35,2.6732479
2022-10-02 16:40,2.6620158
2022-10-02 16:45,2.6620158
2022-10-02 16:50,2.6582714
2022-10-02 16:55,2.6807356
2022-10-02 17:00,2.6769923
2022-10-02 17:05,2.6769923
2022-10-02 17:10,2.68448
2022-10-02 17:15,2.6807356
2022-10-02 17:20,2.68448
2022-10-02 17:25,2.6807356
2022-10-02 17:30,2.6882244
2022-10-02 17:35,2.6807356
2022-10-02 17:40,2.6882244
2022-10-02 17:45,2.6919677
2022-10-02 17:50,2.68448
2022-10-02 17:55,2.6769923
2022-10-02 18:00,2.68448
2022-10-02 18:05,2.6807356
2022-10-02 18:10,2.6807356
2022-10-02 18:15,2.68448
2022-10-02 18:20,2.6807356
2022-10-02 18:25,2.6919677
2022-10-02 18:30,2.6807356
2022-10-02 18:35,2.68448
2022-10-02 18:40,2.6732479
2022-10-02 18:45,2.6769923
2022-10-02 18:50,2.6769923
2022-10-02 18:55,2.68448
2022-10-02 19:00,2.6882244
2022-10-02 19:05,2.6732479
2022-10-02 19:10,2.6919677
2022-10-02 19:15,2.6807356
2022-10-02 19:20,2.68448
2022-10-02 19:25,2.68448
2022-10-02 19:30,2.6882244
2022-10-02 19:35,2.6695035
2022-10-02 19:40,2.6732479
2022-10-02 19:45,2.68448
2022-10-02 19:50,2.6657591
2022-10-02 19:55,2.6732479
2022-10-02 20:00,2.6769923
2022-10-02 20:05,2.6695035
2022-10-02 20:10,2.6807356
2022-10-02 20:15,2.6807356
2022-10-02 20:20,2.6807356
2022-10-02 20:25,2.68448
2022-10-02 20:30,2.6769923
2022-10-02 20:35,2.6732479
2022-10-02 20:40,2.6807356
2022-10-02 20:45,2.6769923
2022-10-02 20:50,2.6882244
2022-10-02 20:55,2.6882244
2022-10-02 21:00,2.6807356
2022-10-02 21:05,2.68448
2022-10-02 21:10,2.68448
2022-10-02 21:15,2.6769923
2022-10-02 21:20,2.6695035
2022-10-02 21:25,2.6769923
2022-10-02 21:30,2.6807356
2022-10-02 21:35,2.6732479
2022-10-02 21:40,2.6769923
2022-10-02 21:45,2.6769923
2022-10-02 21:50,2.6695035
2022-10-02 21:55,2.6732479
2022-10-02 22:00,2.6732479
2022-10-02 22:05,2.6882244
2022-10-02 22:10,2.6732479
2022-10-02 22:15,2.6807356
2022-10-02 22:20,2.6732479
2022-10-02 22:25,2.6807356
2022-10-02 22:30,2.6769923
2022-10-02 22:35,2.6695035
2022-10-02 22:40,2.6695035
2022-10-02 22:45,2.6695035
2022-10-02 22:50,2.6732479
2022-10-02 22:55,2.6695035
2022-10-02 23:00,2.6695035
2022-10-02 23:05,2.6732479
2022-10-02 23:10,2.6695035
2022-10-02 23:15,2.6695035
2022-10-02 23:20,2.6657591
2022-10-02 23:25,2.6695035
2022-10-02 23:30,2.6657591
2022-10-02 23:35,2.6657591
2022-10-02 23:40,2.6732479
2022-10-02 23:45,2.6657591
2022-10-02 23:50,2.6695035
2022-10-02 23:55,2.6732479
2022-10-03 0:00,2.6695035
2022-10-03 0:05,2.6732479
2022-10-03 0:10,2.6695035
2022-10-03 0:15,2.6657591
2022-10-03 0:20,2.6732479
2022-10-03 0:25,2.6732479
2022-10-03 0:30,2.6657591
2022-10-03 0:35,2.6732479
2022-10-03 0:40,2.6657591
2022-10-03 0:45,2.6732479
2022-10-03 0:50,2.6732479
2022-10-03 0:55,2.6695035
2022-10-03 1:00,2.6657591
2022-10-03 1:05,2.6732479
2022-10-03 1:10,2.6732479
2022-10-03 1:15,2.6732479
2022-10-03 1:20,2.6695035
2022-10-03 1:25,2.6807356
2022-10-03 1:30,2.6695035
2022-10-03 1:35,2.6620158
2022-10-03 1:40,2.6657591
2022-10-03 1:45,2.6657591
2022-10-03 1:50,2.6657591
2022-10-03 1:55,2.6732479
2022-10-03 2:00,2.6657591
2022-10-03 2:05,2.6620158
2022-10-03 2:10,2.6657591
2022-10-03 2:15,2.6732479
2022-10-03 2:20,2.6732479
2022-10-03 2:25,2.6732479
2022-10-03 2:30,2.6695035
2022-10-03 2:35,2.6657591
2022-10-03 2:40,2.6807356
2022-10-03 2:45,2.6657591
2022-10-03 2:50,2.6657591
2022-10-03 2:55,2.6620158
2022-10-03 3:00,2.6807356
2022-10-03 3:05,2.6807356
2022-10-03 3:10,2.6695035
2022-10-03 3:15,2.6769923
2022-10-03 3:20,2.6657591
2022-10-03 3:25,2.6695035
2022-10-03 3:30,2.6732479
2022-10-03 3:35,2.6695035
2022-10-03 3:40,2.6732479
2022-10-03 3:45,2.6657591
2022-10-03 3:50,2.6769923
2022-10-03 3:55,2.6807356
2022-10-03 4:00,2.6732479
2022-10-03 4:05,2.6732479
2022-10-03 4:10,2.6657591
2022-10-03 4:15,2.6695035
2022-10-03 4:20,2.6695035
2022-10-03 4:25,2.6657591
2022-10-03 4:30,2.6657591
2022-10-03 4:35,2.6769923
2022-10-03 4:40,2.6732479
2022-10-03 4:45,2.6620158
2022-10-03 4:50,2.6769923
2022-10-03 4:55,2.6695035
2022-10-03 5:00,2.6695035
2022-10-03 5:05,2.6769923
2022-10-03 5:10,2.6732479
2022-10-03 5:15,2.6657591
2022-10-03 5:20,2.6695035
2022-10-03 5:25,2.6807356
2022-10-03 5:30,2.6695035
2022-10-03 5:35,2.6732479
2022-10-03 5:40,2.6732479
2022-10-03 5:45,2.6657591
2022-10-03 5:50,2.6657591
2022-10-03 5:55,2.6695035
2022-10-03 6:00,2.6657591
2022-10-03 6:05,2.6657591
2022-10-03 6:10,2.6732479
2022-10-03 6:15,2.6732479
2022-10-03 6:20,2.6695035
2022-10-03 6:25,2.6769923
2022-10-03 6:30,2.6657591
2022-10-03 6:35,2.6732479
2022-10-03 6:40,2.6657591
2022-10-03 6:45,2.6582714
2022-10-03 6:50,2.6620158
2022-10-03 6:55,2.6620158
2022-10-03 7:00,2.6582714
2022-10-03 7:05,2.6582714
2022-10-03 7:10,2.6582714
2022-10-03 7:15,2.6582714
2022-10-03 7:20,2.6582714
2022-10-03 7:25,2.6545281
2022-10-03 7:30,2.6620158
2022-10-03 7:35,2.6695035
2022-10-03 7:40,2.6620158
2022-10-03 7:45,2.6657591
2022-10-03 7:50,2.6732479
2022-10-03 7:55,2.6695035
2022-10-03 8:00,2.6695035
2022-10-03 8:05,2.6695035
2022-10-03 8:10,2.6657591
2022-10-03 8:15,2.6695035
2022-10-03 8:20,2.6582714
2022-10-03 8:25,2.6620158
2022-10-03 8:30,2.6582714
2022-10-03 8:35,2.6657591
2022-10-03 8:40,2.6620158
2022-10-03 8:45,2.6620158
2022-10-03 8:50,2.6732479
2022-10-03 8:55,2.6695035
2022-10-03 9:00,2.6732479
2022-10-03 9:05,2.6545281
2022-10-03 9:10,2.6732479
2022-10-03 9:15,2.6657591
2022-10-03 9:20,2.6582714
2022-10-03 9:25,2.6695035
2022-10-03 9:30,2.6582714
2022-10-03 9:35,2.6620158
2022-10-03 9:40,2.6620158
2022-10-03 9:45,2.6582714
2022-10-03 9:50,2.6545281
2022-10-03 9:55,2.6695035
2022-10-03 10:00,2.6620158
2022-10-03 10:05,2.6582714
2022-10-03 10:10,2.6620158
2022-10-03 10:15,2.6620158
2022-10-03 10:20,2.6620158
2022-10-03 10:25,2.6620158
2022-10-03 10:30,2.6732479
2022-10-03 10:35,2.6657591
2022-10-03 10:40,2.6695035
2022-10-03 10:45,2.6695035
2022-10-03 10:50,2.6545281
2022-10-03 10:55,2.6582714
2022-10-03 11:00,2.6620158
2022-10-03 11:05,2.6620158
2022-10-03 11:10,2.6657591
2022-10-03 11:15,2.6582714
2022-10-03 11:20,2.6582714
2022-10-03 11:25,2.6620158
2022-10-03 11:30,2.6582714
2022-10-03 11:35,2.6620158
2022-10-03 11:40,2.6695035
2022-10-03 11:45,2.6545281
2022-10-03 11:50,2.6695035
2022-10-03 11:55,2.6582714
2022-10-03 12:00,2.6545281
2022-10-03 12:05,2.6695035
2022-10-03 12:10,2.6582714
2022-10-03 12:15,2.6620158
2022-10-03 12:20,2.6582714
2022-10-03 12:25,2.6657591
2022-10-03 12:30,2.6695035
2022-10-03 12:35,2.6695035
2022-10-03 12:40,2.6582714
2022-10-03 12:45,2.6657591
2022-10-03 12:50,2.6657591
2022-10-03 12:55,2.6657591
2022-10-03 13:00,2.6545281
2022-10-03 13:05,2.6732479
2022-10-03 13:10,2.6507837
2022-10-03 13:15,2.6470393
2022-10-03 13:20,2.643296
2022-10-03 13:25,2.6545281
2022-10-03 13:30,2.6507837
2022-10-03 13:35,2.643296
2022-10-03 13:40,2.643296
2022-10-03 13:45,2.6507837
2022-10-03 13:50,2.6582714
2022-10-03 13:55,2.6470393
2022-10-03 14:00,2.6507837
2022-10-03 14:05,2.6507837
2022-10-03 14:10,2.6470393
2022-10-03 14:15,2.6507837
2022-10-03 14:20,2.643296
2022-10-03 14:25,2.643296
2022-10-03 14:30,2.643296
2022-10-03 14:35,2.6470393
2022-10-03 14:40,2.643296
2022-10-03 14:45,2.6545281
2022-10-03 14:50,2.643296
2022-10-03 14:55,2.6470393
2022-10-03 15:00,2.6545281
2022-10-03 15:05,2.6470393
2022-10-03 15:10,2.6507837
2022-10-03 15:15,2.6470393
2022-10-03 15:20,2.6545281
2022-10-03 15:25,2.6545281
2022-10-03 15:30,2.6582714
2022-10-03 15:35,2.6507837
2022-10-03 15:40,2.6470393
2022-10-03 15:45,2.6358072
2022-10-03 15:50,2.6320628
2022-10-03 15:55,2.6358072
2022-10-03 16:00,2.6507837
2022-10-03 16:05,2.6507837
2022-10-03 16:10,2.6358072
2022-10-03 16:15,2.6245751
2022-10-03 16:20,2.6320628
2022-10-03 16:25,2.6283184
2022-10-03 16:30,2.6245751
2022-10-03 16:35,2.6358072
2022-10-03 16:40,2.6320628
2022-10-03 16:45,2.6283184
2022-10-03 16:50,2.6320628
2022-10-03 16:55,2.6320628
2022-10-03 17:00,2.6395516
2022-10-03 17:05,2.6320628
2022-10-03 17:10,2.6320628
2022-10-03 17:15,2.6358072
2022-10-03 17:20,2.6320628
2022-10-03 17:25,2.6395516
2022-10-03 17:30,2.6283184
2022-10-03 17:35,2.6245751
2022-10-03 17:40,2.6395516
2022-10-03 17:45,2.6320628
2022-10-03 17:50,2.6395516
2022-10-03 17:55,2.6283184
2022-10-03 18:00,2.6395516
2022-10-03 18:05,2.6283184
2022-10-03 18:10,2.6320628
2022-10-03 18:15,2.6208307
2022-10-03 18:20,2.6245751
2022-10-03 18:25,2.6283184
2022-10-03 18:30,2.6283184
2022-10-03 18:35,2.6320628
2022-10-03 18:40,2.6283184
2022-10-03 18:45,2.6395516
2022-10-03 18:50,2.6283184
2022-10-03 18:55,2.6358072
2022-10-03 19:00,2.6320628
2022-10-03 19:05,2.6320628
2022-10-03 19:10,2.6320628
2022-10-03 19:15,2.6245751
2022-10-03 19:20,2.6358072
2022-10-03 19:25,2.6245751
2022-10-03 19:30,2.6358072
2022-10-03 19:35,2.6283184
2022-10-03 19:40,2.6358072
2022-10-03 19:45,2.6283184
2022-10-03 19:50,2.6320628
2022-10-03 19:55,2.6283184
2022-10-03 20:00,2.6358072
2022-10-03 20:05,2.6245751
2022-10-03 20:10,2.6358072
2022-10-03 20:15,2.6320628
2022-10-03 20:20,2.6208307
2022-10-03 20:25,2.6170874
2022-10-03 20:30,2.6358072
2022-10-03 20:35,2.6283184
2022-10-03 20:40,2.6320628
2022-10-03 20:45,2.6245751
2022-10-03 20:50,2.6208307
2022-10-03 20:55,2.6245751
2022-10-03 21:00,2.6245751
2022-10-03 21:05,2.6283184
2022-10-03 21:10,2.6358072
2022-10-03 21:15,2.6320628
2022-10-03 21:20,2.6283184
2022-10-03 21:25,2.6208307
2022-10-03 21:30,2.6245751
2022-10-03 21:35,2.6170874
2022-10-03 21:40,2.6245751
2022-10-03 21:45,2.613343
2022-10-03 21:50,2.6170874
2022-10-03 21:55,2.613343
2022-10-03 22:00,2.613343
2022-10-03 22:05,2.6058553
2022-10-03 22:10,2.6095997
2022-10-03 22:15,2.613343
2022-10-03 22:20,2.6021109
2022-10-03 22:25,2.6058553
2022-10-03 22:30,2.5946232
2022-10-03 22:35,2.6021109
2022-10-03 22:40,2.5983665
2022-10-03 22:45,2.6058553
2022-10-03 22:50,2.6021109
2022-10-03 22:55,2.6021109
2022-10-03 23:00,2.5871344
2022-10-03 23:05,2.6021109
2022-10-03 23:10,2.5983665
2022-10-03 23:15,2.5983665
2022-10-03 23:20,2.5908788
2022-10-03 23:25,2.5908788
2022-10-03 23:30,2.5983665
2022-10-03 23:35,2.5946232
2022-10-03 23:40,2.5983665
2022-10-03 23:45,2.5983665
2022-10-03 23:50,2.5796467
2022-10-03 23:55,2.58339
2022-10-04 0:00,2.5796467
2022-10-04 0:05,2.5908788
2022-10-04 0:10,2.5946232
2022-10-04 0:15,2.58339
2022-10-04 0:20,2.58339
2022-10-04 0:25,2.58339
2022-10-04 0:30,2.5796467
2022-10-04 0:35,2.5871344
2022-10-04 0:40,2.5796467
2022-10-04 0:45,2.58339
2022-10-04 0:50,2.58339
2022-10-04 0:55,2.58339
2022-10-04 1:00,2.5759023
2022-10-04 1:05,2.572159
2022-10-04 1:10,2.58339
2022-10-04 1:15,2.58339
2022-10-04 1:20,2.572159
2022-10-04 1:25,2.5759023
2022-10-04 1:30,2.5684146
2022-10-04 1:35,2.5796467
2022-10-04 1:40,2.5684146
2022-10-04 1:45,2.5646713
2022-10-04 1:50,2.5684146
2022-10-04 1:55,2.5684146
2022-10-04 2:00,2.5684146
2022-10-04 2:05,2.5571825
2022-10-04 2:10,2.5534381
2022-10-04 2:15,2.5496937
2022-10-04 2:20,2.5496937
2022-10-04 2:25,2.5609269
2022-10-04 2:30,2.5534381
2022-10-04 2:35,2.5459504
2022-10-04 2:40,2.5534381
2022-10-04 2:45,2.5534381
2022-10-04 2:50,2.5496937
2022-10-04 2:55,2.5571825
2022-10-04 3:00,2.5646713
2022-10-04 3:05,2.5571825
2022-10-04 3:10,2.5609269
2022-10-04 3:15,2.5496937
2022-10-04 3:20,2.542206
2022-10-04 3:25,2.5534381
2022-10-04 3:30,2.5384616
2022-10-04 3:35,2.5496937
2022-10-04 3:40,2.5459504
2022-10-04 3:45,2.5534381
2022-10-04 3:50,2.5347183
2022-10-04 3:55,2.542206
2022-10-04 4:00,2.542206
2022-10-04 4:05,2.542206
2022-10-04 4:10,2.542206
2022-10-04 4:15,2.5272306
2022-10-04 4:20,2.5309739
2022-10-04 4:25,2.5197418
2022-10-04 4:30,2.5272306
2022-10-04 4:35,2.5197418
2022-10-04 4:40,2.5197418
2022-10-04 4:45,2.5347183
2022-10-04 4:50,2.5272306
2022-10-04 4:55,2.5347183
2022-10-04 5:00,2.5234862
2022-10-04 5:05,2.5309739
2022-10-04 5:10,2.5197418
2022-10-04 5:15,2.5309739
2022-10-04 5:20,2.5197418
2022-10-04 5:25,2.5234862
2022-10-04 5:30,2.5272306
2022-10-04 5:35,2.5309739
2022-10-04 5:40,2.5272306
2022-10-04 5:45,2.5197418
2022-10-04 5:50,2.5272306
2022-10-04 5:55,2.5272306
2022-10-04 6:00,2.5272306
2022-10-04 6:05,2.5234862
2022-10-04 6:10,2.5159974
2022-10-04 6:15,2.5347183
2022-10-04 6:20,2.5234862
2022-10-04 6:25,2.5272306
2022-10-04 6:30,2.5159974
2022-10-04 6:35,2.5234862
2022-10-04 6:40,2.5197418
2022-10-04 6:45,2.5159974
2022-10-04 6:50,2.5234862
2022-10-04 6:55,2.5272306
2022-10-04 7:00,2.5159974
2022-10-04 7:05,2.5085097
2022-10-04 7:10,2.5159974
2022-10-04 7:15,2.5047653
2022-10-04 7:20,2.5047653
2022-10-04 7:25,2.4972776
2022-10-04 7:30,2.5085097
2022-10-04 7:35,2.5085097
2022-10-04 7:40,2.4935332
2022-10-04 7:45,2.4972776
2022-10-04 7:50,2.501022
2022-10-04 7:55,2.4935332
2022-10-04 8:00,2.5159974
2022-10-04 8:05,2.5085097
2022-10-04 8:10,2.501022
2022-10-04 8:15,2.5085097
2022-10-04 8:20,2.501022
2022-10-04 8:25,2.5047653
2022-10-04 8:30,2.5047653
2022-10-04 8:35,2.501022
2022-10-04 8:40,2.4972776
2022-10-04 8:45,2.501022
2022-10-04 8:50,2.501022
2022-10-04 8:55,2.4972776
2022-10-04 9:00,2.5047653
2022-10-04 9:05,2.5047653
2022-10-04 9:10,2.4935332
2022-10-04 9:15,2.4897899
2022-10-04 9:20,2.4972776
2022-10-04 9:25,2.4972776
2022-10-04 9:30,2.4897899
2022-10-04 9:35,2.4935332
2022-10-04 9:40,2.501022
2022-10-04 9:45,2.5047653
2022-10-04 9:50,2.4972776
2022-10-04 9:55,2.4897899
2022-10-04 10:00,2.4935332
2022-10-04 10:05,2.4935332
2022-10-04 10:10,2.4860455
2022-10-04 10:15,2.4860455
2022-10-04 10:20,2.4935332
2022-10-04 10:25,2.4860455
2022-10-04 10:30,2.4860455
2022-10-04 10:35,2.5085097
2022-10-04 10:40,2.4972776
2022-10-04 10:45,2.4897899
2022-10-04 10:50,2.4972776
2022-10-04 10:55,2.4935332
2022-10-04 11:00,2.4935332
2022-10-04 11:05,2.501022
2022-10-04 11:10,2.501022
2022-10-04 11:15,2.501022
2022-10-04 11:20,2.4972776
2022-10-04 11:25,2.4897899
2022-10-04 11:30,2.4935332
2022-10-04 11:35,2.4411171
2022-10-04 11:40,2.3362838
2022-10-04 11:45,2.3287961
2022-10-04 11:50,2.3250517
2022-10-04 11:55,2.3250517
2022-10-04 12:00,2.317564
2022-10-04 12:05,2.3325394
2022-10-04 12:10,2.3250517
2022-10-04 12:15,2.3025875
2022-10-04 12:20,2.3138196
2022-10-04 12:25,2.317564
2022-10-04 12:30,2.317564
2022-10-04 12:35,2.3213084
2022-10-04 12:40,2.317564
2022-10-04 12:45,2.3138196
2022-10-04 12:50,2.3138196
2022-10-04 12:55,2.3063308
2022-10-04 13:00,2.317564
2022-10-04 13:05,2.3100752
2022-10-04 13:10,2.3138196
2022-10-04 13:15,2.3287961
2022-10-04 13:20,2.3213084
2022-10-04 13:25,2.3287961
2022-10-04 13:30,2.317564
2022-10-04 13:35,2.3250517
2022-10-04 13:40,2.3213084
2022-10-04 13:45,2.3213084
2022-10-04 13:50,2.3213084
2022-10-04 13:55,2.3138196
2022-10-04 14:00,2.3213084
2022-10-04 14:05,2.3213084
2022-10-04 14:10,2.317564
2022-10-04 14:15,2.3250517
2022-10-04 14:20,2.3325394
2022-10-04 14:25,2.3213084
2022-10-04 14:30,2.317564
2022-10-04 14:35,2.3250517
2022-10-04 14:40,2.3250517
2022-10-04 14:45,2.3100752
2022-10-04 14:50,2.3138196
2022-10-04 14:55,2.3250517
2022-10-04 15:00,2.3250517
2022-10-04 15:05,2.3287961
2022-10-04 15:10,2.3287961
2022-10-04 15:15,2.3138196
2022-10-04 15:20,2.3213084
2022-10-04 15:25,2.317564
2022-10-04 15:30,2.317564
2022-10-04 15:35,2.3213084
2022-10-04 15:40,2.3213084
2022-10-04 15:45,2.3213084
2022-10-04 15:50,2.3138196
2022-10-04 15:55,2.317564
2022-10-04 16:00,2.3213084
2022-10-04 16:05,2.3138196
2022-10-04 16:10,2.3287961
2022-10-04 16:15,2.3213084
2022-10-04 16:20,2.3287961
2022-10-04 16:25,2.3325394
2022-10-04 16:30,2.3213084
2022-10-04 16:35,2.317564
2022-10-04 16:40,2.3250517
2022-10-04 16:45,2.3250517
2022-10-04 16:50,2.3250517
2022-10-04 16:55,2.3325394
2022-10-04 17:00,2.3213084
2022-10-04 17:05,2.3325394
2022-10-04 17:10,2.317564
2022-10-04 17:15,2.3287961
2022-10-04 17:20,2.3325394
2022-10-04 17:25,2.317564
2022-10-04 17:30,2.3287961
2022-10-04 17:35,2.317564
2022-10-04 17:40,2.3213084
2022-10-04 17:45,2.3250517
2022-10-04 17:50,2.3287961
2022-10-04 17:55,2.3325394
2022-10-04 18:00,2.3250517
2022-10-04 18:05,2.3287961
2022-10-04 18:10,2.3325394
2022-10-04 18:15,2.3362838
2022-10-04 18:20,2.3400282
2022-10-04 18:25,2.3400282
2022-10-04 18:30,2.3362838
2022-10-04 18:35,2.3400282
2022-10-04 18:40,2.3325394
2022-10-04 18:45,2.3362838
2022-10-04 18:50,2.3325394
2022-10-04 18:55,2.3362838
2022-10-04 19:00,2.3325394
2022-10-04 19:05,2.3362838
2022-10-04 19:10,2.3400282
2022-10-04 19:15,2.3362838
2022-10-04 19:20,2.3250517
2022-10-04 19:25,2.3400282
2022-10-04 19:30,2.3437715
2022-10-04 19:35,2.3437715
2022-10-04 19:40,2.3475159
2022-10-04 19:45,2.3400282
2022-10-04 19:50,2.3437715
2022-10-04 19:55,2.3512603
2022-10-04 20:00,2.3400282
2022-10-04 20:05,2.3437715
2022-10-04 20:10,2.3400282
2022-10-04 20:15,2.3400282
2022-10-04 20:20,2.3437715
2022-10-04 20:25,2.3475159
2022-10-04 20:30,2.3437715
2022-10-04 20:35,2.3475159
2022-10-04 20:40,2.3437715
2022-10-04 20:45,2.3400282
2022-10-04 20:50,2.3437715
2022-10-04 20:55,2.3437715
2022-10-04 21:00,2.3325394
2022-10-04 21:05,2.3437715
2022-10-04 21:10,2.3400282
2022-10-04 21:15,2.3400282
2022-10-04 21:20,2.3400282
2022-10-04 21:25,2.3325394
2022-10-04 21:30,2.3362838
2022-10-04 21:35,2.3475159
2022-10-04 21:40,2.3437715
2022-10-04 21:45,2.3400282
2022-10-04 21:50,2.3325394
2022-10-04 21:55,2.3437715
2022-10-04 22:00,2.3512603
2022-10-04 22:05,2.3475159
2022-10-04 22:10,2.3400282
2022-10-04 22:15,2.3400282
2022-10-04 22:20,2.3400282
2022-10-04 22:25,2.3400282
2022-10-04 22:30,2.3400282
2022-10-04 22:35,2.3512603
2022-10-04 22:40,2.3400282
2022-10-04 22:45,2.3512603
2022-10-04 22:50,2.3437715
2022-10-04 22:55,2.3400282
2022-10-04 23:00,2.3362838
2022-10-04 23:05,2.3362838
2022-10-04 23:10,2.3362838
2022-10-04 23:15,2.3437715
2022-10-04 23:20,2.3362838
2022-10-04 23:25,2.3437715
2022-10-04 23:30,2.3362838
2022-10-04 23:35,2.3362838
2022-10-04 23:40,2.3400282
2022-10-04 23:45,2.3437715
2022-10-04 23:50,2.3512603
2022-10-04 23:55,2.3437715
2022-10-05 0:00,2.3437715
2022-10-05 0:05,2.3475159
2022-10-05 0:10,2.3400282
2022-10-05 0:15,2.3512603
2022-10-05 0:20,2.3437715
2022-10-05 0:25,2.3437715
2022-10-05 0:30,2.3400282
2022-10-05 0:35,2.3437715
2022-10-05 0:40,2.3362838
2022-10-05 0:45,2.3437715
2022-10-05 0:50,2.3400282
2022-10-05 0:55,2.3400282
2022-10-05 1:00,2.3475159
2022-10-05 1:05,2.3362838
2022-10-05 1:10,2.3437715
2022-10-05 1:15,2.3362838
2022-10-05 1:20,2.3400282
2022-10-05 1:25,2.3512603
2022-10-05 1:30,2.3475159
2022-10-05 1:35,2.3475159
2022-10-05 1:40,2.3475159
2022-10-05 1:45,2.3437715
2022-10-05 1:50,2.3475159
2022-10-05 1:55,2.3400282
2022-10-05 2:00,2.3475159
2022-10-05 2:05,2.3475159
2022-10-05 2:10,2.358748
2022-10-05 2:15,2.3437715
2022-10-05 2:20,2.358748
2022-10-05 2:25,2.3475159
2022-10-05 2:30,2.3512603
2022-10-05 2:35,2.3437715
2022-10-05 2:40,2.3437715
2022-10-05 2:45,2.3437715
2022-10-05 2:50,2.3550036
2022-10-05 2:55,2.3437715
2022-10-05 3:00,2.3437715
2022-10-05 3:05,2.358748
2022-10-05 3:10,2.3475159
2022-10-05 3:15,2.3475159
2022-10-05 3:20,2.3437715
2022-10-05 3:25,2.3550036
2022-10-05 3:30,2.3475159
2022-10-05 3:35,2.3400282
2022-10-05 3:40,2.3512603
2022-10-05 3:45,2.3550036
2022-10-05 3:50,2.3400282
2022-10-05 3:55,2.3512603
2022-10-05 4:00,2.3400282
2022-10-05 4:05,2.3512603
2022-10-05 4:10,2.3512603
2022-10-05 4:15,2.3550036
2022-10-05 4:20,2.3475159
2022-10-05 4:25,2.3437715
2022-10-05 4:30,2.3475159
2022-10-05 4:35,2.3512603
2022-10-05 4:40,2.3512603
2022-10-05 4:45,2.3512603
2022-10-05 4:50,2.3400282
2022-10-05 4:55,2.3512603
2022-10-05 5:00,2.3550036
2022-10-05 5:05,2.3437715
2022-10-05 5:10,2.3550036
2022-10-05 5:15,2.3400282
2022-10-05 5:20,2.3475159
2022-10-05 5:25,2.3437715
2022-10-05 5:30,2.3475159
2022-10-05 5:35,2.3400282
2022-10-05 5:40,2.3550036
2022-10-05 5:45,2.3475159
2022-10-05 5:50,2.3550036
2022-10-05 5:55,2.3437715
2022-10-05 6:00,2.3437715
2022-10-05 6:05,2.3437715
2022-10-05 6:10,2.3512603
2022-10-05 6:15,2.3550036
2022-10-05 6:20,2.358748
2022-10-05 6:25,2.3475159
2022-10-05 6:30,2.3512603
2022-10-05 6:35,2.3437715
2022-10-05 6:40,2.3475159
2022-10-05 6:45,2.3437715
2022-10-05 6:50,2.3512603
2022-10-05 6:55,2.3437715
2022-10-05 7:00,2.3475159
2022-10-05 7:05,2.3437715
2022-10-05 7:10,2.3437715
2022-10-05 7:15,2.3362838
2022-10-05 7:20,2.3550036
2022-10-05 7:25,2.3400282
2022-10-05 7:30,2.3400282
2022-10-05 7:35,2.3550036
2022-10-05 7:40,2.3512603
2022-10-05 7:45,2.3400282
2022-10-05 7:50,2.3437715
2022-10-05 7:55,2.3400282
2022-10-05 8:00,2.3475159
2022-10-05 8:05,2.3475159
2022-10-05 8:10,2.3437715
2022-10-05 8:15,2.3437715
2022-10-05 8:20,2.3475159
2022-10-05 8:25,2.3550036
2022-10-05 8:30,2.358748
2022-10-05 8:35,2.3550036
2022-10-05 8:40,2.3437715
2022-10-05 8:45,2.3437715
2022-10-05 8:50,2.3362838
2022-10-05 8:55,2.3512603
2022-10-05 9:00,2.3550036
2022-10-05 9:05,2.358748
2022-10-05 9:10,2.3475159
2022-10-05 9:15,2.3512603
2022-10-05 9:20,2.3512603
2022-10-05 9:25,2.3512603
2022-10-05 9:30,2.3475159
2022-10-05 9:35,2.3437715
2022-10-05 9:40,2.358748
2022-10-05 9:45,2.3550036
2022-10-05 9:50,2.3512603
2022-10-05 9:55,2.3550036
2022-10-05 10:00,2.3512603
2022-10-05 10:05,2.3512603
2022-10-05 10:10,2.3512603
2022-10-05 10:15,2.3475159
2022-10-05 10:20,2.3437715
2022-10-05 10:25,2.3475159
2022-10-05 10:30,2.3512603
2022-10-05 10:35,2.3550036
2022-10-05 10:40,2.3550036
2022-10-05 10:45,2.3550036
2022-10-05 10:50,2.3624924
2022-10-05 10:55,2.3624924
2022-10-05 11:00,2.3512603
2022-10-05 11:05,2.3437715
2022-10-05 11:10,2.3475159
2022-10-05 11:15,2.3512603
2022-10-05 11:20,2.3512603
2022-10-05 11:25,2.3475159
2022-10-05 11:30,2.3662368
2022-10-05 11:35,2.358748
2022-10-05 11:40,2.3624924
2022-10-05 11:45,2.3624924
2022-10-05 11:50,2.358748
2022-10-05 11:55,2.3699801
2022-10-05 12:00,2.3624924
2022-10-05 12:05,2.3737245
2022-10-05 12:10,2.3624924
2022-10-05 12:15,2.3699801
2022-10-05 12:20,2.3774678
2022-10-05 12:25,2.3662368
2022-10-05 12:30,2.3737245
2022-10-05 12:35,2.3624924
2022-10-05 12:40,2.358748
2022-10-05 12:45,2.358748
2022-10-05 12:50,2.3550036
2022-10-05 12:55,2.3624924
2022-10-05 13:00,2.3550036
2022-10-05 13:05,2.3550036
2022-10-05 13:10,2.3550036
2022-10-05 13:15,2.358748
2022-10-05 13:20,2.3737245
2022-10-05 13:25,2.3512603
2022-10-05 13:30,2.3475159
2022-10-05 13:35,2.358748
2022-10-05 13:40,2.3737245
2022-10-05 13:45,2.3550036
2022-10-05 13:50,2.3662368
2022-10-05 13:55,2.3624924
2022-10-05 14:00,2.358748
2022-10-05 14:05,2.358748
2022-10-05 14:10,2.358748
2022-10-05 14:15,2.3662368
2022-10-05 14:20,2.3624924
2022-10-05 14:25,2.358748
2022-10-05 14:30,2.3699801
2022-10-05 14:35,2.3737245
2022-10-05 14:40,2.3699801
2022-10-05 14:45,2.3699801
2022-10-05 14:50,2.3886999
2022-10-05 14:55,2.3886999
2022-10-05 15:00,2.3849566
2022-10-05 15:05,2.3849566
2022-10-05 15:10,2.3886999
2022-10-05 15:15,2.3737245
2022-10-05 15:20,2.3774678
2022-10-05 15:25,2.3849566
2022-10-05 15:30,2.3961887
2022-10-05 15:35,2.4074208
2022-10-05 15:40,2.3886999
2022-10-05 15:45,2.4036764
2022-10-05 15:50,2.4036764
2022-10-05 15:55,2.4111652
2022-10-05 16:00,2.4036764
2022-10-05 16:05,2.3999331
2022-10-05 16:10,2.4111652
2022-10-05 16:15,2.4186529
2022-10-05 16:20,2.4111652
2022-10-05 16:25,2.4186529
2022-10-05 16:30,2.4149085
2022-10-05 16:35,2.4223962
2022-10-05 16:40,2.4223962
2022-10-05 16:45,2.4149085
2022-10-05 16:50,2.4186529
2022-10-05 16:55,2.4223962
2022-10-05 17:00,2.4149085
2022-10-05 17:05,2.4074208
2022-10-05 17:10,2.4186529
2022-10-05 17:15,2.4111652
2022-10-05 17:20,2.4149085
2022-10-05 17:25,2.4186529
2022-10-05 17:30,2.4186529
2022-10-05 17:35,2.4186529
2022-10-05 17:40,2.4149085
2022-10-05 17:45,2.4149085
2022-10-05 17:50,2.4223962
2022-10-05 17:55,2.4111652
2022-10-05 18:00,2.4149085
2022-10-05 18:05,2.4261406
2022-10-05 18:10,2.4186529
2022-10-05 18:15,2.4186529
2022-10-05 18:20,2.4149085
2022-10-05 18:25,2.4149085
2022-10-05 18:30,2.4186529
2022-10-05 18:35,2.4261406
2022-10-05 18:40,2.4186529
2022-10-05 18:45,2.4223962
2022-10-05 18:50,2.4223962
2022-10-05 18:55,2.4111652
2022-10-05 19:00,2.4149085
2022-10-05 19:05,2.4149085
2022-10-05 19:10,2.4186529
2022-10-05 19:15,2.4261406
2022-10-05 19:20,2.4186529
2022-10-05 19:25,2.4186529
2022-10-05 19:30,2.429885
2022-10-05 19:35,2.4149085
2022-10-05 19:40,2.4223962
2022-10-05 19:45,2.4223962
2022-10-05 19:50,2.4223962
2022-10-05 19:55,2.4223962
2022-10-05 20:00,2.4186529
2022-10-05 20:05,2.4186529
2022-10-05 20:10,2.4186529
2022-10-05 20:15,2.4149085
2022-10-05 20:20,2.4223962
2022-10-05 20:25,2.4261406
2022-10-05 20:30,2.4186529
2022-10-05 20:35,2.4186529
2022-10-05 20:40,2.4186529
2022-10-05 20:45,2.4186529
2022-10-05 20:50,2.4261406
2022-10-05 20:55,2.429885
2022-10-05 21:00,2.4186529
2022-10-05 21:05,2.4111652
2022-10-05 21:10,2.4261406
2022-10-05 21:15,2.4149085
2022-10-05 21:20,2.4223962
2022-10-05 21:25,2.4223962
2022-10-05 21:30,2.4149085
2022-10-05 21:35,2.4186529
2022-10-05 21:40,2.429885
2022-10-05 21:45,2.4223962
2022-10-05 21:50,2.4149085
2022-10-05 21:55,2.4223962
2022-10-05 22:00,2.4336294
2022-10-05 22:05,2.4336294
2022-10-05 22:10,2.4223962
2022-10-05 22:15,2.4186529
2022-10-05 22:20,2.4336294
2022-10-05 22:25,2.4223962
2022-10-05 22:30,2.4111652
2022-10-05 22:35,2.4149085
2022-10-05 22:40,2.4223962
2022-10-05 22:45,2.4186529
2022-10-05 22:50,2.4186529
2022-10-05 22:55,2.4111652
2022-10-05 23:00,2.4186529
2022-10-05 23:05,2.429885
2022-10-05 23:10,2.4223962
2022-10-05 23:15,2.4186529
2022-10-05 23:20,2.4149085
2022-10-05 23:25,2.4186529
2022-10-05 23:30,2.4261406
2022-10-05 23:35,2.4261406
2022-10-05 23:40,2.4261406
2022-10-05 23:45,2.4186529
2022-10-05 23:50,2.4223962
2022-10-05 23:55,2.4149085
2022-10-06 0:00,2.4149085
2022-10-06 0:05,2.4261406
2022-10-06 0:10,2.4261406
2022-10-06 0:15,2.4261406
2022-10-06 0:20,2.4149085
2022-10-06 0:25,2.429885
2022-10-06 0:30,2.4261406
2022-10-06 0:35,2.4186529
2022-10-06 0:40,2.4149085
2022-10-06 0:45,2.4149085
2022-10-06 0:50,2.4261406
2022-10-06 0:55,2.4261406
2022-10-06 1:00,2.4186529
2022-10-06 1:05,2.4149085
2022-10-06 1:10,2.4111652
2022-10-06 1:15,2.4111652
2022-10-06 1:20,2.4261406
2022-10-06 1:25,2.4149085
2022-10-06 1:30,2.4149085
2022-10-06 1:35,2.4074208
2022-10-06 1:40,2.4111652
2022-10-06 1:45,2.4111652
2022-10-06 1:50,2.4111652
2022-10-06 1:55,2.4149085
2022-10-06 2:00,2.4186529
2022-10-06 2:05,2.4186529
2022-10-06 2:10,2.4186529
2022-10-06 2:15,2.4111652
2022-10-06 2:20,2.4111652
2022-10-06 2:25,2.4149085
2022-10-06 2:30,2.4149085
2022-10-06 2:35,2.4111652
2022-10-06 2:40,2.4223962
2022-10-06 2:45,2.4186529
2022-10-06 2:50,2.4111652
2022-10-06 2:55,2.4223962
2022-10-06 3:00,2.4149085
2022-10-06 3:05,2.4186529
2022-10-06 3:10,2.4149085
2022-10-06 3:15,2.4186529
2022-10-06 3:20,2.4149085
2022-10-06 3:25,2.4111652
2022-10-06 3:30,2.4036764
2022-10-06 3:35,2.4149085
2022-10-06 3:40,2.4111652
2022-10-06 3:45,2.4149085
2022-10-06 3:50,2.4186529
2022-10-06 3:55,2.4223962
2022-10-06 4:00,2.4149085
2022-10-06 4:05,2.4186529
2022-10-06 4:10,2.4111652
2022-10-06 4:15,2.4111652
2022-10-06 4:20,2.4149085
2022-10-06 4:25,2.4223962
2022-10-06 4:30,2.4223962
2022-10-06 4:35,2.4074208
2022-10-06 4:40,2.4074208
2022-10-06 4:45,2.4074208
2022-10-06 4:50,2.4074208
2022-10-06 4:55,2.4149085
2022-10-06 5:00,2.4186529
2022-10-06 5:05,2.4111652
2022-10-06 5:10,2.4111652
2022-10-06 5:15,2.3961887
2022-10-06 5:20,2.4036764
2022-10-06 5:25,2.4036764
2022-10-06 5:30,2.4111652
2022-10-06 5:35,2.4074208
2022-10-06 5:40,2.4036764
2022-10-06 5:45,2.4036764
2022-10-06 5:50,2.4111652
2022-10-06 5:55,2.4036764
2022-10-06 6:00,2.3999331
2022-10-06 6:05,2.4149085
2022-10-06 6:10,2.3999331
2022-10-06 6:15,2.4186529
2022-10-06 6:20,2.4074208
2022-10-06 6:25,2.4036764
2022-10-06 6:30,2.4111652
2022-10-06 6:35,2.4149085
2022-10-06 6:40,2.4111652
2022-10-06 6:45,2.4111652
2022-10-06 6:50,2.4036764
2022-10-06 6:55,2.4111652
2022-10-06 7:00,2.4111652
2022-10-06 7:05,2.4074208
2022-10-06 7:10,2.4149085
2022-10-06 7:15,2.4111652
2022-10-06 7:20,2.4074208
2022-10-06 7:25,2.4111652
2022-10-06 7:30,2.4111652
2022-10-06 7:35,2.4186529
2022-10-06 7:40,2.4074208
2022-10-06 7:45,2.4074208
2022-10-06 7:50,2.4111652
2022-10-06 7:55,2.4074208
2022-10-06 8:00,2.4149085
2022-10-06 8:05,2.4074208
2022-10-06 8:10,2.4074208
2022-10-06 8:15,2.4186529
2022-10-06 8:20,2.4036764
2022-10-06 8:25,2.4111652
2022-10-06 8:30,2.4186529
2022-10-06 8:35,2.4074208
2022-10-06 8:40,2.4111652
2022-10-06 8:45,2.4074208
2022-10-06 8:50,2.4074208
2022-10-06 8:55,2.4111652
2022-10-06 9:00,2.4036764
2022-10-06 9:05,2.4149085
2022-10-06 9:10,2.4111652
2022-10-06 9:15,2.3999331
2022-10-06 9:20,2.3999331
2022-10-06 9:25,2.4149085
2022-10-06 9:30,2.4149085
2022-10-06 9:35,2.4074208
2022-10-06 9:40,2.4036764
2022-10-06 9:45,2.4149085
2022-10-06 9:50,2.4111652
2022-10-06 9:55,2.4186529
2022-10-06 10:00,2.3961887
2022-10-06 10:05,2.4111652
2022-10-06 10:10,2.4149085
2022-10-06 10:15,2.4036764
2022-10-06 10:20,2.4149085
2022-10-06 10:25,2.4074208
2022-10-06 10:30,2.4036764
2022-10-06 10:35,2.3999331
2022-10-06 10:40,2.3886999
2022-10-06 10:45,2.4036764
2022-10-06 10:50,2.3886999
2022-10-06 10:55,2.3812122
2022-10-06 11:00,2.3961887
2022-10-06 11:05,2.3999331
2022-10-06 11:10,2.3886999
2022-10-06 11:15,2.3924443
2022-10-06 11:20,2.4186529
2022-10-06 11:25,2.4111652
2022-10-06 11:30,2.4186529
2022-10-06 11:35,2.4111652
2022-10-06 11:40,2.4149085
2022-10-06 11:45,2.4261406
2022-10-06 11:50,2.4149085
2022-10-06 11:55,2.4111652
2022-10-06 12:00,2.4111652
2022-10-06 12:05,2.4149085
2022-10-06 12:10,2.4186529
2022-10-06 12:15,2.4074208
2022-10-06 12:20,2.4111652
2022-10-06 12:25,2.4223962
2022-10-06 12:30,2.4149085
2022-10-06 12:35,2.4223962
2022-10-06 12:40,2.4186529
2022-10-06 12:45,2.4149085
2022-10-06 12:50,2.4149085
2022-10-06 12:55,2.4074208
2022-10-06 13:00,2.4223962
2022-10-06 13:05,2.3961887
2022-10-06 13:10,2.4149085
2022-10-06 13:15,2.4223962
2022-10-06 13:20,2.4261406
2022-10-06 13:25,2.4149085
2022-10-06 13:30,2.4186529
2022-10-06 13:35,2.4111652
2022-10-06 13:40,2.4186529
2022-10-06 13:45,2.4261406
2022-10-06 13:50,2.4261406
2022-10-06 13:55,2.4149085
2022-10-06 14:00,2.429885
2022-10-06 14:05,2.4186529
2022-10-06 14:10,2.4223962
2022-10-06 14:15,2.4261406
2022-10-06 14:20,2.4223962
2022-10-06 14:25,2.429885
2022-10-06 14:30,2.4261406
2022-10-06 14:35,2.4336294
2022-10-06 14:40,2.4261406
2022-10-06 14:45,2.4336294
2022-10-06 14:50,2.429885
2022-10-06 14:55,2.4186529
2022-10-06 15:00,2.4261406
2022-10-06 15:05,2.429885
2022-10-06 15:10,2.429885
2022-10-06 15:15,2.4373727
2022-10-06 15:20,2.4223962
2022-10-06 15:25,2.429885
2022-10-06 15:30,2.429885
2022-10-06 15:35,2.4411171
2022-10-06 15:40,2.4261406
2022-10-06 15:45,2.4336294
2022-10-06 15:50,2.4373727
2022-10-06 15:55,2.4336294
2022-10-06 16:00,2.4373727
2022-10-06 16:05,2.4411171
2022-10-06 16:10,2.429885
2022-10-06 16:15,2.4373727
2022-10-06 16:20,2.4411171
2022-10-06 16:25,2.4336294
2022-10-06 16:30,2.429885
2022-10-06 16:35,2.4448615
2022-10-06 16:40,2.4261406
2022-10-06 16:45,2.4373727
2022-10-06 16:50,2.4373727
2022-10-06 16:55,2.4373727
2022-10-06 17:00,2.4336294
2022-10-06 17:05,2.4373727
2022-10-06 17:10,2.429885
2022-10-06 17:15,2.4373727
2022-10-06 17:20,2.429885
2022-10-06 17:25,2.4411171
2022-10-06 17:30,2.4411171
2022-10-06 17:35,2.4373727
2022-10-06 17:40,2.4411171
2022-10-06 17:45,2.4448615
2022-10-06 17:50,2.4373727
2022-10-06 17:55,2.4411171
2022-10-06 18:00,2.4411171
2022-10-06 18:05,2.4448615
2022-10-06 18:10,2.4448615
2022-10-06 18:15,2.4411171
2022-10-06 18:20,2.4411171
2022-10-06 18:25,2.4448615
2022-10-06 18:30,2.4486048
2022-10-06 18:35,2.4373727
2022-10-06 18:40,2.4448615
2022-10-06 18:45,2.4448615
2022-10-06 18:50,2.4448615
2022-10-06 18:55,2.4448615
2022-10-06 19:00,2.4411171
2022-10-06 19:05,2.4486048
2022-10-06 19:10,2.4486048
2022-10-06 19:15,2.4486048
2022-10-06 19:20,2.4486048
2022-10-06 19:25,2.4373727
2022-10-06 19:30,2.4411171
2022-10-06 19:35,2.4411171
2022-10-06 19:40,2.4486048
2022-10-06 19:45,2.4448615
2022-10-06 19:50,2.4523492
2022-10-06 19:55,2.4411171
2022-10-06 20:00,2.4523492
2022-10-06 20:05,2.4523492
2022-10-06 20:10,2.4411171
2022-10-06 20:15,2.4411171
2022-10-06 20:20,2.4448615
2022-10-06 20:25,2.4411171
2022-10-06 20:30,2.4486048
2022-10-06 20:35,2.4411171
2022-10-06 20:40,2.4411171
2022-10-06 20:45,2.4448615
2022-10-06 20:50,2.4486048
2022-10-06 20:55,2.4448615
2022-10-06 21:00,2.4448615
2022-10-06 21:05,2.4560936
2022-10-06 21:10,2.4598369
2022-10-06 21:15,2.4523492
2022-10-06 21:20,2.4448615
2022-10-06 21:25,2.4486048
2022-10-06 21:30,2.4486048
2022-10-06 21:35,2.4523492
2022-10-06 21:40,2.4486048
2022-10-06 21:45,2.4448615
2022-10-06 21:50,2.4598369
2022-10-06 21:55,2.4411171
2022-10-06 22:00,2.4523492
2022-10-06 22:05,2.4411171
2022-10-06 22:10,2.4560936
2022-10-06 22:15,2.4523492
2022-10-06 22:20,2.4560936
2022-10-06 22:25,2.4448615
2022-10-06 22:30,2.4486048
2022-10-06 22:35,2.4486048
2022-10-06 22:40,2.4560936
2022-10-06 22:45,2.4560936
2022-10-06 22:50,2.4411171
2022-10-06 22:55,2.4373727
2022-10-06 23:00,2.4411171
2022-10-06 23:05,2.4523492
2022-10-06 23:10,2.4486048
2022-10-06 23:15,2.4486048
2022-10-06 23:20,2.4486048
2022-10-06 23:25,2.4560936
2022-10-06 23:30,2.4411171
2022-10-06 23:35,2.4560936
2022-10-06 23:40,2.4486048
2022-10-06 23:45,2.4598369
2022-10-06 23:50,2.4560936
2022-10-06 23:55,2.4523492
2022-10-07 0:00,2.4560936
2022-10-07 0:05,2.4523492
2022-10-07 0:10,2.4486048
2022-10-07 0:15,2.4560936
2022-10-07 0:20,2.4598369
2022-10-07 0:25,2.4486048
2022-10-07 0:30,2.4486048
2022-10-07 0:35,2.4560936
2022-10-07 0:40,2.4560936
2022-10-07 0:45,2.4486048
2022-10-07 0:50,2.4411171
2022-10-07 0:55,2.4523492
2022-10-07 1:00,2.4486048
2022-10-07 1:05,2.4373727
2022-10-07 1:10,2.4373727
2022-10-07 1:15,2.4373727
2022-10-07 1:20,2.4373727
2022-10-07 1:25,2.4523492
2022-10-07 1:30,2.4411171
2022-10-07 1:35,2.4448615
2022-10-07 1:40,2.4336294
2022-10-07 1:45,2.4486048
2022-10-07 1:50,2.4411171
2022-10-07 1:55,2.4373727
2022-10-07 2:00,2.4373727
2022-10-07 2:05,2.4373727
2022-10-07 2:10,2.4448615
2022-10-07 2:15,2.4448615
2022-10-07 2:20,2.4486048
2022-10-07 2:25,2.4373727
2022-10-07 2:30,2.4486048
2022-10-07 2:35,2.4373727
2022-10-07 2:40,2.4486048
2022-10-07 2:45,2.4523492
2022-10-07 2:50,2.4486048
2022-10-07 2:55,2.4486048
2022-10-07 3:00,2.4486048
2022-10-07 3:05,2.4486048
2022-10-07 3:10,2.4486048
2022-10-07 3:15,2.4560936
2022-10-07 3:20,2.4373727
2022-10-07 3:25,2.4448615
2022-10-07 3:30,2.4448615
2022-10-07 3:35,2.4411171
2022-10-07 3:40,2.4673246
2022-10-07 3:45,2.4336294
2022-10-07 3:50,2.4523492
2022-10-07 3:55,2.4486048
2022-10-07 4:00,2.4635813
2022-10-07 4:05,2.4373727
2022-10-07 4:10,2.4373727
2022-10-07 4:15,2.4486048
2022-10-07 4:20,2.4785578
2022-10-07 4:25,2.471069
2022-10-07 4:30,2.4373727
2022-10-07 4:35,2.471069
2022-10-07 4:40,2.4411171
2022-10-07 4:45,2.4560936
2022-10-07 4:50,2.4635813
2022-10-07 4:55,2.4748134
2022-10-07 5:00,2.4373727
2022-10-07 5:05,2.4785578
2022-10-07 5:10,2.4560936
2022-10-07 5:15,2.4373727
2022-10-07 5:20,2.4373727
2022-10-07 5:25,2.4598369
2022-10-07 5:30,2.4785578
2022-10-07 5:35,2.4373727
2022-10-07 5:40,2.4373727
2022-10-07 5:45,2.4448615
2022-10-07 5:50,2.4336294
2022-10-07 5:55,2.4336294
2022-10-07 6:00,2.4336294
2022-10-07 6:05,2.4448615
2022-10-07 6:10,2.4785578
2022-10-07 6:15,2.4373727
2022-10-07 6:20,2.4336294
2022-10-07 6:25,2.4448615
2022-10-07 6:30,2.4523492
2022-10-07 6:35,2.4411171
2022-10-07 6:40,2.4785578
2022-10-07 6:45,2.4748134
2022-10-07 6:50,2.4748134
2022-10-07 6:55,2.4972776
2022-10-07 7:00,2.4486048
2022-10-07 7:05,2.4635813
2022-10-07 7:10,2.4673246
2022-10-07 7:15,2.4560936
2022-10-07 7:20,2.4560936
2022-10-07 7:25,2.4560936
2022-10-07 7:30,2.4785578
2022-10-07 7:35,2.4523492
2022-10-07 7:40,2.4560936
2022-10-07 7:45,2.4560936
2022-10-07 7:50,2.4635813
2022-10-07 7:55,2.4673246
2022-10-07 8:00,2.4748134
2022-10-07 8:05,2.4598369
2022-10-07 8:10,2.4635813
2022-10-07 8:15,2.4935332
2022-10-07 8:20,2.471069
2022-10-07 8:25,2.5047653
2022-10-07 8:30,2.4897899
2022-10-07 8:35,2.471069
2022-10-07 8:40,2.4972776
2022-10-07 8:45,2.4897899
2022-10-07 8:50,2.4673246
2022-10-07 8:55,2.4785578
2022-10-07 9:00,2.4673246
2022-10-07 9:05,2.4598369
2022-10-07 9:10,2.4635813
2022-10-07 9:15,2.4673246
2022-10-07 9:20,2.4785578
2022-10-07 9:25,2.4635813
2022-10-07 9:30,2.4673246
2022-10-07 9:35,2.471069
2022-10-07 9:40,2.4635813
2022-10-07 9:45,2.4635813
2022-10-07 9:50,2.4748134
2022-10-07 9:55,2.4748134
2022-10-07 10:00,2.4785578
2022-10-07 10:05,2.4748134
2022-10-07 10:10,2.4748134
2022-10-07 10:15,2.471069
2022-10-07 10:20,2.4785578
2022-10-07 10:25,2.4748134
2022-10-07 10:30,2.4748134
2022-10-07 10:35,2.4785578
2022-10-07 10:40,2.4860455
2022-10-07 10:45,2.4823022
2022-10-07 10:50,2.4860455
2022-10-07 10:55,2.4860455
2022-10-07 11:00,2.4748134
2022-10-07 11:05,2.4823022
2022-10-07 11:10,2.4785578
2022-10-07 11:15,2.4897899
2022-10-07 11:20,2.4860455
2022-10-07 11:25,2.4748134
2022-10-07 11:30,2.4785578
2022-10-07 11:35,2.4860455
2022-10-07 11:40,2.4935332
2022-10-07 11:45,2.4897899
2022-10-07 11:50,2.4785578
2022-10-07 11:55,2.4748134
2022-10-07 12:00,2.4823022
2022-10-07 12:05,2.4897899
2022-10-07 12:10,2.4748134
2022-10-07 12:15,2.4785578
2022-10-07 12:20,2.4897899
2022-10-07 12:25,2.4823022
2022-10-07 12:30,2.4860455
2022-10-07 12:35,2.4823022
2022-10-07 12:40,2.4897899
2022-10-07 12:45,2.4823022
2022-10-07 12:50,2.4897899
2022-10-07 12:55,2.4897899
2022-10-07 13:00,2.4860455
2022-10-07 13:05,2.4785578
2022-10-07 13:10,2.4897899
2022-10-07 13:15,2.4897899
2022-10-07 13:20,2.4860455
2022-10-07 13:25,2.4823022
2022-10-07 13:30,2.4935332
2022-10-07 13:35,2.4823022
2022-10-07 13:40,2.4935332
2022-10-07 13:45,2.4935332
2022-10-07 13:50,2.4860455
2022-10-07 13:55,2.4860455
2022-10-07 14:00,2.4823022
2022-10-07 14:05,2.4823022
2022-10-07 14:10,2.4897899
2022-10-07 14:15,2.4972776
2022-10-07 14:20,2.4935332
2022-10-07 14:25,2.4860455
2022-10-07 14:30,2.501022
2022-10-07 14:35,2.4935332
2022-10-07 14:40,2.4935332
2022-10-07 14:45,2.4935332
2022-10-07 14:50,2.4972776
2022-10-07 14:55,2.4897899
2022-10-07 15:00,2.4897899
2022-10-07 15:05,2.4935332
2022-10-07 15:10,2.501022
2022-10-07 15:15,2.501022
2022-10-07 15:20,2.4935332
2022-10-07 15:25,2.4972776
2022-10-07 15:30,2.4935332
2022-10-07 15:35,2.4972776
2022-10-07 15:40,2.4972776
2022-10-07 15:45,2.5085097
2022-10-07 15:50,2.5122541
2022-10-07 15:55,2.4935332
2022-10-07 16:00,2.4935332
2022-10-07 16:05,2.4972776
2022-10-07 16:10,2.5047653
2022-10-07 16:15,2.5047653
2022-10-07 16:20,2.5047653
2022-10-07 16:25,2.5085097
2022-10-07 16:30,2.501022
2022-10-07 16:35,2.5047653
2022-10-07 16:40,2.5047653
2022-10-07 16:45,2.4972776
2022-10-07 16:50,2.5047653
2022-10-07 16:55,2.5047653
2022-10-07 17:00,2.5159974
2022-10-07 17:05,2.5085097
2022-10-07 17:10,2.5047653
2022-10-07 17:15,2.5047653
2022-10-07 17:20,2.5159974
2022-10-07 17:25,2.5122541
2022-10-07 17:30,2.5197418
2022-10-07 17:35,2.5085097
2022-10-07 17:40,2.5197418
2022-10-07 17:45,2.5197418
2022-10-07 17:50,2.5085097
2022-10-07 17:55,2.5272306
2022-10-07 18:00,2.5159974
2022-10-07 18:05,2.5197418
2022-10-07 18:10,2.5159974
2022-10-07 18:15,2.5197418
2022-10-07 18:20,2.5122541
2022-10-07 18:25,2.5234862
2022-10-07 18:30,2.5197418
2022-10-07 18:35,2.5197418
2022-10-07 18:40,2.5234862
2022-10-07 18:45,2.5197418
2022-10-07 18:50,2.5234862
2022-10-07 18:55,2.5272306
2022-10-07 19:00,2.5197418
2022-10-07 19:05,2.5234862
2022-10-07 19:10,2.5309739
2022-10-07 19:15,2.5272306
2022-10-07 19:20,2.5309739
2022-10-07 19:25,2.5234862
2022-10-07 19:30,2.5234862
2022-10-07 19:35,2.5234862
2022-10-07 19:40,2.5309739
2022-10-07 19:45,2.5159974
2022-10-07 19:50,2.5234862
2022-10-07 19:55,2.5234862
2022-10-07 20:00,2.5159974
2022-10-07 20:05,2.5159974
2022-10-07 20:10,2.5347183
2022-10-07 20:15,2.5309739
2022-10-07 20:20,2.5309739
2022-10-07 20:25,2.5234862
2022-10-07 20:30,2.5234862
2022-10-07 20:35,2.5234862
2022-10-07 20:40,2.5347183
2022-10-07 20:45,2.5309739
2022-10-07 20:50,2.5197418
2022-10-07 20:55,2.5197418
2022-10-07 21:00,2.5272306
2022-10-07 21:05,2.5197418
2022-10-07 21:10,2.5234862
2022-10-07 21:15,2.5234862
2022-10-07 21:20,2.5309739
2022-10-07 21:25,2.5197418
2022-10-07 21:30,2.5347183
2022-10-07 21:35,2.5272306
2022-10-07 21:40,2.5272306
2022-10-07 21:45,2.5234862
2022-10-07 21:50,2.5272306
2022-10-07 21:55,2.5347183
2022-10-07 22:00,2.5384616
2022-10-07 22:05,2.5272306
2022-10-07 22:10,2.5309739
2022-10-07 22:15,2.5159974
2022-10-07 22:20,2.5272306
2022-10-07 22:25,2.5234862
2022-10-07 22:30,2.5234862
2022-10-07 22:35,2.5197418
2022-10-07 22:40,2.5234862
2022-10-07 22:45,2.5197418
2022-10-07 22:50,2.5272306
2022-10-07 22:55,2.5309739
2022-10-07 23:00,2.5272306
2022-10-07 23:05,2.5272306
2022-10-07 23:10,2.5197418
2022-10-07 23:15,2.5272306
2022-10-07 23:20,2.5347183
2022-10-07 23:25,2.5159974
2022-10-07 23:30,2.5309739
2022-10-07 23:35,2.5234862
2022-10-07 23:40,2.5234862
2022-10-07 23:45,2.5272306
2022-10-07 23:50,2.5309739
2022-10-07 23:55,2.5309739
2022-10-08 0:00,2.5234862
2022-10-08 0:05,2.5272306
2022-10-08 0:10,2.5347183
2022-10-08 0:15,2.5272306
2022-10-08 0:20,2.5234862
2022-10-08 0:25,2.5234862
2022-10-08 0:30,2.5085097
2022-10-08 0:35,2.5272306
2022-10-08 0:40,2.5309739
2022-10-08 0:45,2.5272306
2022-10-08 0:50,2.5272306
2022-10-08 0:55,2.5309739
2022-10-08 1:00,2.5234862
2022-10-08 1:05,2.5309739
2022-10-08 1:10,2.5309739
2022-10-08 1:15,2.5234862
2022-10-08 1:20,2.5234862
2022-10-08 1:25,2.5234862
2022-10-08 1:30,2.5234862
2022-10-08 1:35,2.5309739
2022-10-08 1:40,2.5272306
2022-10-08 1:45,2.5234862
2022-10-08 1:50,2.5272306
2022-10-08 1:55,2.5272306
2022-10-08 2:00,2.5234862
2022-10-08 2:05,2.5197418
2022-10-08 2:10,2.5272306
2022-10-08 2:15,2.5272306
2022-10-08 2:20,2.5272306
2022-10-08 2:25,2.5272306
2022-10-08 2:30,2.5272306
2022-10-08 2:35,2.5197418
2022-10-08 2:40,2.5309739
2022-10-08 2:45,2.5234862
2022-10-08 2:50,2.5272306
2022-10-08 2:55,2.5234862
2022-10-08 3:00,2.5234862
2022-10-08 3:05,2.5347183
2022-10-08 3:10,2.5496937
2022-10-08 3:15,2.5272306
2022-10-08 3:20,2.5459504
2022-10-08 3:25,2.5384616
2022-10-08 3:30,2.542206
2022-10-08 3:35,2.5459504
2022-10-08 3:40,2.5347183
2022-10-08 3:45,2.5309739
2022-10-08 3:50,2.5272306
2022-10-08 3:55,2.5347183
2022-10-08 4:00,2.5309739
2022-10-08 4:05,2.5347183
2022-10-08 4:10,2.5384616
2022-10-08 4:15,2.5496937
2022-10-08 4:20,2.5496937
2022-10-08 4:25,2.5534381
2022-10-08 4:30,2.5347183
2022-10-08 4:35,2.5571825
2022-10-08 4:40,2.5347183
2022-10-08 4:45,2.5234862
2022-10-08 4:50,2.5272306
2022-10-08 4:55,2.5534381
2022-10-08 5:00,2.5646713
2022-10-08 5:05,2.5272306
2022-10-08 5:10,2.5646713
2022-10-08 5:15,2.5459504
2022-10-08 5:20,2.5684146
2022-10-08 5:25,2.5309739
2022-10-08 5:30,2.572159
2022-10-08 5:35,2.5571825
2022-10-08 5:40,2.542206
2022-10-08 5:45,2.5459504
2022-10-08 5:50,2.5384616
2022-10-08 5:55,2.5347183
2022-10-08 6:00,2.5534381
2022-10-08 6:05,2.572159
2022-10-08 6:10,2.5347183
2022-10-08 6:15,2.572159
2022-10-08 6:20,2.5272306
2022-10-08 6:25,2.5609269
2022-10-08 6:30,2.5609269
2022-10-08 6:35,2.5309739
2022-10-08 6:40,2.5609269
2022-10-08 6:45,2.5159974
2022-10-08 6:50,2.5571825
2022-10-08 6:55,2.542206
2022-10-08 7:00,2.5459504
2022-10-08 7:05,2.5234862
2022-10-08 7:10,2.5197418
2022-10-08 7:15,2.5234862
2022-10-08 7:20,2.5646713
2022-10-08 7:25,2.5571825
2022-10-08 7:30,2.5646713
2022-10-08 7:35,2.5234862
2022-10-08 7:40,2.5534381
2022-10-08 7:45,2.5534381
2022-10-08 7:50,2.5646713
2022-10-08 7:55,2.5459504
2022-10-08 8:00,2.5234862
2022-10-08 8:05,2.5496937
2022-10-08 8:10,2.542206
2022-10-08 8:15,2.5347183
2022-10-08 8:20,2.5234862
2022-10-08 8:25,2.5197418
2022-10-08 8:30,2.5646713
2022-10-08 8:35,2.5534381
2022-10-08 8:40,2.5272306
2022-10-08 8:45,2.5234862
2022-10-08 8:50,2.5122541
2022-10-08 8:55,2.5159974
2022-10-08 9:00,2.5122541
2022-10-08 9:05,2.5272306
2022-10-08 9:10,2.5159974
2022-10-08 9:15,2.5534381
2022-10-08 9:20,2.5234862
2022-10-08 9:25,2.5159974
2022-10-08 9:30,2.4972776
2022-10-08 9:35,2.4972776
2022-10-08 9:40,2.5159974
2022-10-08 9:45,2.5122541
2022-10-08 9:50,2.5122541
2022-10-08 9:55,2.5159974
2022-10-08 10:00,2.5047653
2022-10-08 10:05,2.5047653
2022-10-08 10:10,2.5047653
2022-10-08 10:15,2.5085097
2022-10-08 10:20,2.4972776
2022-10-08 10:25,2.4972776
2022-10-08 10:30,2.501022
2022-10-08 10:35,2.501022
2022-10-08 10:40,2.5085097
2022-10-08 10:45,2.5122541
2022-10-08 10:50,2.5085097
2022-10-08 10:55,2.5047653
2022-10-08 11:00,2.501022
2022-10-08 11:05,2.501022
2022-10-08 11:10,2.5047653
2022-10-08 11:15,2.5047653
2022-10-08 11:20,2.4972776
2022-10-08 11:25,2.5047653
2022-10-08 11:30,2.501022
2022-10-08 11:35,2.5047653
2022-10-08 11:40,2.4897899
2022-10-08 11:45,2.5085097
2022-10-08 11:50,2.4972776
2022-10-08 11:55,2.4972776
2022-10-08 12:00,2.4897899
2022-10-08 12:05,2.5047653
2022-10-08 12:10,2.5047653
2022-10-08 12:15,2.4972776
2022-10-08 12:20,2.5047653
2022-10-08 12:25,2.5159974
2022-10-08 12:30,2.5085097
2022-10-08 12:35,2.5085097
2022-10-08 12:40,2.501022
2022-10-08 12:45,2.5234862
2022-10-08 12:50,2.5085097
2022-10-08 12:55,2.5122541
2022-10-08 13:00,2.5197418
2022-10-08 13:05,2.5272306
2022-10-08 13:10,2.5159974
2022-10-08 13:15,2.5272306
2022-10-08 13:20,2.5197418
2022-10-08 13:25,2.5197418
2022-10-08 13:30,2.5234862
2022-10-08 13:35,2.5159974
2022-10-08 13:40,2.5159974
2022-10-08 13:45,2.5234862
2022-10-08 13:50,2.5234862
2022-10-08 13:55,2.5272306
2022-10-08 14:00,2.5272306
2022-10-08 14:05,2.5234862
2022-10-08 14:10,2.5197418
2022-10-08 14:15,2.5234862
2022-10-08 14:20,2.5159974
2022-10-08 14:25,2.5309739
2022-10-08 14:30,2.5384616
2022-10-08 14:35,2.5309739
2022-10-08 14:40,2.5309739
2022-10-08 14:45,2.5384616
2022-10-08 14:50,2.5272306
2022-10-08 14:55,2.5234862
2022-10-08 15:00,2.5384616
2022-10-08 15:05,2.542206
2022-10-08 15:10,2.5384616
2022-10-08 15:15,2.5384616
2022-10-08 15:20,2.5309739
2022-10-08 15:25,2.5309739
2022-10-08 15:30,2.5384616
2022-10-08 15:35,2.5384616
2022-10-08 15:40,2.5347183
2022-10-08 15:45,2.542206
2022-10-08 15:50,2.5384616
2022-10-08 15:55,2.5459504
2022-10-08 16:00,2.5347183
2022-10-08 16:05,2.5347183
2022-10-08 16:10,2.5384616
2022-10-08 16:15,2.5347183
2022-10-08 16:20,2.5309739
2022-10-08 16:25,2.5309739
2022-10-08 16:30,2.5272306
2022-10-08 16:35,2.5384616
2022-10-08 16:40,2.5384616
2022-10-08 16:45,2.5347183
2022-10-08 16:50,2.5384616
2022-10-08 16:55,2.5459504
2022-10-08 17:00,2.542206
2022-10-08 17:05,2.5459504
2022-10-08 17:10,2.542206
2022-10-08 17:15,2.5496937
2022-10-08 17:20,2.5534381
2022-10-08 17:25,2.5459504
2022-10-08 17:30,2.5609269
2022-10-08 17:35,2.5609269
2022-10-08 17:40,2.5684146
2022-10-08 17:45,2.5646713
2022-10-08 17:50,2.5759023
2022-10-08 17:55,2.5684146
2022-10-08 18:00,2.572159
2022-10-08 18:05,2.5684146
2022-10-08 18:10,2.572159
2022-10-08 18:15,2.5759023
2022-10-08 18:20,2.5759023
2022-10-08 18:25,2.5684146
2022-10-08 18:30,2.5684146
2022-10-08 18:35,2.5646713
2022-10-08 18:40,2.5796467
2022-10-08 18:45,2.5796467
2022-10-08 18:50,2.5759023
2022-10-08 18:55,2.5759023
2022-10-08 19:00,2.572159
2022-10-08 19:05,2.572159
2022-10-08 19:10,2.572159
2022-10-08 19:15,2.572159
2022-10-08 19:20,2.572159
2022-10-08 19:25,2.5796467
2022-10-08 19:30,2.5759023
2022-10-08 19:35,2.58339
2022-10-08 19:40,2.572159
2022-10-08 19:45,2.5759023
2022-10-08 19:50,2.58339
2022-10-08 19:55,2.5871344
2022-10-08 20:00,2.5759023
2022-10-08 20:05,2.5796467
2022-10-08 20:10,2.5796467
2022-10-08 20:15,2.5759023
2022-10-08 20:20,2.5759023
2022-10-08 20:25,2.5871344
2022-10-08 20:30,2.5871344
2022-10-08 20:35,2.5871344
2022-10-08 20:40,2.5796467
2022-10-08 20:45,2.5759023
2022-10-08 20:50,2.5796467
2022-10-08 20:55,2.58339
2022-10-08 21:00,2.5759023
2022-10-08 21:05,2.58339
2022-10-08 21:10,2.5759023
2022-10-08 21:15,2.58339
2022-10-08 21:20,2.58339
2022-10-08 21:25,2.5871344
2022-10-08 21:30,2.5796467
2022-10-08 21:35,2.5796467
2022-10-08 21:40,2.572159
2022-10-08 21:45,2.5796467
2022-10-08 21:50,2.5796467
2022-10-08 21:55,2.572159
2022-10-08 22:00,2.5796467
2022-10-08 22:05,2.5871344
2022-10-08 22:10,2.5759023
2022-10-08 22:15,2.5759023
2022-10-08 22:20,2.5759023
2022-10-08 22:25,2.5759023
2022-10-08 22:30,2.572159
2022-10-08 22:35,2.5759023
2022-10-08 22:40,2.572159
2022-10-08 22:45,2.58339
2022-10-08 22:50,2.5759023
2022-10-08 22:55,2.5684146
2022-10-08 23:00,2.5796467
2022-10-08 23:05,2.5871344
2022-10-08 23:10,2.5759023
2022-10-08 23:15,2.572159
2022-10-08 23:20,2.572159
2022-10-08 23:25,2.5759023
2022-10-08 23:30,2.5684146
2022-10-08 23:35,2.58339
2022-10-08 23:40,2.5759023
2022-10-08 23:45,2.5796467
2022-10-08 23:50,2.5796467
2022-10-08 23:55,2.5759023
2022-10-09 0:00,2.572159
2022-10-09 0:05,2.5759023
2022-10-09 0:10,2.5646713
2022-10-09 0:15,2.5684146
2022-10-09 0:20,2.5571825
2022-10-09 0:25,2.572159
2022-10-09 0:30,2.5646713
2022-10-09 0:35,2.5609269
2022-10-09 0:40,2.5609269
2022-10-09 0:45,2.5609269
2022-10-09 0:50,2.5684146
2022-10-09 0:55,2.572159
2022-10-09 1:00,2.5759023
2022-10-09 1:05,2.5609269
2022-10-09 1:10,2.5609269
2022-10-09 1:15,2.5684146
2022-10-09 1:20,2.5646713
2022-10-09 1:25,2.5646713
2022-10-09 1:30,2.572159
2022-10-09 1:35,2.5646713
2022-10-09 1:40,2.5796467
2022-10-09 1:45,2.5609269
2022-10-09 1:50,2.5609269
2022-10-09 1:55,2.5646713
2022-10-09 2:00,2.5684146
2022-10-09 2:05,2.5646713
2022-10-09 2:10,2.5609269
2022-10-09 2:15,2.5646713
2022-10-09 2:20,2.5684146
2022-10-09 2:25,2.5684146
2022-10-09 2:30,2.572159
2022-10-09 2:35,2.5684146
2022-10-09 2:40,2.5684146
2022-10-09 2:45,2.5684146
2022-10-09 2:50,2.5609269
2022-10-09 2:55,2.5684146
2022-10-09 3:00,2.572159
2022-10-09 3:05,2.5609269
2022-10-09 3:10,2.5646713
2022-10-09 3:15,2.5684146
2022-10-09 3:20,2.5609269
2022-10-09 3:25,2.5609269
2022-10-09 3:30,2.5646713
2022-10-09 3:35,2.5646713
2022-10-09 3:40,2.5684146
2022-10-09 3:45,2.5609269
2022-10-09 3:50,2.5646713
2022-10-09 3:55,2.5908788
2022-10-09 4:00,2.58339
2022-10-09 4:05,2.5684146
2022-10-09 4:10,2.5646713
2022-10-09 4:15,2.572159
2022-10-09 4:20,2.5646713
2022-10-09 4:25,2.5609269
2022-10-09 4:30,2.5609269
2022-10-09 4:35,2.5609269
2022-10-09 4:40,2.5646713
2022-10-09 4:45,2.5759023
2022-10-09 4:50,2.5684146
2022-10-09 4:55,2.5609269
2022-10-09 5:00,2.572159
2022-10-09 5:05,2.5646713
2022-10-09 5:10,2.5684146
2022-10-09 5:15,2.5684146
2022-10-09 5:20,2.5609269
2022-10-09 5:25,2.5684146
2022-10-09 5:30,2.572159
2022-10-09 5:35,2.5684146
2022-10-09 5:40,2.5684146
2022-10-09 5:45,2.5609269
2022-10-09 5:50,2.5759023
2022-10-09 5:55,2.572159
2022-10-09 6:00,2.5684146
2022-10-09 6:05,2.5796467
2022-10-09 6:10,2.5796467
2022-10-09 6:15,2.5759023
2022-10-09 6:20,2.5684146
2022-10-09 6:25,2.5646713
2022-10-09 6:30,2.5684146
2022-10-09 6:35,2.5759023
2022-10-09 6:40,2.5646713
2022-10-09 6:45,2.5684146
2022-10-09 6:50,2.572159
2022-10-09 6:55,2.5759023
2022-10-09 7:00,2.5609269
2022-10-09 7:05,2.572159
2022-10-09 7:10,2.5609269
2022-10-09 7:15,2.5684146
2022-10-09 7:20,2.5759023
2022-10-09 7:25,2.5646713
2022-10-09 7:30,2.5759023
2022-10-09 7:35,2.5759023
2022-10-09 7:40,2.5684146
2022-10-09 7:45,2.5646713
2022-10-09 7:50,2.5759023
2022-10-09 7:55,2.572159
2022-10-09 8:00,2.5684146
2022-10-09 8:05,2.5609269
2022-10-09 8:10,2.5759023
2022-10-09 8:15,2.5796467
2022-10-09 8:20,2.5684146
2022-10-09 8:25,2.572159
2022-10-09 8:30,2.5796467
2022-10-09 8:35,2.572159
2022-10-09 8:40,2.5684146
2022-10-09 8:45,2.5646713
2022-10-09 8:50,2.58339
2022-10-09 8:55,2.5796467
2022-10-09 9:00,2.5759023
2022-10-09 9:05,2.58339
2022-10-09 9:10,2.5684146
2022-10-09 9:15,2.5759023
2022-10-09 9:20,2.5646713
2022-10-09 9:25,2.5684146
2022-10-09 9:30,2.572159
2022-10-09 9:35,2.5684146
2022-10-09 9:40,2.5684146
2022-10-09 9:45,2.5646713
2022-10-09 9:50,2.572159
2022-10-09 9:55,2.5646713
2022-10-09 10:00,2.5796467
2022-10-09 10:05,2.5759023
2022-10-09 10:10,2.58339
2022-10-09 10:15,2.572159
2022-10-09 10:20,2.5684146
2022-10-09 10:25,2.5759023
2022-10-09 10:30,2.5684146
2022-10-09 10:35,2.5796467
2022-10-09 10:40,2.572159
2022-10-09 10:45,2.5646713
2022-10-09 10:50,2.5684146
2022-10-09 10:55,2.5646713
2022-10-09 11:00,2.572159
2022-10-09 11:05,2.5759023
2022-10-09 11:10,2.5759023
2022-10-09 11:15,2.5684146
2022-10-09 11:20,2.5609269
2022-10-09 11:25,2.5684146
2022-10-09 11:30,2.5684146
2022-10-09 11:35,2.5646713
2022-10-09 11:40,2.5759023
2022-10-09 11:45,2.5646713
2022-10-09 11:50,2.5684146
2022-10-09 11:55,2.572159
2022-10-09 12:00,2.5759023
2022-10-09 12:05,2.5646713
2022-10-09 12:10,2.5759023
2022-10-09 12:15,2.572159
2022-10-09 12:20,2.58339
2022-10-09 12:25,2.5684146
2022-10-09 12:30,2.5759023
2022-10-09 12:35,2.572159
2022-10-09 12:40,2.572159
2022-10-09 12:45,2.5796467
2022-10-09 12:50,2.5684146
2022-10-09 12:55,2.5796467
2022-10-09 13:00,2.572159
2022-10-09 13:05,2.5684146
2022-10-09 13:10,2.572159
2022-10-09 13:15,2.5684146
2022-10-09 13:20,2.5646713
2022-10-09 13:25,2.5684146
2022-10-09 13:30,2.5759023
2022-10-09 13:35,2.5796467
2022-10-09 13:40,2.572159
2022-10-09 13:45,2.572159
2022-10-09 13:50,2.572159
2022-10-09 13:55,2.5796467
2022-10-09 14:00,2.5983665
2022-10-09 14:05,2.5684146
2022-10-09 14:10,2.6058553
2022-10-09 14:15,2.5609269
2022-10-09 14:20,2.6058553
2022-10-09 14:25,2.5759023
2022-10-09 14:30,2.572159
2022-10-09 14:35,2.58339
2022-10-09 14:40,2.572159
2022-10-09 14:45,2.572159
2022-10-09 14:50,2.5796467
2022-10-09 14:55,2.5759023
2022-10-09 15:00,2.572159
2022-10-09 15:05,2.5684146
2022-10-09 15:10,2.5946232
2022-10-09 15:15,2.5684146
2022-10-09 15:20,2.5646713
2022-10-09 15:25,2.5609269
2022-10-09 15:30,2.5684146
2022-10-09 15:35,2.5684146
2022-10-09 15:40,2.5684146
2022-10-09 15:45,2.5646713
2022-10-09 15:50,2.5646713
2022-10-09 15:55,2.5684146
2022-10-09 16:00,2.5946232
2022-10-09 16:05,2.5759023
2022-10-09 16:10,2.572159
2022-10-09 16:15,2.5871344
2022-10-09 16:20,2.5684146
2022-10-09 16:25,2.5684146
2022-10-09 16:30,2.5609269
2022-10-09 16:35,2.5759023
2022-10-09 16:40,2.5908788
2022-10-09 16:45,2.58339
2022-10-09 16:50,2.58339
2022-10-09 16:55,2.5534381
2022-10-09 17:00,2.5571825
2022-10-09 17:05,2.58339
2022-10-09 17:10,2.5609269
2022-10-09 17:15,2.5908788
2022-10-09 17:20,2.5684146
2022-10-09 17:25,2.5571825
2022-10-09 17:30,2.572159
2022-10-09 17:35,2.5759023
2022-10-09 17:40,2.5646713
2022-10-09 17:45,2.572159
2022-10-09 17:50,2.58339
2022-10-09 17:55,2.5571825
2022-10-09 18:00,2.5571825
2022-10-09 18:05,2.5496937
2022-10-09 18:10,2.5871344
2022-10-09 18:15,2.572159
2022-10-09 18:20,2.5908788
2022-10-09 18:25,2.5496937
2022-10-09 18:30,2.5609269
2022-10-09 18:35,2.5646713
2022-10-09 18:40,2.5459504
2022-10-09 18:45,2.5684146
2022-10-09 18:50,2.5609269
2022-10-09 18:55,2.5684146
2022-10-09 19:00,2.5684146
2022-10-09 19:05,2.5571825
2022-10-09 19:10,2.5496937
2022-10-09 19:15,2.5946232
2022-10-09 19:20,2.5646713
2022-10-09 19:25,2.5759023
2022-10-09 19:30,2.5871344
2022-10-09 19:35,2.5908788
2022-10-09 19:40,2.5571825
2022-10-09 19:45,2.5571825
2022-10-09 19:50,2.5871344
2022-10-09 19:55,2.5534381
2022-10-09 20:00,2.5459504
2022-10-09 20:05,2.5534381
2022-10-09 20:10,2.5759023
2022-10-09 20:15,2.5609269
2022-10-09 20:20,2.5684146
2022-10-09 20:25,2.5347183
2022-10-09 20:30,2.5384616
2022-10-09 20:35,2.5496937
2022-10-09 20:40,2.58339
2022-10-09 20:45,2.5384616
2022-10-09 20:50,2.5759023
2022-10-09 20:55,2.5796467
2022-10-09 21:00,2.572159
2022-10-09 21:05,2.5609269
2022-10-09 21:10,2.5571825
2022-10-09 21:15,2.5571825
2022-10-09 21:20,2.5684146
2022-10-09 21:25,2.5496937
2022-10-09 21:30,2.5796467
2022-10-09 21:35,2.5347183
2022-10-09 21:40,2.5759023
2022-10-09 21:45,2.5759023
2022-10-09 21:50,2.5496937
2022-10-09 21:55,2.542206
2022-10-09 22:00,2.542206
2022-10-09 22:05,2.542206
2022-10-09 22:10,2.5347183
2022-10-09 22:15,2.5571825
2022-10-09 22:20,2.5759023
2022-10-09 22:25,2.572159
2022-10-09 22:30,2.5534381
2022-10-09 22:35,2.542206
2022-10-09 22:40,2.5571825
2022-10-09 22:45,2.572159
2022-10-09 22:50,2.5571825
2022-10-09 22:55,2.5759023
2022-10-09 23:00,2.5347183
2022-10-09 23:05,2.5571825
2022-10-09 23:10,2.5609269
2022-10-09 23:15,2.5309739
2022-10-09 23:20,2.5496937
2022-10-09 23:25,2.5571825
2022-10-09 23:30,2.5347183
2022-10-09 23:35,2.5759023
2022-10-09 23:40,2.5684146
2022-10-09 23:45,2.5384616
2022-10-09 23:50,2.5534381
2022-10-09 23:55,2.5347183
2022-10-10 0:00,2.572159
2022-10-10 0:05,2.5684146
2022-10-10 0:10,2.572159
2022-10-10 0:15,2.58339
2022-10-10 0:20,2.542206
2022-10-10 0:25,2.5534381
2022-10-10 0:30,2.5684146
2022-10-10 0:35,2.5759023
2022-10-10 0:40,2.542206
2022-10-10 0:45,2.5384616
2022-10-10 0:50,2.5571825
2022-10-10 0:55,2.5796467
2022-10-10 1:00,2.572159
2022-10-10 1:05,2.5571825
2022-10-10 1:10,2.5796467
2022-10-10 1:15,2.5609269
2022-10-10 1:20,2.5496937
2022-10-10 1:25,2.5759023
2022-10-10 1:30,2.5646713
2022-10-10 1:35,2.5759023
2022-10-10 1:40,2.5796467
2022-10-10 1:45,2.5646713
2022-10-10 1:50,2.5384616
2022-10-10 1:55,2.5646713
2022-10-10 2:00,2.5759023
2022-10-10 2:05,2.5309739
2022-10-10 2:10,2.5684146
2022-10-10 2:15,2.5646713
2022-10-10 2:20,2.5534381
2022-10-10 2:25,2.542206
2022-10-10 2:30,2.5309739
2022-10-10 2:35,2.5309739
2022-10-10 2:40,2.572159
2022-10-10 2:45,2.5496937
2022-10-10 2:50,2.5459504
2022-10-10 2:55,2.5571825
2022-10-10 3:00,2.5496937
2022-10-10 3:05,2.5459504
2022-10-10 3:10,2.5459504
2022-10-10 3:15,2.5496937
2022-10-10 3:20,2.572159
2022-10-10 3:25,2.5908788
2022-10-10 3:30,2.5871344
2022-10-10 3:35,2.5459504
2022-10-10 3:40,2.5871344
2022-10-10 3:45,2.5496937
2022-10-10 3:50,2.5908788
2022-10-10 3:55,2.5871344
2022-10-10 4:00,2.572159
2022-10-10 4:05,2.58339
2022-10-10 4:10,2.5534381
2022-10-10 4:15,2.5908788
2022-10-10 4:20,2.5609269
2022-10-10 4:25,2.572159
2022-10-10 4:30,2.5908788
2022-10-10 4:35,2.5496937
2022-10-10 4:40,2.5908788
2022-10-10 4:45,2.5684146
2022-10-10 4:50,2.5534381
2022-10-10 4:55,2.5534381
2022-10-10 5:00,2.5609269
2022-10-10 5:05,2.5946232
2022-10-10 5:10,2.5571825
2022-10-10 5:15,2.5496937
2022-10-10 5:20,2.5908788
2022-10-10 5:25,2.5946232
2022-10-10 5:30,2.572159
2022-10-10 5:35,2.5908788
2022-10-10 5:40,2.5871344
2022-10-10 5:45,2.5534381
2022-10-10 5:50,2.5946232
2022-10-10 5:55,2.5534381
2022-10-10 6:00,2.5946232
2022-10-10 6:05,2.5534381
2022-10-10 6:10,2.5946232
2022-10-10 6:15,2.5871344
2022-10-10 6:20,2.58339
2022-10-10 6:25,2.5946232
2022-10-10 6:30,2.58339
2022-10-10 6:35,2.5871344
2022-10-10 6:40,2.5609269
2022-10-10 6:45,2.5684146
2022-10-10 6:50,2.5609269
2022-10-10 6:55,2.6021109
2022-10-10 7:00,2.5646713
2022-10-10 7:05,2.5646713
2022-10-10 7:10,2.6021109
2022-10-10 7:15,2.58339
2022-10-10 7:20,2.6095997
2022-10-10 7:25,2.5983665
2022-10-10 7:30,2.5908788
2022-10-10 7:35,2.6170874
2022-10-10 7:40,2.5908788
2022-10-10 7:45,2.6021109
2022-10-10 7:50,2.5796467
2022-10-10 7:55,2.5796467
2022-10-10 8:00,2.572159
2022-10-10 8:05,2.6095997
2022-10-10 8:10,2.6095997
2022-10-10 8:15,2.5684146
2022-10-10 8:20,2.5646713
2022-10-10 8:25,2.58339
2022-10-10 8:30,2.6021109
2022-10-10 8:35,2.6095997
2022-10-10 8:40,2.5796467
2022-10-10 8:45,2.58339
2022-10-10 8:50,2.6021109
2022-10-10 8:55,2.613343
2022-10-10 9:00,2.5871344
2022-10-10 9:05,2.5908788
2022-10-10 9:10,2.6021109
2022-10-10 9:15,2.6058553
2022-10-10 9:20,2.5946232
2022-10-10 9:25,2.5908788
2022-10-10 9:30,2.613343
2022-10-10 9:35,2.6245751
2022-10-10 9:40,2.58339
2022-10-10 9:45,2.6095997
2022-10-10 9:50,2.5759023
2022-10-10 9:55,2.5983665
2022-10-10 10:00,2.5908788
2022-10-10 10:05,2.6021109
2022-10-10 10:10,2.5796467
2022-10-10 10:15,2.5796467
2022-10-10 10:20,2.5871344
2022-10-10 10:25,2.58339
2022-10-10 10:30,2.5983665
2022-10-10 10:35,2.5871344
2022-10-10 10:40,2.6245751
2022-10-10 10:45,2.5871344
2022-10-10 10:50,2.6283184
2022-10-10 10:55,2.5908788
2022-10-10 11:00,2.5983665
2022-10-10 11:05,2.6021109
2022-10-10 11:10,2.5908788
2022-10-10 11:15,2.6208307
2022-10-10 11:20,2.613343
2022-10-10 11:25,2.6358072
2022-10-10 11:30,2.6320628
2022-10-10 11:35,2.6245751
2022-10-10 11:40,2.6170874
2022-10-10 11:45,2.6283184
2022-10-10 11:50,2.5908788
2022-10-10 11:55,2.5983665
2022-10-10 12:00,2.6245751
2022-10-10 12:05,2.6320628
2022-10-10 12:10,2.5946232
2022-10-10 12:15,2.6021109
2022-10-10 12:20,2.5946232
2022-10-10 12:25,2.6208307
2022-10-10 12:30,2.6320628
2022-10-10 12:35,2.6058553
2022-10-10 12:40,2.6170874
2022-10-10 12:45,2.6058553
2022-10-10 12:50,2.5908788
2022-10-10 12:55,2.6320628
2022-10-10 13:00,2.6208307
2022-10-10 13:05,2.6208307
2022-10-10 13:10,2.6395516
2022-10-10 13:15,2.6395516
2022-10-10 13:20,2.6320628
2022-10-10 13:25,2.6320628
2022-10-10 13:30,2.6058553
2022-10-10 13:35,2.643296
2022-10-10 13:40,2.643296
2022-10-10 13:45,2.6095997
2022-10-10 13:50,2.6170874
2022-10-10 13:55,2.6358072
2022-10-10 14:00,2.643296
2022-10-10 14:05,2.6095997
2022-10-10 14:10,2.6320628
2022-10-10 14:15,2.6358072
2022-10-10 14:20,2.6208307
2022-10-10 14:25,2.6170874
2022-10-10 14:30,2.6620158
2022-10-10 14:35,2.6283184
2022-10-10 14:40,2.6208307
2022-10-10 14:45,2.6208307
2022-10-10 14:50,2.6545281
2022-10-10 14:55,2.613343
2022-10-10 15:00,2.6358072
2022-10-10 15:05,2.643296
2022-10-10 15:10,2.6620158
2022-10-10 15:15,2.6208307
2022-10-10 15:20,2.6657591
2022-10-10 15:25,2.6657591
2022-10-10 15:30,2.6395516
2022-10-10 15:35,2.6732479
2022-10-10 15:40,2.6620158
2022-10-10 15:45,2.6657591
2022-10-10 15:50,2.6657591
2022-10-10 15:55,2.6695035
2022-10-10 16:00,2.6395516
2022-10-10 16:05,2.6507837
2022-10-10 16:10,2.6545281
2022-10-10 16:15,2.6582714
2022-10-10 16:20,2.6395516
2022-10-10 16:25,2.6507837
2022-10-10 16:30,2.6395516
2022-10-10 16:35,2.6545281
2022-10-10 16:40,2.6732479
2022-10-10 16:45,2.6769923
2022-10-10 16:50,2.6507837
2022-10-10 16:55,2.6732479
2022-10-10 17:00,2.6395516
2022-10-10 17:05,2.6358072
2022-10-10 17:10,2.6358072
2022-10-10 17:15,2.643296
2022-10-10 17:20,2.6395516
2022-10-10 17:25,2.6507837
2022-10-10 17:30,2.6620158
2022-10-10 17:35,2.6545281
2022-10-10 17:40,2.643296
2022-10-10 17:45,2.6395516
2022-10-10 17:50,2.6582714
2022-10-10 17:55,2.6807356
2022-10-10 18:00,2.6732479
2022-10-10 18:05,2.6657591
2022-10-10 18:10,2.6732479
2022-10-10 18:15,2.6582714
2022-10-10 18:20,2.6395516
2022-10-10 18:25,2.6507837
2022-10-10 18:30,2.6507837
2022-10-10 18:35,2.6657591
2022-10-10 18:40,2.6657591
2022-10-10 18:45,2.643296
2022-10-10 18:50,2.68448
2022-10-10 18:55,2.6695035
2022-10-10 19:00,2.68448
2022-10-10 19:05,2.6507837
2022-10-10 19:10,2.6657591
2022-10-10 19:15,2.6769923
2022-10-10 19:20,2.6507837
2022-10-10 19:25,2.6807356
2022-10-10 19:30,2.6695035
2022-10-10 19:35,2.6769923
2022-10-10 19:40,2.6582714
2022-10-10 19:45,2.6545281
2022-10-10 19:50,2.6807356
2022-10-10 19:55,2.6769923
2022-10-10 20:00,2.6507837
2022-10-10 20:05,2.6545281
2022-10-10 20:10,2.6470393
2022-10-10 20:15,2.6582714
2022-10-10 20:20,2.6507837
2022-10-10 20:25,2.6657591
2022-10-10 20:30,2.6507837
2022-10-10 20:35,2.6620158
2022-10-10 20:40,2.643296
2022-10-10 20:45,2.6695035
2022-10-10 20:50,2.6657591
2022-10-10 20:55,2.643296
2022-10-10 21:00,2.6919677
2022-10-10 21:05,2.6545281
2022-10-10 21:10,2.68448
2022-10-10 21:15,2.6695035
2022-10-10 21:20,2.6657591
2022-10-10 21:25,2.6657591
2022-10-10 21:30,2.6545281
2022-10-10 21:35,2.6545281
2022-10-10 21:40,2.6882244
2022-10-10 21:45,2.6470393
2022-10-10 21:50,2.6882244
2022-10-10 21:55,2.6620158
2022-10-10 22:00,2.6807356
2022-10-10 22:05,2.6545281
2022-10-10 22:10,2.6545281
2022-10-10 22:15,2.6807356
2022-10-10 22:20,2.6507837
2022-10-10 22:25,2.6657591
2022-10-10 22:30,2.6732479
2022-10-10 22:35,2.6620158
2022-10-10 22:40,2.6882244
2022-10-10 22:45,2.6695035
2022-10-10 22:50,2.6807356
2022-10-10 22:55,2.6657591
2022-10-10 23:00,2.6695035
2022-10-10 23:05,2.6657591
2022-10-10 23:10,2.6657591
2022-10-10 23:15,2.6807356
2022-10-10 23:20,2.68448
2022-10-10 23:25,2.6769923
2022-10-10 23:30,2.6957121
2022-10-10 23:35,2.6957121
2022-10-10 23:40,2.6882244
2022-10-10 23:45,2.68448
2022-10-10 23:50,2.6807356
2022-10-10 23:55,2.6769923
2022-10-11 0:00,2.6769923
2022-10-11 0:05,2.6882244
2022-10-11 0:10,2.6732479
2022-10-11 0:15,2.68448
2022-10-11 0:20,2.6807356
2022-10-11 0:25,2.6769923
2022-10-11 0:30,2.6732479
2022-10-11 0:35,2.6657591
2022-10-11 0:40,2.6769923
2022-10-11 0:45,2.68448
2022-10-11 0:50,2.6695035
2022-10-11 0:55,2.6620158
2022-10-11 1:00,2.68448
2022-10-11 1:05,2.68448
2022-10-11 1:10,2.6545281
2022-10-11 1:15,2.68448
2022-10-11 1:20,2.6957121
2022-10-11 1:25,2.6882244
2022-10-11 1:30,2.6994565
2022-10-11 1:35,2.6620158
2022-10-11 1:40,2.6657591
2022-10-11 1:45,2.6769923
2022-10-11 1:50,2.68448
2022-10-11 1:55,2.6657591
2022-10-11 2:00,2.6807356
2022-10-11 2:05,2.6769923
2022-10-11 2:10,2.6807356
2022-10-11 2:15,2.6769923
2022-10-11 2:20,2.6769923
2022-10-11 2:25,2.6582714
2022-10-11 2:30,2.6807356
2022-10-11 2:35,2.6882244
2022-10-11 2:40,2.6994565
2022-10-11 2:45,2.6695035
2022-10-11 2:50,2.6769923
2022-10-11 2:55,2.6732479
2022-10-11 3:00,2.6807356
2022-10-11 3:05,2.6882244
2022-10-11 3:10,2.6732479
2022-10-11 3:15,2.6657591
2022-10-11 3:20,2.6769923
2022-10-11 3:25,2.6994565
2022-10-11 3:30,2.6545281
2022-10-11 3:35,2.6620158
2022-10-11 3:40,2.6582714
2022-10-11 3:45,2.6620158
2022-10-11 3:50,2.6657591
2022-10-11 3:55,2.6769923
2022-10-11 4:00,2.6732479
2022-10-11 4:05,2.6807356
2022-10-11 4:10,2.68448
2022-10-11 4:15,2.6807356
2022-10-11 4:20,2.6620158
2022-10-11 4:25,2.6620158
2022-10-11 4:30,2.6620158
2022-10-11 4:35,2.6732479
2022-10-11 4:40,2.6732479
2022-10-11 4:45,2.68448
2022-10-11 4:50,2.6919677
2022-10-11 4:55,2.6882244
2022-10-11 5:00,2.6695035
2022-10-11 5:05,2.6695035
2022-10-11 5:10,2.6807356
2022-10-11 5:15,2.6807356
2022-10-11 5:20,2.6882244
2022-10-11 5:25,2.68448
2022-10-11 5:30,2.6695035
2022-10-11 5:35,2.68448
2022-10-11 5:40,2.6919677
2022-10-11 5:45,2.6695035
2022-10-11 5:50,2.6620158
2022-10-11 5:55,2.6919677
2022-10-11 6:00,2.6769923
2022-10-11 6:05,2.6769923
2022-10-11 6:10,2.6769923
2022-10-11 6:15,2.6695035
2022-10-11 6:20,2.6807356
2022-10-11 6:25,2.6695035
2022-10-11 6:30,2.6957121
2022-10-11 6:35,2.6769923
2022-10-11 6:40,2.68448
2022-10-11 6:45,2.68448
2022-10-11 6:50,2.6769923
2022-10-11 6:55,2.6582714
2022-10-11 7:00,2.6507837
2022-10-11 7:05,2.6732479
2022-10-11 7:10,2.6582714
2022-10-11 7:15,2.6882244
2022-10-11 7:20,2.6582714
2022-10-11 7:25,2.6919677
2022-10-11 7:30,2.6919677
2022-10-11 7:35,2.68448
2022-10-11 7:40,2.6919677
2022-10-11 7:45,2.6919677
2022-10-11 7:50,2.6620158
2022-10-11 7:55,2.6882244
2022-10-11 8:00,2.6769923
2022-10-11 8:05,2.6919677
2022-10-11 8:10,2.6657591
2022-10-11 8:15,2.6882244
2022-10-11 8:20,2.6732479
2022-10-11 8:25,2.6807356
2022-10-11 8:30,2.6769923
2022-10-11 8:35,2.6882244
2022-10-11 8:40,2.68448
2022-10-11 8:45,2.6807356
2022-10-11 8:50,2.6769923
2022-10-11 8:55,2.6807356
2022-10-11 9:00,2.6657591
2022-10-11 9:05,2.6882244
2022-10-11 9:10,2.6769923
2022-10-11 9:15,2.6957121
2022-10-11 9:20,2.6769923
2022-10-11 9:25,2.6957121
2022-10-11 9:30,2.6957121
2022-10-11 9:35,2.7069442
2022-10-11 9:40,2.7031998
2022-10-11 9:45,2.6994565
2022-10-11 9:50,2.6807356
2022-10-11 9:55,2.6695035
2022-10-11 10:00,2.7031998
2022-10-11 10:05,2.7106875
2022-10-11 10:10,2.68448
2022-10-11 10:15,2.6882244
2022-10-11 10:20,2.6807356
2022-10-11 10:25,2.6582714
2022-10-11 10:30,2.7069442
2022-10-11 10:35,2.6620158
2022-10-11 10:40,2.6470393
2022-10-11 10:45,2.6919677
2022-10-11 10:50,2.6882244
2022-10-11 10:55,2.6582714
2022-10-11 11:00,2.6807356
2022-10-11 11:05,2.6732479
2022-10-11 11:10,2.6769923
2022-10-11 11:15,2.6732479
2022-10-11 11:20,2.6769923
2022-10-11 11:25,2.6732479
2022-10-11 11:30,2.7181763
2022-10-11 11:35,2.6769923
2022-10-11 11:40,2.6657591
2022-10-11 11:45,2.7106875
2022-10-11 11:50,2.68448
2022-10-11 11:55,2.6732479
2022-10-11 12:00,2.6919677
2022-10-11 12:05,2.6769923
2022-10-11 12:10,2.7031998
2022-10-11 12:15,2.6919677
2022-10-11 12:20,2.6695035
2022-10-11 12:25,2.6695035
2022-10-11 12:30,2.6957121
2022-10-11 12:35,2.6657591
2022-10-11 12:40,2.7069442
2022-10-11 12:45,2.7181763
2022-10-11 12:50,2.6882244
2022-10-11 12:55,2.7106875
2022-10-11 13:00,2.6807356
2022-10-11 13:05,2.68448
2022-10-11 13:10,2.68448
2022-10-11 13:15,2.7031998
2022-10-11 13:20,2.7294084
2022-10-11 13:25,2.6807356
2022-10-11 13:30,2.68448
2022-10-11 13:35,2.6994565
2022-10-11 13:40,2.6695035
2022-10-11 13:45,2.6882244
2022-10-11 13:50,2.7219207
2022-10-11 13:55,2.7294084
2022-10-11 14:00,2.6994565
2022-10-11 14:05,2.6695035
2022-10-11 14:10,2.68448
2022-10-11 14:15,2.68448
2022-10-11 14:20,2.7106875
2022-10-11 14:25,2.7031998
2022-10-11 14:30,2.7256651
2022-10-11 14:35,2.68448
2022-10-11 14:40,2.7031998
2022-10-11 14:45,2.6882244
2022-10-11 14:50,2.6882244
2022-10-11 14:55,2.6807356
2022-10-11 15:00,2.6919677
2022-10-11 15:05,2.6919677
2022-10-11 15:10,2.6994565
2022-10-11 15:15,2.7144319
2022-10-11 15:20,2.6994565
2022-10-11 15:25,2.7069442
2022-10-11 15:30,2.6882244
2022-10-11 15:35,2.6957121
2022-10-11 15:40,2.6919677
2022-10-11 15:45,2.7031998
2022-10-11 15:50,2.7031998
2022-10-11 15:55,2.7069442
2022-10-11 16:00,2.6919677
2022-10-11 16:05,2.6957121
2022-10-11 16:10,2.6994565
2022-10-11 16:15,2.7031998
2022-10-11 16:20,2.7031998
2022-10-11 16:25,2.6957121
2022-10-11 16:30,2.6994565
2022-10-11 16:35,2.6957121
2022-10-11 16:40,2.6994565
2022-10-11 16:45,2.7069442
2022-10-11 16:50,2.7144319
2022-10-11 16:55,2.6957121
2022-10-11 17:00,2.7144319
2022-10-11 17:05,2.7331528
2022-10-11 17:10,2.6882244
2022-10-11 17:15,2.7144319
2022-10-11 17:20,2.7331528
2022-10-11 17:25,2.7294084
2022-10-11 17:30,2.7106875
2022-10-11 17:35,2.6994565
2022-10-11 17:40,2.7219207
2022-10-11 17:45,2.7294084
2022-10-11 17:50,2.7031998
2022-10-11 17:55,2.7406405
2022-10-11 18:00,2.7219207
2022-10-11 18:05,2.7106875
2022-10-11 18:10,2.7331528
2022-10-11 18:15,2.7368961
2022-10-11 18:20,2.6994565
2022-10-11 18:25,2.6957121
2022-10-11 18:30,2.7031998
2022-10-11 18:35,2.7069442
2022-10-11 18:40,2.7256651
2022-10-11 18:45,2.6994565
2022-10-11 18:50,2.7031998
2022-10-11 18:55,2.7031998
2022-10-11 19:00,2.7331528
2022-10-11 19:05,2.7031998
2022-10-11 19:10,2.7106875
2022-10-11 19:15,2.7144319
2022-10-11 19:20,2.7256651
2022-10-11 19:25,2.7443849
2022-10-11 19:30,2.7106875
2022-10-11 19:35,2.7331528
2022-10-11 19:40,2.7443849
2022-10-11 19:45,2.6994565
2022-10-11 19:50,2.7106875
2022-10-11 19:55,2.7443849
2022-10-11 20:00,2.7406405
2022-10-11 20:05,2.7031998
2022-10-11 20:10,2.7031998
2022-10-11 20:15,2.7481282
2022-10-11 20:20,2.7106875
2022-10-11 20:25,2.7481282
2022-10-11 20:30,2.7181763
2022-10-11 20:35,2.7256651
2022-10-11 20:40,2.7181763
2022-10-11 20:45,2.7256651
2022-10-11 20:50,2.755617
2022-10-11 20:55,2.7106875
2022-10-11 21:00,2.7069442
2022-10-11 21:05,2.7069442
2022-10-11 21:10,2.7256651
2022-10-11 21:15,2.7219207
2022-10-11 21:20,2.7144319
2022-10-11 21:25,2.7294084
2022-10-11 21:30,2.7106875
2022-10-11 21:35,2.7106875
2022-10-11 21:40,2.7031998
2022-10-11 21:45,2.7106875
2022-10-11 21:50,2.7518726
2022-10-11 21:55,2.7256651
2022-10-11 22:00,2.7481282
2022-10-11 22:05,2.7181763
2022-10-11 22:10,2.7181763
2022-10-11 22:15,2.7031998
2022-10-11 22:20,2.7144319
2022-10-11 22:25,2.7443849
2022-10-11 22:30,2.7219207
2022-10-11 22:35,2.7331528
2022-10-11 22:40,2.7443849
2022-10-11 22:45,2.7031998
2022-10-11 22:50,2.7106875
2022-10-11 22:55,2.6994565
2022-10-11 23:00,2.7031998
2022-10-11 23:05,2.7256651
2022-10-11 23:10,2.7331528
2022-10-11 23:15,2.7443849
2022-10-11 23:20,2.7406405
2022-10-11 23:25,2.7031998
2022-10-11 23:30,2.7443849
2022-10-11 23:35,2.7294084
2022-10-11 23:40,2.7181763
2022-10-11 23:45,2.7256651
2022-10-11 23:50,2.6994565
2022-10-11 23:55,2.7481282
2022-10-12 0:00,2.7406405
2022-10-12 0:05,2.6994565
2022-10-12 0:10,2.7331528
2022-10-12 0:15,2.7106875
2022-10-12 0:20,2.7294084
2022-10-12 0:25,2.7181763
2022-10-12 0:30,2.7144319
2022-10-12 0:35,2.7368961
2022-10-12 0:40,2.7406405
2022-10-12 0:45,2.7331528
2022-10-12 0:50,2.7256651
2022-10-12 0:55,2.7406405
2022-10-12 1:00,2.7406405
2022-10-12 1:05,2.6994565
2022-10-12 1:10,2.7106875
2022-10-12 1:15,2.6957121
2022-10-12 1:20,2.7031998
2022-10-12 1:25,2.7031998
2022-10-12 1:30,2.7406405
2022-10-12 1:35,2.7106875
2022-10-12 1:40,2.6994565
2022-10-12 1:45,2.7069442
2022-10-12 1:50,2.7219207
2022-10-12 1:55,2.7294084
2022-10-12 2:00,2.7368961
2022-10-12 2:05,2.7219207
2022-10-12 2:10,2.7069442
2022-10-12 2:15,2.7069442
2022-10-12 2:20,2.7031998
2022-10-12 2:25,2.6994565
2022-10-12 2:30,2.7144319
2022-10-12 2:35,2.7256651
2022-10-12 2:40,2.6957121
2022-10-12 2:45,2.7106875
2022-10-12 2:50,2.6882244
2022-10-12 2:55,2.7331528
2022-10-12 3:00,2.7069442
2022-10-12 3:05,2.6994565
2022-10-12 3:10,2.7331528
2022-10-12 3:15,2.7144319
2022-10-12 3:20,2.6994565
2022-10-12 3:25,2.6919677
2022-10-12 3:30,2.6957121
2022-10-12 3:35,2.7331528
2022-10-12 3:40,2.7294084
2022-10-12 3:45,2.7256651
2022-10-12 3:50,2.6919677
2022-10-12 3:55,2.6957121
2022-10-12 4:00,2.7219207
2022-10-12 4:05,2.7331528
2022-10-12 4:10,2.7256651
2022-10-12 4:15,2.7294084
2022-10-12 4:20,2.6919677
2022-10-12 4:25,2.6882244
2022-10-12 4:30,2.7106875
2022-10-12 4:35,2.6957121
2022-10-12 4:40,2.7256651
2022-10-12 4:45,2.6919677
2022-10-12 4:50,2.7256651
2022-10-12 4:55,2.7031998
2022-10-12 5:00,2.6957121
2022-10-12 5:05,2.7106875
2022-10-12 5:10,2.7256651
2022-10-12 5:15,2.6919677
2022-10-12 5:20,2.6919677
2022-10-12 5:25,2.7069442
2022-10-12 5:30,2.7181763
2022-10-12 5:35,2.7219207
2022-10-12 5:40,2.7031998
2022-10-12 5:45,2.7144319
2022-10-12 5:50,2.6994565
2022-10-12 5:55,2.7144319
2022-10-12 6:00,2.7106875
2022-10-12 6:05,2.6919677
2022-10-12 6:10,2.7144319
2022-10-12 6:15,2.7181763
2022-10-12 6:20,2.7106875
2022-10-12 6:25,2.7144319
2022-10-12 6:30,2.7181763
2022-10-12 6:35,2.6919677
2022-10-12 6:40,2.6957121
2022-10-12 6:45,2.7256651
2022-10-12 6:50,2.7031998
2022-10-12 6:55,2.7181763
2022-10-12 7:00,2.7031998
2022-10-12 7:05,2.6882244
2022-10-12 7:10,2.7031998
2022-10-12 7:15,2.6994565
2022-10-12 7:20,2.7069442
2022-10-12 7:25,2.6994565
2022-10-12 7:30,2.7106875
2022-10-12 7:35,2.68448
2022-10-12 7:40,2.68448
2022-10-12 7:45,2.7219207
2022-10-12 7:50,2.7106875
2022-10-12 7:55,2.6882244
2022-10-12 8:00,2.7256651
2022-10-12 8:05,2.7256651
2022-10-12 8:10,2.7256651
2022-10-12 8:15,2.7256651
2022-10-12 8:20,2.6882244
2022-10-12 8:25,2.7069442
2022-10-12 8:30,2.68448
2022-10-12 8:35,2.68448
2022-10-12 8:40,2.7031998
2022-10-12 8:45,2.6882244
2022-10-12 8:50,2.7294084
2022-10-12 8:55,2.7256651
2022-10-12 9:00,2.7331528
2022-10-12 9:05,2.6882244
2022-10-12 9:10,2.7069442
2022-10-12 9:15,2.6919677
2022-10-12 9:20,2.7256651
2022-10-12 9:25,2.6957121
2022-10-12 9:30,2.7181763
2022-10-12 9:35,2.6957121
2022-10-12 9:40,2.68448
2022-10-12 9:45,2.7106875
2022-10-12 9:50,2.6807356
2022-10-12 9:55,2.6769923
2022-10-12 10:00,2.6919677
2022-10-12 10:05,2.7106875
2022-10-12 10:10,2.7219207
2022-10-12 10:15,2.6545281
2022-10-12 10:20,2.6507837
2022-10-12 10:25,2.6882244
2022-10-12 10:30,2.6545281
2022-10-12 10:35,2.6620158
2022-10-12 10:40,2.6769923
2022-10-12 10:45,2.6657591
2022-10-12 10:50,2.6732479
2022-10-12 10:55,2.68448
2022-10-12 11:00,2.6732479
2022-10-12 11:05,2.6620158
2022-10-12 11:10,2.6582714
2022-10-12 11:15,2.643296
2022-10-12 11:20,2.6732479
2022-10-12 11:25,2.6769923
2022-10-12 11:30,2.6582714
2022-10-12 11:35,2.6582714
2022-10-12 11:40,2.6507837
2022-10-12 11:45,2.6582714
2022-10-12 11:50,2.6620158
2022-10-12 11:55,2.6620158
2022-10-12 12:00,2.6507837
2022-10-12 12:05,2.6545281
2022-10-12 12:10,2.6582714
2022-10-12 12:15,2.6395516
2022-10-12 12:20,2.6582714
2022-10-12 12:25,2.6507837
2022-10-12 12:30,2.643296
2022-10-12 12:35,2.6507837
2022-10-12 12:40,2.6582714
2022-10-12 12:45,2.643296
2022-10-12 12:50,2.6507837
2022-10-12 12:55,2.6545281
2022-10-12 13:00,2.6470393
2022-10-12 13:05,2.643296
2022-10-12 13:10,2.643296
2022-10-12 13:15,2.643296
2022-10-12 13:20,2.6470393
2022-10-12 13:25,2.6507837
2022-10-12 13:30,2.643296
2022-10-12 13:35,2.6470393
2022-10-12 13:40,2.6582714
2022-10-12 13:45,2.6582714
2022-10-12 13:50,2.6582714
2022-10-12 13:55,2.6657591
2022-10-12 14:00,2.6582714
2022-10-12 14:05,2.6657591
2022-10-12 14:10,2.6582714
2022-10-12 14:15,2.6545281
2022-10-12 14:20,2.6620158
2022-10-12 14:25,2.6657591
2022-10-12 14:30,2.6470393
2022-10-12 14:35,2.6545281
2022-10-12 14:40,2.6620158
2022-10-12 14:45,2.6620158
2022-10-12 14:50,2.6545281
2022-10-12 14:55,2.6582714
2022-10-12 15:00,2.6657591
2022-10-12 15:05,2.6470393
2022-10-12 15:10,2.6657591
2022-10-12 15:15,2.6620158
2022-10-12 15:20,2.6620158
2022-10-12 15:25,2.6507837
2022-10-12 15:30,2.6545281
2022-10-12 15:35,2.6545281
2022-10-12 15:40,2.6732479
2022-10-12 15:45,2.6582714
2022-10-12 15:50,2.6582714
2022-10-12 15:55,2.6657591
2022-10-12 16:00,2.6620158
2022-10-12 16:05,2.6620158
2022-10-12 16:10,2.6545281
2022-10-12 16:15,2.6545281
2022-10-12 16:20,2.6545281
2022-10-12 16:25,2.6695035
2022-10-12 16:30,2.6657591
2022-10-12 16:35,2.6807356
2022-10-12 16:40,2.6807356
2022-10-12 16:45,2.6657591
2022-10-12 16:50,2.6695035
2022-10-12 16:55,2.6769923
2022-10-12 17:00,2.6695035
2022-10-12 17:05,2.6732479
2022-10-12 17:10,2.6807356
2022-10-12 17:15,2.6807356
2022-10-12 17:20,2.6732479
2022-10-12 17:25,2.6994565
2022-10-12 17:30,2.6919677
2022-10-12 17:35,2.6807356
2022-10-12 17:40,2.6919677
2022-10-12 17:45,2.6957121
2022-10-12 17:50,2.6957121
2022-10-12 17:55,2.7031998
2022-10-12 18:00,2.6957121
2022-10-12 18:05,2.6994565
2022-10-12 18:10,2.7031998
2022-10-12 18:15,2.6919677
2022-10-12 18:20,2.6919677
2022-10-12 18:25,2.7031998
2022-10-12 18:30,2.7031998
2022-10-12 18:35,2.7106875
2022-10-12 18:40,2.7144319
2022-10-12 18:45,2.7069442
2022-10-12 18:50,2.6994565
2022-10-12 18:55,2.7031998
2022-10-12 19:00,2.7031998
2022-10-12 19:05,2.7144319
2022-10-12 19:10,2.7031998
2022-10-12 19:15,2.7069442
2022-10-12 19:20,2.7069442
2022-10-12 19:25,2.7106875
2022-10-12 19:30,2.7069442
2022-10-12 19:35,2.7106875
2022-10-12 19:40,2.7219207
2022-10-12 19:45,2.6957121
2022-10-12 19:50,2.7031998
2022-10-12 19:55,2.7294084
2022-10-12 20:00,2.7031998
2022-10-12 20:05,2.6994565
2022-10-12 20:10,2.7069442
2022-10-12 20:15,2.7406405
2022-10-12 20:20,2.7331528
2022-10-12 20:25,2.7443849
2022-10-12 20:30,2.7031998
2022-10-12 20:35,2.7219207
2022-10-12 20:40,2.7219207
2022-10-12 20:45,2.7443849
2022-10-12 20:50,2.7294084
2022-10-12 20:55,2.7069442
2022-10-12 21:00,2.7181763
2022-10-12 21:05,2.7443849
2022-10-12 21:10,2.7144319
2022-10-12 21:15,2.7406405
2022-10-12 21:20,2.6994565
2022-10-12 21:25,2.7443849
2022-10-12 21:30,2.7331528
2022-10-12 21:35,2.7031998
2022-10-12 21:40,2.7031998
2022-10-12 21:45,2.7144319
2022-10-12 21:50,2.7256651
2022-10-12 21:55,2.7031998
2022-10-12 22:00,2.7219207
2022-10-12 22:05,2.6994565
2022-10-12 22:10,2.7368961
2022-10-12 22:15,2.7219207
2022-10-12 22:20,2.7294084
2022-10-12 22:25,2.7406405
2022-10-12 22:30,2.7031998
2022-10-12 22:35,2.7031998
2022-10-12 22:40,2.7144319
2022-10-12 22:45,2.7406405
2022-10-12 22:50,2.7031998
2022-10-12 22:55,2.7069442
2022-10-12 23:00,2.7256651
2022-10-12 23:05,2.7331528
2022-10-12 23:10,2.6994565
2022-10-12 23:15,2.7106875
2022-10-12 23:20,2.7406405
2022-10-12 23:25,2.6994565
2022-10-12 23:30,2.6994565
2022-10-12 23:35,2.7368961
2022-10-12 23:40,2.6957121
2022-10-12 23:45,2.7031998
2022-10-12 23:50,2.7031998
2022-10-12 23:55,2.7331528
2022-10-13 0:00,2.6957121
2022-10-13 0:05,2.7031998
2022-10-13 0:10,2.7219207
2022-10-13 0:15,2.7294084
2022-10-13 0:20,2.7106875
2022-10-13 0:25,2.6994565
2022-10-13 0:30,2.7294084
2022-10-13 0:35,2.7144319
2022-10-13 0:40,2.7294084
2022-10-13 0:45,2.6957121
2022-10-13 0:50,2.6957121
2022-10-13 0:55,2.7219207
2022-10-13 1:00,2.6957121
2022-10-13 1:05,2.6882244
2022-10-13 1:10,2.6957121
2022-10-13 1:15,2.68448
2022-10-13 1:20,2.7331528
2022-10-13 1:25,2.7106875
2022-10-13 1:30,2.7106875
2022-10-13 1:35,2.7331528
2022-10-13 1:40,2.6957121
2022-10-13 1:45,2.7219207
2022-10-13 1:50,2.6957121
2022-10-13 1:55,2.7181763
2022-10-13 2:00,2.7256651
2022-10-13 2:05,2.7294084
2022-10-13 2:10,2.7219207
2022-10-13 2:15,2.7181763
2022-10-13 2:20,2.6994565
2022-10-13 2:25,2.6882244
2022-10-13 2:30,2.6919677
2022-10-13 2:35,2.6919677
2022-10-13 2:40,2.7256651
2022-10-13 2:45,2.6994565
2022-10-13 2:50,2.68448
2022-10-13 2:55,2.7181763
2022-10-13 3:00,2.7069442
2022-10-13 3:05,2.7106875
2022-10-13 3:10,2.6882244
2022-10-13 3:15,2.6807356
2022-10-13 3:20,2.6919677
2022-10-13 3:25,2.7106875
2022-10-13 3:30,2.7069442
2022-10-13 3:35,2.7181763
2022-10-13 3:40,2.6882244
2022-10-13 3:45,2.6919677
2022-10-13 3:50,2.7069442
2022-10-13 3:55,2.6957121
2022-10-13 4:00,2.6919677
2022-10-13 4:05,2.6994565
2022-10-13 4:10,2.6807356
2022-10-13 4:15,2.7219207
2022-10-13 4:20,2.7144319
2022-10-13 4:25,2.7069442
2022-10-13 4:30,2.68448
2022-10-13 4:35,2.7256651
2022-10-13 4:40,2.7256651
2022-10-13 4:45,2.6919677
2022-10-13 4:50,2.6919677
2022-10-13 4:55,2.7294084
2022-10-13 5:00,2.6957121
2022-10-13 5:05,2.7031998
2022-10-13 5:10,2.6919677
2022-10-13 5:15,2.7219207
2022-10-13 5:20,2.6919677
2022-10-13 5:25,2.7106875
2022-10-13 5:30,2.7069442
2022-10-13 5:35,2.6994565
2022-10-13 5:40,2.7219207
2022-10-13 5:45,2.7256651
2022-10-13 5:50,2.6957121
2022-10-13 5:55,2.6882244
2022-10-13 6:00,2.68448
2022-10-13 6:05,2.68448
2022-10-13 6:10,2.7144319
2022-10-13 6:15,2.6994565
2022-10-13 6:20,2.7106875
2022-10-13 6:25,2.7106875
2022-10-13 6:30,2.7106875
2022-10-13 6:35,2.6769923
2022-10-13 6:40,2.6769923
2022-10-13 6:45,2.6919677
2022-10-13 6:50,2.68448
2022-10-13 6:55,2.6919677
2022-10-13 7:00,2.6807356
2022-10-13 7:05,2.7069442
2022-10-13 7:10,2.6769923
2022-10-13 7:15,2.7106875
2022-10-13 7:20,2.7144319
2022-10-13 7:25,2.6807356
2022-10-13 7:30,2.7031998
2022-10-13 7:35,2.6695035
2022-10-13 7:40,2.6657591
2022-10-13 7:45,2.6957121
2022-10-13 7:50,2.6919677
2022-10-13 7:55,2.6657591
2022-10-13 8:00,2.6919677
2022-10-13 8:05,2.6695035
2022-10-13 8:10,2.6695035
2022-10-13 8:15,2.68448
2022-10-13 8:20,2.6695035
2022-10-13 8:25,2.6582714
2022-10-13 8:30,2.6695035
2022-10-13 8:35,2.6620158
2022-10-13 8:40,2.6994565
2022-10-13 8:45,2.6620158
2022-10-13 8:50,2.6657591
2022-10-13 8:55,2.7031998
2022-10-13 9:00,2.7031998
2022-10-13 9:05,2.6994565
2022-10-13 9:10,2.6582714
2022-10-13 9:15,2.6807356
2022-10-13 9:20,2.6695035
2022-10-13 9:25,2.6695035
2022-10-13 9:30,2.6507837
2022-10-13 9:35,2.6358072
2022-10-13 9:40,2.6395516
2022-10-13 9:45,2.6320628
2022-10-13 9:50,2.6283184
2022-10-13 9:55,2.6208307
2022-10-13 10:00,2.6208307
2022-10-13 10:05,2.6208307
2022-10-13 10:10,2.6245751
2022-10-13 10:15,2.6283184
2022-10-13 10:20,2.6208307
2022-10-13 10:25,2.6208307
2022-10-13 10:30,2.613343
2022-10-13 10:35,2.6208307
2022-10-13 10:40,2.6170874
2022-10-13 10:45,2.6283184
2022-10-13 10:50,2.6208307
2022-10-13 10:55,2.6283184
2022-10-13 11:00,2.6208307
2022-10-13 11:05,2.6283184
2022-10-13 11:10,2.6170874
2022-10-13 11:15,2.6245751
2022-10-13 11:20,2.6170874
2022-10-13 11:25,2.6208307
2022-10-13 11:30,2.6170874
2022-10-13 11:35,2.613343
2022-10-13 11:40,2.613343
2022-10-13 11:45,2.6245751
2022-10-13 11:50,2.6208307
2022-10-13 11:55,2.6170874
2022-10-13 12:00,2.6170874
2022-10-13 12:05,2.613343
2022-10-13 12:10,2.613343
2022-10-13 12:15,2.6058553
2022-10-13 12:20,2.6245751
2022-10-13 12:25,2.6095997
2022-10-13 12:30,2.6095997
2022-10-13 12:35,2.6170874
2022-10-13 12:40,2.6208307
2022-10-13 12:45,2.6058553
2022-10-13 12:50,2.6245751
2022-10-13 12:55,2.6320628
2022-10-13 13:00,2.6245751
2022-10-13 13:05,2.6470393
2022-10-13 13:10,2.6470393
2022-10-13 13:15,2.6395516
2022-10-13 13:20,2.643296
2022-10-13 13:25,2.643296
2022-10-13 13:30,2.6358072
2022-10-13 13:35,2.643296
2022-10-13 13:40,2.6283184
2022-10-13 13:45,2.6395516
2022-10-13 13:50,2.6320628
2022-10-13 13:55,2.6507837
2022-10-13 14:00,2.643296
2022-10-13 14:05,2.643296
2022-10-13 14:10,2.6582714
2022-10-13 14:15,2.6507837
2022-10-13 14:20,2.6358072
2022-10-13 14:25,2.6395516
2022-10-13 14:30,2.6507837
2022-10-13 14:35,2.6545281
2022-10-13 14:40,2.643296
2022-10-13 14:45,2.643296
2022-10-13 14:50,2.6470393
2022-10-13 14:55,2.6545281
2022-10-13 15:00,2.643296
2022-10-13 15:05,2.6582714
2022-10-13 15:10,2.6507837
2022-10-13 15:15,2.6395516
2022-10-13 15:20,2.643296
2022-10-13 15:25,2.6470393
2022-10-13 15:30,2.6545281
2022-10-13 15:35,2.6358072
2022-10-13 15:40,2.6395516
2022-10-13 15:45,2.6507837
2022-10-13 15:50,2.6657591
2022-10-13 15:55,2.6732479
2022-10-13 16:00,2.6695035
2022-10-13 16:05,2.6695035
2022-10-13 16:10,2.6657591
2022-10-13 16:15,2.6695035
2022-10-13 16:20,2.6657591
2022-10-13 16:25,2.6695035
2022-10-13 16:30,2.6695035
2022-10-13 16:35,2.6695035
2022-10-13 16:40,2.6620158
2022-10-13 16:45,2.6582714
2022-10-13 16:50,2.6582714
2022-10-13 16:55,2.6657591
2022-10-13 17:00,2.6695035
2022-10-13 17:05,2.6769923
2022-10-13 17:10,2.6657591
2022-10-13 17:15,2.6695035
2022-10-13 17:20,2.6657591
2022-10-13 17:25,2.6695035
2022-10-13 17:30,2.6657591
2022-10-13 17:35,2.6657591
2022-10-13 17:40,2.6807356
2022-10-13 17:45,2.6769923
2022-10-13 17:50,2.6769923
2022-10-13 17:55,2.6807356
2022-10-13 18:00,2.6769923
2022-10-13 18:05,2.6807356
2022-10-13 18:10,2.6882244
2022-10-13 18:15,2.6882244
2022-10-13 18:20,2.6807356
2022-10-13 18:25,2.6769923
2022-10-13 18:30,2.6882244
2022-10-13 18:35,2.6919677
2022-10-13 18:40,2.6882244
2022-10-13 18:45,2.6994565
2022-10-13 18:50,2.7031998
2022-10-13 18:55,2.6957121
2022-10-13 19:00,2.6994565
2022-10-13 19:05,2.6994565
2022-10-13 19:10,2.6957121
2022-10-13 19:15,2.6994565
2022-10-13 19:20,2.7031998
2022-10-13 19:25,2.7031998
2022-10-13 19:30,2.7106875
2022-10-13 19:35,2.6957121
2022-10-13 19:40,2.7031998
2022-10-13 19:45,2.6919677
2022-10-13 19:50,2.6994565
2022-10-13 19:55,2.6957121
2022-10-13 20:00,2.6994565
2022-10-13 20:05,2.6994565
2022-10-13 20:10,2.6957121
2022-10-13 20:15,2.6919677
2022-10-13 20:20,2.7069442
2022-10-13 20:25,2.6919677
2022-10-13 20:30,2.6919677
2022-10-13 20:35,2.6994565
2022-10-13 20:40,2.6919677
2022-10-13 20:45,2.7031998
2022-10-13 20:50,2.7069442
2022-10-13 20:55,2.7031998
2022-10-13 21:00,2.6957121
2022-10-13 21:05,2.6957121
2022-10-13 21:10,2.7031998
2022-10-13 21:15,2.6919677
2022-10-13 21:20,2.7031998
2022-10-13 21:25,2.6957121
2022-10-13 21:30,2.7031998
2022-10-13 21:35,2.6994565
2022-10-13 21:40,2.6957121
2022-10-13 21:45,2.6957121
2022-10-13 21:50,2.6994565
2022-10-13 21:55,2.7069442
2022-10-13 22:00,2.7031998
2022-10-13 22:05,2.7069442
2022-10-13 22:10,2.7031998
2022-10-13 22:15,2.7069442
2022-10-13 22:20,2.6919677
2022-10-13 22:25,2.6994565
2022-10-13 22:30,2.7031998
2022-10-13 22:35,2.6957121
2022-10-13 22:40,2.6957121
2022-10-13 22:45,2.6957121
2022-10-13 22:50,2.6919677
2022-10-13 22:55,2.6919677
2022-10-13 23:00,2.6994565
2022-10-13 23:05,2.7031998
2022-10-13 23:10,2.7031998
2022-10-13 23:15,2.6807356
2022-10-13 23:20,2.68448
2022-10-13 23:25,2.68448
2022-10-13 23:30,2.6994565
2022-10-13 23:35,2.6994565
2022-10-13 23:40,2.6957121
2022-10-13 23:45,2.6994565
2022-10-13 23:50,2.7031998
2022-10-13 23:55,2.7031998
2022-10-14 0:00,2.7031998
2022-10-14 0:05,2.7031998
2022-10-14 0:10,2.6957121
2022-10-14 0:15,2.6994565
2022-10-14 0:20,2.6994565
2022-10-14 0:25,2.6882244
2022-10-14 0:30,2.6957121
2022-10-14 0:35,2.6882244
2022-10-14 0:40,2.6994565
2022-10-14 0:45,2.6957121
2022-10-14 0:50,2.6994565
2022-10-14 0:55,2.6919677
2022-10-14 1:00,2.7031998
2022-10-14 1:05,2.6957121
2022-10-14 1:10,2.7031998
2022-10-14 1:15,2.7031998
2022-10-14 1:20,2.6994565
2022-10-14 1:25,2.6882244
2022-10-14 1:30,2.6957121
2022-10-14 1:35,2.6919677
2022-10-14 1:40,2.68448
2022-10-14 1:45,2.6882244
2022-10-14 1:50,2.6957121
2022-10-14 1:55,2.6807356
2022-10-14 2:00,2.6882244
2022-10-14 2:05,2.6957121
2022-10-14 2:10,2.6882244
2022-10-14 2:15,2.6919677
2022-10-14 2:20,2.6994565
2022-10-14 2:25,2.68448
2022-10-14 2:30,2.6882244
2022-10-14 2:35,2.6919677
2022-10-14 2:40,2.6919677
2022-10-14 2:45,2.6957121
2022-10-14 2:50,2.6882244
2022-10-14 2:55,2.6882244
2022-10-14 3:00,2.6919677
2022-10-14 3:05,2.6957121
2022-10-14 3:10,2.6919677
2022-10-14 3:15,2.6882244
2022-10-14 3:20,2.6919677
2022-10-14 3:25,2.6882244
2022-10-14 3:30,2.6882244
2022-10-14 3:35,2.6882244
2022-10-14 3:40,2.6882244
2022-10-14 3:45,2.68448
2022-10-14 3:50,2.6957121
2022-10-14 3:55,2.6919677
2022-10-14 4:00,2.6919677
2022-10-14 4:05,2.6807356
2022-10-14 4:10,2.6957121
2022-10-14 4:15,2.6957121
2022-10-14 4:20,2.6919677
2022-10-14 4:25,2.6919677
2022-10-14 4:30,2.6957121
2022-10-14 4:35,2.6919677
2022-10-14 4:40,2.6957121
2022-10-14 4:45,2.6957121
2022-10-14 4:50,2.6957121
2022-10-14 4:55,2.6957121
2022-10-14 5:00,2.6957121
2022-10-14 5:05,2.6957121
2022-10-14 5:10,2.6919677
2022-10-14 5:15,2.6882244
2022-10-14 5:20,2.6882244
2022-10-14 5:25,2.6882244
2022-10-14 5:30,2.6919677
2022-10-14 5:35,2.6882244
2022-10-14 5:40,2.6919677
2022-10-14 5:45,2.6957121
2022-10-14 5:50,2.6957121
2022-10-14 5:55,2.68448
2022-10-14 6:00,2.6919677
2022-10-14 6:05,2.6882244
2022-10-14 6:10,2.6807356
2022-10-14 6:15,2.6769923
2022-10-14 6:20,2.68448
2022-10-14 6:25,2.6807356
2022-10-14 6:30,2.68448
2022-10-14 6:35,2.6807356
2022-10-14 6:40,2.6807356
2022-10-14 6:45,2.6769923
2022-10-14 6:50,2.6807356
2022-10-14 6:55,2.6807356
2022-10-14 7:00,2.6657591
2022-10-14 7:05,2.6769923
2022-10-14 7:10,2.6769923
2022-10-14 7:15,2.6732479
2022-10-14 7:20,2.6807356
2022-10-14 7:25,2.6657591
2022-10-14 7:30,2.6882244
2022-10-14 7:35,2.7031998
2022-10-14 7:40,2.6695035
2022-10-14 7:45,2.6657591
2022-10-14 7:50,2.6695035
2022-10-14 7:55,2.6620158
2022-10-14 8:00,2.6882244
2022-10-14 8:05,2.6807356
2022-10-14 8:10,2.6769923
2022-10-14 8:15,2.6807356
2022-10-14 8:20,2.6732479
2022-10-14 8:25,2.68448
2022-10-14 8:30,2.6695035
2022-10-14 8:35,2.6732479
2022-10-14 8:40,2.6732479
2022-10-14 8:45,2.6807356
2022-10-14 8:50,2.6732479
2022-10-14 8:55,2.6732479
2022-10-14 9:00,2.6807356
2022-10-14 9:05,2.6657591
2022-10-14 9:10,2.6732479
2022-10-14 9:15,2.6732479
2022-10-14 9:20,2.6732479
2022-10-14 9:25,2.6695035
2022-10-14 9:30,2.6807356
2022-10-14 9:35,2.6732479
2022-10-14 9:40,2.6657591
2022-10-14 9:45,2.6769923
2022-10-14 9:50,2.6807356
2022-10-14 9:55,2.6732479
2022-10-14 10:00,2.6807356
2022-10-14 10:05,2.6620158
2022-10-14 10:10,2.6769923
2022-10-14 10:15,2.6769923
2022-10-14 10:20,2.6769923
2022-10-14 10:25,2.6582714
2022-10-14 10:30,2.6732479
2022-10-14 10:35,2.6695035
2022-10-14 10:40,2.6732479
2022-10-14 10:45,2.6657591
2022-10-14 10:50,2.6732479
2022-10-14 10:55,2.6657591
2022-10-14 11:00,2.6545281
2022-10-14 11:05,2.6545281
2022-10-14 11:10,2.6582714
2022-10-14 11:15,2.6620158
2022-10-14 11:20,2.6545281
2022-10-14 11:25,2.6395516
2022-10-14 11:30,2.6395516
2022-10-14 11:35,2.6283184
2022-10-14 11:40,2.6358072
2022-10-14 11:45,2.6283184
2022-10-14 11:50,2.6283184
2022-10-14 11:55,2.6358072
2022-10-14 12:00,2.6283184
2022-10-14 12:05,2.6283184
2022-10-14 12:10,2.6395516
2022-10-14 12:15,2.6245751
2022-10-14 12:20,2.6320628
2022-10-14 12:25,2.6320628
2022-10-14 12:30,2.643296
2022-10-14 12:35,2.6545281
2022-10-14 12:40,2.6358072
2022-10-14 12:45,2.6395516
2022-10-14 12:50,2.6320628
2022-10-14 12:55,2.643296
2022-10-14 13:00,2.6507837
2022-10-14 13:05,2.6507837
2022-10-14 13:10,2.6358072
2022-10-14 13:15,2.6395516
2022-10-14 13:20,2.6395516
2022-10-14 13:25,2.6320628
2022-10-14 13:30,2.6358072
2022-10-14 13:35,2.6358072
2022-10-14 13:40,2.6358072
2022-10-14 13:45,2.6507837
2022-10-14 13:50,2.6470393
2022-10-14 13:55,2.643296
2022-10-14 14:00,2.6320628
2022-10-14 14:05,2.6283184
2022-10-14 14:10,2.6283184
2022-10-14 14:15,2.6395516
2022-10-14 14:20,2.6358072
2022-10-14 14:25,2.6470393
2022-10-14 14:30,2.6320628
2022-10-14 14:35,2.6320628
2022-10-14 14:40,2.6320628
2022-10-14 14:45,2.6470393
2022-10-14 14:50,2.6395516
2022-10-14 14:55,2.6320628
2022-10-14 15:00,2.6395516
2022-10-14 15:05,2.643296
2022-10-14 15:10,2.6358072
2022-10-14 15:15,2.6470393
2022-10-14 15:20,2.6358072
2022-10-14 15:25,2.6320628
2022-10-14 15:30,2.6507837
2022-10-14 15:35,2.6470393
2022-10-14 15:40,2.6470393
2022-10-14 15:45,2.6507837
2022-10-14 15:50,2.6507837
2022-10-14 15:55,2.643296
2022-10-14 16:00,2.643296
2022-10-14 16:05,2.6395516
2022-10-14 16:10,2.6358072
2022-10-14 16:15,2.6470393
2022-10-14 16:20,2.643296
2022-10-14 16:25,2.6470393
2022-10-14 16:30,2.6470393
2022-10-14 16:35,2.6470393
2022-10-14 16:40,2.643296
2022-10-14 16:45,2.6507837
2022-10-14 16:50,2.6545281
2022-10-14 16:55,2.643296
2022-10-14 17:00,2.6470393
2022-10-14 17:05,2.6470393
2022-10-14 17:10,2.6470393
2022-10-14 17:15,2.6470393
2022-10-14 17:20,2.6545281
2022-10-14 17:25,2.6507837
2022-10-14 17:30,2.6582714
2022-10-14 17:35,2.6620158
2022-10-14 17:40,2.6582714
2022-10-14 17:45,2.6545281
2022-10-14 17:50,2.6545281
2022-10-14 17:55,2.6620158
2022-10-14 18:00,2.6582714
2022-10-14 18:05,2.6582714
2022-10-14 18:10,2.6620158
2022-10-14 18:15,2.6657591
2022-10-14 18:20,2.6620158
2022-10-14 18:25,2.6657591
2022-10-14 18:30,2.6620158
2022-10-14 18:35,2.6769923
2022-10-14 18:40,2.6620158
2022-10-14 18:45,2.6657591
2022-10-14 18:50,2.6695035
2022-10-14 18:55,2.6620158
2022-10-14 19:00,2.6695035
2022-10-14 19:05,2.6695035
2022-10-14 19:10,2.6695035
2022-10-14 19:15,2.6769923
2022-10-14 19:20,2.6657591
2022-10-14 19:25,2.6769923
2022-10-14 19:30,2.6732479
2022-10-14 19:35,2.6695035
2022-10-14 19:40,2.6769923
2022-10-14 19:45,2.6732479
2022-10-14 19:50,2.6732479
2022-10-14 19:55,2.6695035
2022-10-14 20:00,2.6769923
2022-10-14 20:05,2.6620158
2022-10-14 20:10,2.6732479
2022-10-14 20:15,2.6695035
2022-10-14 20:20,2.6769923
2022-10-14 20:25,2.6657591
2022-10-14 20:30,2.6807356
2022-10-14 20:35,2.6732479
2022-10-14 20:40,2.6695035
2022-10-14 20:45,2.6657591
2022-10-14 20:50,2.6732479
2022-10-14 20:55,2.6732479
2022-10-14 21:00,2.6807356
2022-10-14 21:05,2.6657591
2022-10-14 21:10,2.6732479
2022-10-14 21:15,2.6807356
2022-10-14 21:20,2.6620158
2022-10-14 21:25,2.6657591
2022-10-14 21:30,2.6769923
2022-10-14 21:35,2.6695035
2022-10-14 21:40,2.6695035
2022-10-14 21:45,2.6620158
2022-10-14 21:50,2.6582714
2022-10-14 21:55,2.6657591
2022-10-14 22:00,2.6657591
2022-10-14 22:05,2.6732479
2022-10-14 22:10,2.6657591
2022-10-14 22:15,2.6620158
2022-10-14 22:20,2.6657591
2022-10-14 22:25,2.6620158
2022-10-14 22:30,2.6582714
2022-10-14 22:35,2.6732479
2022-10-14 22:40,2.6582714
2022-10-14 22:45,2.6695035
2022-10-14 22:50,2.6657591
2022-10-14 22:55,2.6657591
2022-10-14 23:00,2.6657591
2022-10-14 23:05,2.6695035
2022-10-14 23:10,2.6620158
2022-10-14 23:15,2.6620158
2022-10-14 23:20,2.6620158
2022-10-14 23:25,2.6769923
2022-10-14 23:30,2.6620158
2022-10-14 23:35,2.6582714
2022-10-14 23:40,2.6769923
2022-10-14 23:45,2.6732479
2022-10-14 23:50,2.6695035
2022-10-14 23:55,2.6657591
2022-10-15 0:00,2.6695035
2022-10-15 0:05,2.6732479
2022-10-15 0:10,2.6620158
2022-10-15 0:15,2.6695035
2022-10-15 0:20,2.6620158
2022-10-15 0:25,2.6657591
2022-10-15 0:30,2.6695035
2022-10-15 0:35,2.6695035
2022-10-15 0:40,2.6695035
2022-10-15 0:45,2.6620158
2022-10-15 0:50,2.6695035
2022-10-15 0:55,2.6582714
2022-10-15 1:00,2.6620158
2022-10-15 1:05,2.6657591
2022-10-15 1:10,2.6769923
2022-10-15 1:15,2.6620158
2022-10-15 1:20,2.6620158
2022-10-15 1:25,2.6732479
2022-10-15 1:30,2.6695035
2022-10-15 1:35,2.6695035
2022-10-15 1:40,2.6657591
2022-10-15 1:45,2.6769923
2022-10-15 1:50,2.6732479
2022-10-15 1:55,2.6657591
2022-10-15 2:00,2.6657591
2022-10-15 2:05,2.6582714
2022-10-15 2:10,2.6582714
2022-10-15 2:15,2.6657591
2022-10-15 2:20,2.6695035
2022-10-15 2:25,2.6582714
2022-10-15 2:30,2.6582714
2022-10-15 2:35,2.6620158
2022-10-15 2:40,2.6582714
2022-10-15 2:45,2.6657591
2022-10-15 2:50,2.6545281
2022-10-15 2:55,2.6582714
2022-10-15 3:00,2.6657591
2022-10-15 3:05,2.6582714
2022-10-15 3:10,2.6507837
2022-10-15 3:15,2.6582714
2022-10-15 3:20,2.6545281
2022-10-15 3:25,2.6657591
2022-10-15 3:30,2.6545281
2022-10-15 3:35,2.6657591
2022-10-15 3:40,2.6545281
2022-10-15 3:45,2.6507837
2022-10-15 3:50,2.6620158
2022-10-15 3:55,2.6545281
2022-10-15 4:00,2.6545281
2022-10-15 4:05,2.6545281
2022-10-15 4:10,2.6545281
2022-10-15 4:15,2.6620158
2022-10-15 4:20,2.6582714
2022-10-15 4:25,2.6507837
2022-10-15 4:30,2.6582714
2022-10-15 4:35,2.6657591
2022-10-15 4:40,2.6507837
2022-10-15 4:45,2.6657591
2022-10-15 4:50,2.6545281
2022-10-15 4:55,2.6507837
2022-10-15 5:00,2.6545281
2022-10-15 5:05,2.6545281
2022-10-15 5:10,2.6507837
2022-10-15 5:15,2.6507837
2022-10-15 5:20,2.6582714
2022-10-15 5:25,2.6582714
2022-10-15 5:30,2.643296
2022-10-15 5:35,2.643296
2022-10-15 5:40,2.6620158
2022-10-15 5:45,2.6545281
2022-10-15 5:50,2.6582714
2022-10-15 5:55,2.6545281
2022-10-15 6:00,2.6470393
2022-10-15 6:05,2.6507837
2022-10-15 6:10,2.643296
2022-10-15 6:15,2.6358072
2022-10-15 6:20,2.6395516
2022-10-15 6:25,2.6395516
2022-10-15 6:30,2.6470393
2022-10-15 6:35,2.6470393
2022-10-15 6:40,2.6545281
2022-10-15 6:45,2.6507837
2022-10-15 6:50,2.6470393
2022-10-15 6:55,2.6395516
2022-10-15 7:00,2.6470393
2022-10-15 7:05,2.6470393
2022-10-15 7:10,2.6395516
2022-10-15 7:15,2.6358072
2022-10-15 7:20,2.6395516
2022-10-15 7:25,2.6470393
2022-10-15 7:30,2.6470393
2022-10-15 7:35,2.6507837
2022-10-15 7:40,2.643296
2022-10-15 7:45,2.6358072
2022-10-15 7:50,2.643296
2022-10-15 7:55,2.6395516
2022-10-15 8:00,2.6395516
2022-10-15 8:05,2.643296
2022-10-15 8:10,2.6395516
2022-10-15 8:15,2.643296
2022-10-15 8:20,2.6358072
2022-10-15 8:25,2.6358072
2022-10-15 8:30,2.6283184
2022-10-15 8:35,2.6283184
2022-10-15 8:40,2.6320628
2022-10-15 8:45,2.6358072
2022-10-15 8:50,2.6358072
2022-10-15 8:55,2.6320628
2022-10-15 9:00,2.613343
2022-10-15 9:05,2.613343
2022-10-15 9:10,2.6058553
2022-10-15 9:15,2.6058553
2022-10-15 9:20,2.6021109
2022-10-15 9:25,2.6170874
2022-10-15 9:30,2.6208307
2022-10-15 9:35,2.6245751
2022-10-15 9:40,2.6245751
2022-10-15 9:45,2.6358072
2022-10-15 9:50,2.6283184
2022-10-15 9:55,2.6283184
2022-10-15 10:00,2.613343
2022-10-15 10:05,2.6170874
2022-10-15 10:10,2.613343
2022-10-15 10:15,2.613343
2022-10-15 10:20,2.6095997
2022-10-15 10:25,2.613343
2022-10-15 10:30,2.6283184
2022-10-15 10:35,2.6358072
2022-10-15 10:40,2.6283184
2022-10-15 10:45,2.6320628
2022-10-15 10:50,2.6395516
2022-10-15 10:55,2.6283184
2022-10-15 11:00,2.6320628
2022-10-15 11:05,2.6208307
2022-10-15 11:10,2.6395516
2022-10-15 11:15,2.6283184
2022-10-15 11:20,2.6283184
2022-10-15 11:25,2.6245751
2022-10-15 11:30,2.6208307
2022-10-15 11:35,2.6208307
2022-10-15 11:40,2.6058553
2022-10-15 11:45,2.6170874
2022-10-15 11:50,2.6245751
2022-10-15 11:55,2.6021109
2022-10-15 12:00,2.6021109
2022-10-15 12:05,2.6058553
2022-10-15 12:10,2.5983665
2022-10-15 12:15,2.5983665
2022-10-15 12:20,2.5983665
2022-10-15 12:25,2.5983665
2022-10-15 12:30,2.613343
2022-10-15 12:35,2.6170874
2022-10-15 12:40,2.6095997
2022-10-15 12:45,2.6320628
2022-10-15 12:50,2.6095997
2022-10-15 12:55,2.6358072
2022-10-15 13:00,2.6021109
2022-10-15 13:05,2.6170874
2022-10-15 13:10,2.6208307
2022-10-15 13:15,2.6170874
2022-10-15 13:20,2.6058553
2022-10-15 13:25,2.6245751
2022-10-15 13:30,2.6095997
2022-10-15 13:35,2.6095997
2022-10-15 13:40,2.6208307
2022-10-15 13:45,2.6170874
2022-10-15 13:50,2.6095997
2022-10-15 13:55,2.6170874
2022-10-15 14:00,2.6245751
2022-10-15 14:05,2.5946232
2022-10-15 14:10,2.6058553
2022-10-15 14:15,2.6283184
2022-10-15 14:20,2.6245751
2022-10-15 14:25,2.6208307
2022-10-15 14:30,2.6245751
2022-10-15 14:35,2.6882244
2022-10-15 14:40,2.6245751
2022-10-15 14:45,2.6320628
2022-10-15 14:50,2.6245751
2022-10-15 14:55,2.6657591
2022-10-15 15:00,2.6807356
2022-10-15 15:05,2.6358072
2022-10-15 15:10,2.7181763
2022-10-15 15:15,2.6545281
2022-10-15 15:20,2.6395516
2022-10-15 15:25,2.7256651
2022-10-15 15:30,2.643296
2022-10-15 15:35,2.643296
2022-10-15 15:40,2.6545281
2022-10-15 15:45,2.6545281
2022-10-15 15:50,2.643296
2022-10-15 15:55,2.6582714
2022-10-15 16:00,2.6507837
2022-10-15 16:05,2.6545281
2022-10-15 16:10,2.6507837
2022-10-15 16:15,2.6545281
2022-10-15 16:20,2.643296
2022-10-15 16:25,2.6470393
2022-10-15 16:30,2.6582714
2022-10-15 16:35,2.6582714
2022-10-15 16:40,2.6545281
2022-10-15 16:45,2.6545281
2022-10-15 16:50,2.6620158
2022-10-15 16:55,2.6620158
2022-10-15 17:00,2.6545281
2022-10-15 17:05,2.6507837
2022-10-15 17:10,2.6507837
2022-10-15 17:15,2.6620158
2022-10-15 17:20,2.6732479
2022-10-15 17:25,2.6695035
2022-10-15 17:30,2.6657591
2022-10-15 17:35,2.6657591
2022-10-15 17:40,2.6620158
2022-10-15 17:45,2.6620158
2022-10-15 17:50,2.6657591
2022-10-15 17:55,2.6657591
2022-10-15 18:00,2.6732479
2022-10-15 18:05,2.6695035
2022-10-15 18:10,2.6657591
2022-10-15 18:15,2.6695035
2022-10-15 18:20,2.6695035
2022-10-15 18:25,2.6769923
2022-10-15 18:30,2.6657591
2022-10-15 18:35,2.6732479
2022-10-15 18:40,2.6695035
2022-10-15 18:45,2.6732479
2022-10-15 18:50,2.6769923
2022-10-15 18:55,2.6695035
2022-10-15 19:00,2.6807356
2022-10-15 19:05,2.6695035
2022-10-15 19:10,2.6732479
2022-10-15 19:15,2.6807356
2022-10-15 19:20,2.6657591
2022-10-15 19:25,2.6769923
2022-10-15 19:30,2.6732479
2022-10-15 19:35,2.6732479
2022-10-15 19:40,2.6695035
2022-10-15 19:45,2.6769923
2022-10-15 19:50,2.6657591
2022-10-15 19:55,2.6732479
2022-10-15 20:00,2.6769923
2022-10-15 20:05,2.6807356
2022-10-15 20:10,2.6807356
2022-10-15 20:15,2.6807356
2022-10-15 20:20,2.6807356
2022-10-15 20:25,2.6807356
2022-10-15 20:30,2.6882244
2022-10-15 20:35,2.6807356
2022-10-15 20:40,2.6807356
2022-10-15 20:45,2.6732479
2022-10-15 20:50,2.6732479
2022-10-15 20:55,2.6807356
2022-10-15 21:00,2.6807356
2022-10-15 21:05,2.6807356
2022-10-15 21:10,2.6769923
2022-10-15 21:15,2.6807356
2022-10-15 21:20,2.6882244
2022-10-15 21:25,2.6769923
2022-10-15 21:30,2.6732479
2022-10-15 21:35,2.6732479
2022-10-15 21:40,2.6769923
2022-10-15 21:45,2.6882244
2022-10-15 21:50,2.6732479
2022-10-15 21:55,2.6732479
2022-10-15 22:00,2.6882244
2022-10-15 22:05,2.68448
2022-10-15 22:10,2.6807356
2022-10-15 22:15,2.6807356
2022-10-15 22:20,2.6807356
2022-10-15 22:25,2.6882244
2022-10-15 22:30,2.6732479
2022-10-15 22:35,2.6807356
2022-10-15 22:40,2.6807356
2022-10-15 22:45,2.6732479
2022-10-15 22:50,2.6807356
2022-10-15 22:55,2.6769923
2022-10-15 23:00,2.68448
2022-10-15 23:05,2.6769923
2022-10-15 23:10,2.6769923
2022-10-15 23:15,2.6807356
2022-10-15 23:20,2.6769923
2022-10-15 23:25,2.68448
2022-10-15 23:30,2.6882244
2022-10-15 23:35,2.6807356
2022-10-15 23:40,2.6657591
2022-10-15 23:45,2.6732479
2022-10-15 23:50,2.6769923
2022-10-15 23:55,2.6807356
2022-10-16 0:00,2.6732479
2022-10-16 0:05,2.6695035
2022-10-16 0:10,2.6769923
2022-10-16 0:15,2.6882244
2022-10-16 0:20,2.68448
2022-10-16 0:25,2.6769923
2022-10-16 0:30,2.68448
2022-10-16 0:35,2.6769923
2022-10-16 0:40,2.6882244
2022-10-16 0:45,2.6807356
2022-10-16 0:50,2.6807356
2022-10-16 0:55,2.6807356
2022-10-16 1:00,2.6732479
2022-10-16 1:05,2.68448
2022-10-16 1:10,2.68448
2022-10-16 1:15,2.68448
2022-10-16 1:20,2.6769923
2022-10-16 1:25,2.6807356
2022-10-16 1:30,2.6769923
2022-10-16 1:35,2.6807356
2022-10-16 1:40,2.6807356
2022-10-16 1:45,2.6807356
2022-10-16 1:50,2.6769923
2022-10-16 1:55,2.6807356
2022-10-16 2:00,2.6769923
2022-10-16 2:05,2.6769923
2022-10-16 2:10,2.6882244
2022-10-16 2:15,2.6882244
2022-10-16 2:20,2.6769923
2022-10-16 2:25,2.6732479
2022-10-16 2:30,2.6769923
2022-10-16 2:35,2.6807356
2022-10-16 2:40,2.6695035
2022-10-16 2:45,2.6732479
2022-10-16 2:50,2.6769923
2022-10-16 2:55,2.6769923
2022-10-16 3:00,2.6732479
2022-10-16 3:05,2.6807356
2022-10-16 3:10,2.6769923
2022-10-16 3:15,2.6769923
2022-10-16 3:20,2.6807356
2022-10-16 3:25,2.6732479
2022-10-16 3:30,2.6732479
2022-10-16 3:35,2.6657591
2022-10-16 3:40,2.6732479
2022-10-16 3:45,2.6769923
2022-10-16 3:50,2.6732479
2022-10-16 3:55,2.6732479
2022-10-16 4:00,2.6769923
2022-10-16 4:05,2.6695035
2022-10-16 4:10,2.6769923
2022-10-16 4:15,2.6807356
2022-10-16 4:20,2.6732479
2022-10-16 4:25,2.6732479
2022-10-16 4:30,2.6769923
2022-10-16 4:35,2.6732479
2022-10-16 4:40,2.6657591
2022-10-16 4:45,2.6732479
2022-10-16 4:50,2.6620158
2022-10-16 4:55,2.6620158
2022-10-16 5:00,2.6732479
2022-10-16 5:05,2.6582714
2022-10-16 5:10,2.6620158
2022-10-16 5:15,2.6657591
2022-10-16 5:20,2.6732479
2022-10-16 5:25,2.6657591
2022-10-16 5:30,2.6657591
2022-10-16 5:35,2.6657591
2022-10-16 5:40,2.6657591
2022-10-16 5:45,2.6620158
2022-10-16 5:50,2.6769923
2022-10-16 5:55,2.6695035
2022-10-16 6:00,2.6695035
2022-10-16 6:05,2.6769923
2022-10-16 6:10,2.6657591
2022-10-16 6:15,2.6732479
2022-10-16 6:20,2.6732479
2022-10-16 6:25,2.6695035
2022-10-16 6:30,2.6695035
2022-10-16 6:35,2.6732479
2022-10-16 6:40,2.6695035
2022-10-16 6:45,2.6695035
2022-10-16 6:50,2.6695035
2022-10-16 6:55,2.6620158
2022-10-16 7:00,2.6695035
2022-10-16 7:05,2.6620158
2022-10-16 7:10,2.6620158
2022-10-16 7:15,2.6620158
2022-10-16 7:20,2.6732479
2022-10-16 7:25,2.6732479
2022-10-16 7:30,2.6620158
2022-10-16 7:35,2.6657591
2022-10-16 7:40,2.6695035
2022-10-16 7:45,2.6732479
2022-10-16 7:50,2.6695035
2022-10-16 7:55,2.6620158
2022-10-16 8:00,2.6657591
2022-10-16 8:05,2.6582714
2022-10-16 8:10,2.6582714
2022-10-16 8:15,2.6657591
2022-10-16 8:20,2.6582714
2022-10-16 8:25,2.6657591
2022-10-16 8:30,2.6545281
2022-10-16 8:35,2.6620158
2022-10-16 8:40,2.6657591
2022-10-16 8:45,2.6657591
2022-10-16 8:50,2.6545281
2022-10-16 8:55,2.6582714
2022-10-16 9:00,2.6582714
2022-10-16 9:05,2.6732479
2022-10-16 9:10,2.6582714
2022-10-16 9:15,2.6657591
2022-10-16 9:20,2.6582714
2022-10-16 9:25,2.6695035
2022-10-16 9:30,2.6620158
2022-10-16 9:35,2.6582714
2022-10-16 9:40,2.6732479
2022-10-16 9:45,2.6695035
2022-10-16 9:50,2.6582714
2022-10-16 9:55,2.6657591
2022-10-16 10:00,2.6620158
2022-10-16 10:05,2.6545281
2022-10-16 10:10,2.6695035
2022-10-16 10:15,2.6620158
2022-10-16 10:20,2.6620158
2022-10-16 10:25,2.6582714
2022-10-16 10:30,2.6582714
2022-10-16 10:35,2.6545281
2022-10-16 10:40,2.6582714
2022-10-16 10:45,2.6283184
2022-10-16 10:50,2.6245751
2022-10-16 10:55,2.6395516
2022-10-16 11:00,2.6358072
2022-10-16 11:05,2.6320628
2022-10-16 11:10,2.6358072
2022-10-16 11:15,2.643296
2022-10-16 11:20,2.6208307
2022-10-16 11:25,2.6320628
2022-10-16 11:30,2.6283184
2022-10-16 11:35,2.6283184
2022-10-16 11:40,2.6358072
2022-10-16 11:45,2.6245751
2022-10-16 11:50,2.6395516
2022-10-16 11:55,2.6283184
2022-10-16 12:00,2.6395516
2022-10-16 12:05,2.6283184
2022-10-16 12:10,2.6395516
2022-10-16 12:15,2.6320628
2022-10-16 12:20,2.6320628
2022-10-16 12:25,2.6320628
2022-10-16 12:30,2.6395516
2022-10-16 12:35,2.6320628
2022-10-16 12:40,2.6320628
2022-10-16 12:45,2.6582714
2022-10-16 12:50,2.6507837
2022-10-16 12:55,2.6507837
2022-10-16 13:00,2.6507837
2022-10-16 13:05,2.6582714
2022-10-16 13:10,2.6395516
2022-10-16 13:15,2.6507837
2022-10-16 13:20,2.6507837
2022-10-16 13:25,2.6545281
2022-10-16 13:30,2.6470393
2022-10-16 13:35,2.6545281
2022-10-16 13:40,2.6545281
2022-10-16 13:45,2.6545281
2022-10-16 13:50,2.6545281
2022-10-16 13:55,2.6545281
2022-10-16 14:00,2.6582714
2022-10-16 14:05,2.6545281
2022-10-16 14:10,2.6507837
2022-10-16 14:15,2.6545281
2022-10-16 14:20,2.6620158
2022-10-16 14:25,2.6582714
2022-10-16 14:30,2.6507837
2022-10-16 14:35,2.6470393
2022-10-16 14:40,2.6507837
2022-10-16 14:45,2.6507837
2022-10-16 14:50,2.6507837
2022-10-16 14:55,2.6470393
2022-10-16 15:00,2.6470393
2022-10-16 15:05,2.643296
2022-10-16 15:10,2.6582714
2022-10-16 15:15,2.6470393
2022-10-16 15:20,2.6470393
2022-10-16 15:25,2.6470393
2022-10-16 15:30,2.6470393
2022-10-16 15:35,2.6507837
2022-10-16 15:40,2.6395516
2022-10-16 15:45,2.6470393
2022-10-16 15:50,2.643296
2022-10-16 15:55,2.643296
2022-10-16 16:00,2.6582714
2022-10-16 16:05,2.6470393
2022-10-16 16:10,2.643296
2022-10-16 16:15,2.6395516
2022-10-16 16:20,2.6507837
2022-10-16 16:25,2.6395516
2022-10-16 16:30,2.6395516
2022-10-16 16:35,2.6545281
2022-10-16 16:40,2.6507837
2022-10-16 16:45,2.6358072
2022-10-16 16:50,2.6470393
2022-10-16 16:55,2.6507837
2022-10-16 17:00,2.6470393
2022-10-16 17:05,2.6507837
2022-10-16 17:10,2.6507837
2022-10-16 17:15,2.643296
2022-10-16 17:20,2.6470393
2022-10-16 17:25,2.6507837
2022-10-16 17:30,2.6470393
2022-10-16 17:35,2.6507837
2022-10-16 17:40,2.6470393
2022-10-16 17:45,2.6395516
2022-10-16 17:50,2.643296
2022-10-16 17:55,2.6358072
2022-10-16 18:00,2.6470393
2022-10-16 18:05,2.6358072
2022-10-16 18:10,2.6582714
2022-10-16 18:15,2.643296
2022-10-16 18:20,2.643296
2022-10-16 18:25,2.643296
2022-10-16 18:30,2.6582714
2022-10-16 18:35,2.6470393
2022-10-16 18:40,2.643296
2022-10-16 18:45,2.6582714
2022-10-16 18:50,2.6507837
2022-10-16 18:55,2.643296
2022-10-16 19:00,2.6545281
2022-10-16 19:05,2.6507837
2022-10-16 19:10,2.6507837
2022-10-16 19:15,2.6507837
2022-10-16 19:20,2.6470393
2022-10-16 19:25,2.6358072
2022-10-16 19:30,2.6545281
2022-10-16 19:35,2.6545281
2022-10-16 19:40,2.6582714
2022-10-16 19:45,2.6507837
2022-10-16 19:50,2.6545281
2022-10-16 19:55,2.6470393
2022-10-16 20:00,2.6470393
2022-10-16 20:05,2.6395516
2022-10-16 20:10,2.643296
2022-10-16 20:15,2.6395516
2022-10-16 20:20,2.6470393
2022-10-16 20:25,2.6470393
2022-10-16 20:30,2.6545281
2022-10-16 20:35,2.6470393
2022-10-16 20:40,2.643296
2022-10-16 20:45,2.6395516
2022-10-16 20:50,2.6507837
2022-10-16 20:55,2.6470393
2022-10-16 21:00,2.6470393
2022-10-16 21:05,2.6470393
2022-10-16 21:10,2.6507837
2022-10-16 21:15,2.6545281
2022-10-16 21:20,2.6470393
2022-10-16 21:25,2.6545281
2022-10-16 21:30,2.6470393
2022-10-16 21:35,2.6507837
2022-10-16 21:40,2.6395516
2022-10-16 21:45,2.643296
2022-10-16 21:50,2.6545281
2022-10-16 21:55,2.6470393
2022-10-16 22:00,2.6507837
2022-10-16 22:05,2.6582714
2022-10-16 22:10,2.6582714
2022-10-16 22:15,2.6507837
2022-10-16 22:20,2.6470393
2022-10-16 22:25,2.6545281
2022-10-16 22:30,2.6545281
2022-10-16 22:35,2.6545281
2022-10-16 22:40,2.6507837
2022-10-16 22:45,2.6507837
2022-10-16 22:50,2.6470393
2022-10-16 22:55,2.6320628
2022-10-16 23:00,2.643296
2022-10-16 23:05,2.643296
2022-10-16 23:10,2.643296
2022-10-16 23:15,2.6395516
2022-10-16 23:20,2.643296
2022-10-16 23:25,2.643296
2022-10-16 23:30,2.6320628
2022-10-16 23:35,2.6358072
2022-10-16 23:40,2.6358072
2022-10-16 23:45,2.6320628
2022-10-16 23:50,2.6395516
2022-10-16 23:55,2.6507837
2022-10-17 0:00,2.6358072
2022-10-17 0:05,2.6470393
2022-10-17 0:10,2.6507837
2022-10-17 0:15,2.6507837
2022-10-17 0:20,2.6395516
2022-10-17 0:25,2.6395516
2022-10-17 0:30,2.643296
2022-10-17 0:35,2.6358072
2022-10-17 0:40,2.6470393
2022-10-17 0:45,2.643296
2022-10-17 0:50,2.6470393
2022-10-17 0:55,2.6320628
2022-10-17 1:00,2.6470393
2022-10-17 1:05,2.6507837
2022-10-17 1:10,2.643296
2022-10-17 1:15,2.6470393
2022-10-17 1:20,2.6507837
2022-10-17 1:25,2.6395516
2022-10-17 1:30,2.6320628
2022-10-17 1:35,2.6470393
2022-10-17 1:40,2.6395516
2022-10-17 1:45,2.6395516
2022-10-17 1:50,2.6395516
2022-10-17 1:55,2.643296
2022-10-17 2:00,2.6507837
2022-10-17 2:05,2.643296
2022-10-17 2:10,2.6358072
2022-10-17 2:15,2.6470393
2022-10-17 2:20,2.6470393
2022-10-17 2:25,2.643296
2022-10-17 2:30,2.6470393
2022-10-17 2:35,2.6657591
2022-10-17 2:40,2.6582714
2022-10-17 2:45,2.6395516
2022-10-17 2:50,2.6283184
2022-10-17 2:55,2.6582714
2022-10-17 3:00,2.6582714
2022-10-17 3:05,2.6620158
2022-10-17 3:10,2.6507837
2022-10-17 3:15,2.6582714
2022-10-17 3:20,2.6545281
2022-10-17 3:25,2.6545281
2022-10-17 3:30,2.6657591
2022-10-17 3:35,2.6582714
2022-10-17 3:40,2.6620158
2022-10-17 3:45,2.6620158
2022-10-17 3:50,2.6695035
2022-10-17 3:55,2.6545281
2022-10-17 4:00,2.68448
2022-10-17 4:05,2.6620158
2022-10-17 4:10,2.6919677
2022-10-17 4:15,2.6919677
2022-10-17 4:20,2.6807356
2022-10-17 4:25,2.6807356
2022-10-17 4:30,2.6919677
2022-10-17 4:35,2.6919677
2022-10-17 4:40,2.6582714
2022-10-17 4:45,2.7031998
2022-10-17 4:50,2.6994565
2022-10-17 4:55,2.6807356
2022-10-17 5:00,2.7031998
2022-10-17 5:05,2.6582714
2022-10-17 5:10,2.7069442
2022-10-17 5:15,2.6807356
2022-10-17 5:20,2.7144319
2022-10-17 5:25,2.6807356
2022-10-17 5:30,2.6732479
2022-10-17 5:35,2.6919677
2022-10-17 5:40,2.7031998
2022-10-17 5:45,2.7181763
2022-10-17 5:50,2.6769923
2022-10-17 5:55,2.7106875
2022-10-17 6:00,2.68448
2022-10-17 6:05,2.7181763
2022-10-17 6:10,2.6919677
2022-10-17 6:15,2.6919677
2022-10-17 6:20,2.7106875
2022-10-17 6:25,2.7181763
2022-10-17 6:30,2.6769923
2022-10-17 6:35,2.6919677
2022-10-17 6:40,2.68448
2022-10-17 6:45,2.7069442
2022-10-17 6:50,2.7031998
2022-10-17 6:55,2.7144319
2022-10-17 7:00,2.6657591
2022-10-17 7:05,2.6994565
2022-10-17 7:10,2.7106875
2022-10-17 7:15,2.6769923
2022-10-17 7:20,2.7069442
2022-10-17 7:25,2.6957121
2022-10-17 7:30,2.7294084
2022-10-17 7:35,2.6769923
2022-10-17 7:40,2.7256651
2022-10-17 7:45,2.7069442
2022-10-17 7:50,2.7069442
2022-10-17 7:55,2.7331528
2022-10-17 8:00,2.7219207
2022-10-17 8:05,2.7181763
2022-10-17 8:10,2.7219207
2022-10-17 8:15,2.7294084
2022-10-17 8:20,2.7331528
2022-10-17 8:25,2.7294084
2022-10-17 8:30,2.6882244
2022-10-17 8:35,2.6994565
2022-10-17 8:40,2.7181763
2022-10-17 8:45,2.6994565
2022-10-17 8:50,2.7031998
2022-10-17 8:55,2.7406405
2022-10-17 9:00,2.7518726
2022-10-17 9:05,2.7368961
2022-10-17 9:10,2.7256651
2022-10-17 9:15,2.7443849
2022-10-17 9:20,2.7219207
2022-10-17 9:25,2.7256651
2022-10-17 9:30,2.7256651
2022-10-17 9:35,2.7331528
2022-10-17 9:40,2.7368961
2022-10-17 9:45,2.7481282
2022-10-17 9:50,2.7144319
2022-10-17 9:55,2.7294084
2022-10-17 10:00,2.7069442
2022-10-17 10:05,2.7144319
2022-10-17 10:10,2.7181763
2022-10-17 10:15,2.7294084
2022-10-17 10:20,2.7256651
2022-10-17 10:25,2.7331528
2022-10-17 10:30,2.7406405
2022-10-17 10:35,2.7631047
2022-10-17 10:40,2.7631047
2022-10-17 10:45,2.7406405
2022-10-17 10:50,2.7106875
2022-10-17 10:55,2.7144319
2022-10-17 11:00,2.7256651
2022-10-17 11:05,2.7256651
2022-10-17 11:10,2.7294084
2022-10-17 11:15,2.7219207
2022-10-17 11:20,2.7518726
2022-10-17 11:25,2.755617
2022-10-17 11:30,2.7294084
2022-10-17 11:35,2.7256651
2022-10-17 11:40,2.7668491
2022-10-17 11:45,2.7593614
2022-10-17 11:50,2.7406405
2022-10-17 11:55,2.7481282
2022-10-17 12:00,2.7294084
2022-10-17 12:05,2.7294084
2022-10-17 12:10,2.7518726
2022-10-17 12:15,2.7668491
2022-10-17 12:20,2.7256651
2022-10-17 12:25,2.7443849
2022-10-17 12:30,2.7481282
2022-10-17 12:35,2.7331528
2022-10-17 12:40,2.7481282
2022-10-17 12:45,2.7518726
2022-10-17 12:50,2.7294084
2022-10-17 12:55,2.7705935
2022-10-17 13:00,2.7481282
2022-10-17 13:05,2.7518726
2022-10-17 13:10,2.7443849
2022-10-17 13:15,2.755617
2022-10-17 13:20,2.7743368
2022-10-17 13:25,2.7593614
2022-10-17 13:30,2.755617
2022-10-17 13:35,2.7481282
2022-10-17 13:40,2.7668491
2022-10-17 13:45,2.7668491
2022-10-17 13:50,2.7481282
2022-10-17 13:55,2.755617
2022-10-17 14:00,2.7631047
2022-10-17 14:05,2.7593614
2022-10-17 14:10,2.7518726
2022-10-17 14:15,2.7631047
2022-10-17 14:20,2.8042898
2022-10-17 14:25,2.7780812
2022-10-17 14:30,2.7593614
2022-10-17 14:35,2.7593614
2022-10-17 14:40,2.7893133
2022-10-17 14:45,2.7631047
2022-10-17 14:50,2.7631047
2022-10-17 14:55,2.7668491
2022-10-17 15:00,2.7705935
2022-10-17 15:05,2.796801
2022-10-17 15:10,2.7705935
2022-10-17 15:15,2.7705935
2022-10-17 15:20,2.7743368
2022-10-17 15:25,2.7930566
2022-10-17 15:30,2.8080331
2022-10-17 15:35,2.7855689
2022-10-17 15:40,2.7705935
2022-10-17 15:45,2.7743368
2022-10-17 15:50,2.8042898
2022-10-17 15:55,2.8042898
2022-10-17 16:00,2.7668491
2022-10-17 16:05,2.8080331
2022-10-17 16:10,2.8005454
2022-10-17 16:15,2.7818245
2022-10-17 16:20,2.7818245
2022-10-17 16:25,2.7743368
2022-10-17 16:30,2.7930566
2022-10-17 16:35,2.7818245
2022-10-17 16:40,2.7930566
2022-10-17 16:45,2.7893133
2022-10-17 16:50,2.7743368
2022-10-17 16:55,2.7631047
2022-10-17 17:00,2.8042898
2022-10-17 17:05,2.7855689
2022-10-17 17:10,2.8117775
2022-10-17 17:15,2.8155219
2022-10-17 17:20,2.7743368
2022-10-17 17:25,2.7893133
2022-10-17 17:30,2.8117775
2022-10-17 17:35,2.7705935
2022-10-17 17:40,2.7855689
2022-10-17 17:45,2.7668491
2022-10-17 17:50,2.7818245
2022-10-17 17:55,2.796801
2022-10-17 18:00,2.8117775
2022-10-17 18:05,2.8117775
2022-10-17 18:10,2.7818245
2022-10-17 18:15,2.8080331
2022-10-17 18:20,2.8117775
2022-10-17 18:25,2.8042898
2022-10-17 18:30,2.8342417
2022-10-17 18:35,2.8267529
2022-10-17 18:40,2.8117775
2022-10-17 18:45,2.7893133
2022-10-17 18:50,2.8117775
2022-10-17 18:55,2.8230096
2022-10-17 19:00,2.8005454
2022-10-17 19:05,2.8267529
2022-10-17 19:10,2.8342417
2022-10-17 19:15,2.8117775
2022-10-17 19:20,2.8042898
2022-10-17 19:25,2.7893133
2022-10-17 19:30,2.8342417
2022-10-17 19:35,2.7930566
2022-10-17 19:40,2.8005454
2022-10-17 19:45,2.8005454
2022-10-17 19:50,2.8005454
2022-10-17 19:55,2.8005454
2022-10-17 20:00,2.796801
2022-10-17 20:05,2.796801
2022-10-17 20:10,2.8379861
2022-10-17 20:15,2.8005454
2022-10-17 20:20,2.8267529
2022-10-17 20:25,2.8117775
2022-10-17 20:30,2.8379861
2022-10-17 20:35,2.8080331
2022-10-17 20:40,2.796801
2022-10-17 20:45,2.7930566
2022-10-17 20:50,2.7893133
2022-10-17 20:55,2.8230096
2022-10-17 21:00,2.7930566
2022-10-17 21:05,2.8192652
2022-10-17 21:10,2.7930566
2022-10-17 21:15,2.7930566
2022-10-17 21:20,2.8192652
2022-10-17 21:25,2.8267529
2022-10-17 21:30,2.7893133
2022-10-17 21:35,2.7893133
2022-10-17 21:40,2.7893133
2022-10-17 21:45,2.7855689
2022-10-17 21:50,2.8080331
2022-10-17 21:55,2.8230096
2022-10-17 22:00,2.8155219
2022-10-17 22:05,2.8155219
2022-10-17 22:10,2.7930566
2022-10-17 22:15,2.8117775
2022-10-17 22:20,2.8230096
2022-10-17 22:25,2.7893133
2022-10-17 22:30,2.8304973
2022-10-17 22:35,2.8005454
2022-10-17 22:40,2.8304973
2022-10-17 22:45,2.7930566
2022-10-17 22:50,2.8267529
2022-10-17 22:55,2.8155219
2022-10-17 23:00,2.8304973
2022-10-17 23:05,2.8304973
2022-10-17 23:10,2.8005454
2022-10-17 23:15,2.8342417
2022-10-17 23:20,2.7930566
2022-10-17 23:25,2.8230096
2022-10-17 23:30,2.8304973
2022-10-17 23:35,2.7930566
2022-10-17 23:40,2.8230096
2022-10-17 23:45,2.7855689
2022-10-17 23:50,2.7893133
2022-10-17 23:55,2.8304973
2022-10-18 0:00,2.7855689
2022-10-18 0:05,2.8005454
2022-10-18 0:10,2.8192652
2022-10-18 0:15,2.7818245
2022-10-18 0:20,2.796801
2022-10-18 0:25,2.7780812
2022-10-18 0:30,2.7855689
2022-10-18 0:35,2.7893133
2022-10-18 0:40,2.7893133
2022-10-18 0:45,2.7855689
2022-10-18 0:50,2.7818245
2022-10-18 0:55,2.8005454
2022-10-18 1:00,2.8192652
2022-10-18 1:05,2.796801
2022-10-18 1:10,2.8080331
2022-10-18 1:15,2.7818245
2022-10-18 1:20,2.8192652
2022-10-18 1:25,2.8080331
2022-10-18 1:30,2.7818245
2022-10-18 1:35,2.8005454
2022-10-18 1:40,2.8005454
2022-10-18 1:45,2.8117775
2022-10-18 1:50,2.8192652
2022-10-18 1:55,2.7818245
2022-10-18 2:00,2.796801
2022-10-18 2:05,2.7855689
2022-10-18 2:10,2.8042898
2022-10-18 2:15,2.7930566
2022-10-18 2:20,2.7743368
2022-10-18 2:25,2.8080331
2022-10-18 2:30,2.8005454
2022-10-18 2:35,2.7893133
2022-10-18 2:40,2.7743368
2022-10-18 2:45,2.7893133
2022-10-18 2:50,2.7743368
2022-10-18 2:55,2.7743368
2022-10-18 3:00,2.7705935
2022-10-18 3:05,2.8155219
2022-10-18 3:10,2.8005454
2022-10-18 3:15,2.8005454
2022-10-18 3:20,2.7893133
2022-10-18 3:25,2.8080331
2022-10-18 3:30,2.7780812
2022-10-18 3:35,2.7818245
2022-10-18 3:40,2.7855689
2022-10-18 3:45,2.8042898
2022-10-18 3:50,2.8080331
2022-10-18 3:55,2.8117775
2022-10-18 4:00,2.8080331
2022-10-18 4:05,2.7893133
2022-10-18 4:10,2.7893133
2022-10-18 4:15,2.8155219
2022-10-18 4:20,2.8155219
2022-10-18 4:25,2.8155219
2022-10-18 4:30,2.8117775
2022-10-18 4:35,2.796801
2022-10-18 4:40,2.8042898
2022-10-18 4:45,2.8080331
2022-10-18 4:50,2.8117775
2022-10-18 4:55,2.8080331
2022-10-18 5:00,2.7930566
2022-10-18 5:05,2.8042898
2022-10-18 5:10,2.8042898
2022-10-18 5:15,2.8042898
2022-10-18 5:20,2.796801
2022-10-18 5:25,2.8005454
2022-10-18 5:30,2.796801
2022-10-18 5:35,2.7855689
2022-10-18 5:40,2.7930566
2022-10-18 5:45,2.7818245
2022-10-18 5:50,2.8080331
2022-10-18 5:55,2.7818245
2022-10-18 6:00,2.7893133
2022-10-18 6:05,2.796801
2022-10-18 6:10,2.8080331
2022-10-18 6:15,2.8117775
2022-10-18 6:20,2.7818245
2022-10-18 6:25,2.8155219
2022-10-18 6:30,2.7893133
2022-10-18 6:35,2.7893133
2022-10-18 6:40,2.7893133
2022-10-18 6:45,2.8155219
2022-10-18 6:50,2.7930566
2022-10-18 6:55,2.7818245
2022-10-18 7:00,2.7893133
2022-10-18 7:05,2.8080331
2022-10-18 7:10,2.7930566
2022-10-18 7:15,2.8155219
2022-10-18 7:20,2.7818245
2022-10-18 7:25,2.8080331
2022-10-18 7:30,2.796801
2022-10-18 7:35,2.8117775
2022-10-18 7:40,2.7930566
2022-10-18 7:45,2.796801
2022-10-18 7:50,2.7780812
2022-10-18 7:55,2.8080331
2022-10-18 8:00,2.8080331
2022-10-18 8:05,2.8117775
2022-10-18 8:10,2.796801
2022-10-18 8:15,2.8080331
2022-10-18 8:20,2.8042898
2022-10-18 8:25,2.8005454
2022-10-18 8:30,2.7818245
2022-10-18 8:35,2.8005454
2022-10-18 8:40,2.796801
2022-10-18 8:45,2.8267529
2022-10-18 8:50,2.7855689
2022-10-18 8:55,2.8304973
2022-10-18 9:00,2.8417294
2022-10-18 9:05,2.7930566
2022-10-18 9:10,2.7893133
2022-10-18 9:15,2.8005454
2022-10-18 9:20,2.7930566
2022-10-18 9:25,2.8304973
2022-10-18 9:30,2.8267529
2022-10-18 9:35,2.8080331
2022-10-18 9:40,2.8117775
2022-10-18 9:45,2.8080331
2022-10-18 9:50,2.8005454
2022-10-18 9:55,2.8080331
2022-10-18 10:00,2.8042898
2022-10-18 10:05,2.8042898
2022-10-18 10:10,2.8080331
2022-10-18 10:15,2.8005454
2022-10-18 10:20,2.7855689
2022-10-18 10:25,2.8192652
2022-10-18 10:30,2.8379861
2022-10-18 10:35,2.8267529
2022-10-18 10:40,2.8117775
2022-10-18 10:45,2.7930566
2022-10-18 10:50,2.7930566
2022-10-18 10:55,2.8155219
2022-10-18 11:00,2.7930566
2022-10-18 11:05,2.8230096
2022-10-18 11:10,2.8155219
2022-10-18 11:15,2.8117775
2022-10-18 11:30,2.8117775
2022-10-18 11:45,2.826754
2022-10-18 12:00,2.8117775
2022-10-18 12:15,2.8417294
2022-10-18 12:30,2.8379861
2022-10-18 12:45,2.8155208
2022-10-18 13:00,2.8342417
2022-10-18 13:15,2.8155208
2022-10-18 13:30,2.8192652
2022-10-18 13:45,2.8042898
2022-10-18 14:00,2.826754
2022-10-18 14:15,2.826754
2022-10-18 14:30,2.8117775
2022-10-18 14:45,2.8379861
2022-10-18 15:00,2.8155208
2022-10-18 15:15,2.8304973
2022-10-18 15:30,2.8117775
2022-10-18 15:45,2.8567059
2022-10-18 16:00,2.8379861
2022-10-18 16:15,2.8454738
2022-10-18 16:30,2.8192652
2022-10-18 16:45,2.8342417
2022-10-18 17:00,2.8604492
2022-10-18 17:15,2.8155208
2022-10-18 17:30,2.8230096
2022-10-18 17:45,2.8155208
2022-10-18 18:00,2.8529615
2022-10-18 18:15,2.8529615
2022-10-18 18:30,2.8529615
2022-10-18 18:45,2.8604492
2022-10-18 19:00,2.8342417
2022-10-18 19:15,2.8304973
2022-10-18 19:30,2.8230096
2022-10-18 19:45,2.8604492
2022-10-18 20:00,2.8529615
2022-10-18 20:15,2.8567059
2022-10-18 20:30,2.8567059
2022-10-18 20:45,2.8641936
2022-10-18 21:00,2.8492182
2022-10-18 21:15,2.8454738
2022-10-18 21:30,2.8417294
2022-10-18 21:45,2.8529615
2022-10-18 22:00,2.8304973
2022-10-18 22:15,2.8230096
2022-10-18 22:30,2.8529615
2022-10-18 22:45,2.8454738
2022-10-18 23:00,2.826754
2022-10-18 23:15,2.8304973
2022-10-18 23:30,2.8379861
2022-10-18 23:45,2.8379861
2022-10-19 0:00,2.8342417
2022-10-19 0:15,2.8417294
2022-10-19 0:30,2.8492182
2022-10-19 0:45,2.8304973
2022-10-19 1:00,2.8417294
2022-10-19 1:15,2.8155208
2022-10-19 1:30,2.8379861
2022-10-19 1:45,2.8304973
2022-10-19 2:00,2.8230096
2022-10-19 2:15,2.8155208
2022-10-19 2:30,2.8604492
2022-10-19 2:45,2.8529615
2022-10-19 3:00,2.8567059
2022-10-19 3:15,2.8080331
2022-10-19 3:30,2.826754
2022-10-19 3:45,2.8155208
2022-10-19 4:00,2.8492182
2022-10-19 4:15,2.8604492
2022-10-19 4:30,2.8042898
2022-10-19 4:45,2.8379861
2022-10-19 5:00,2.8342417
2022-10-19 5:15,2.826754
2022-10-19 5:30,2.8417294
2022-10-19 5:45,2.8304973
2022-10-19 6:00,2.8080331
2022-10-19 6:15,2.826754
2022-10-19 6:30,2.8192652
2022-10-19 6:45,2.8492182
2022-10-19 7:00,2.8379861
2022-10-19 7:15,2.8417294
2022-10-19 7:30,2.8230679
2022-10-19 7:45,2.8155318
2022-10-19 8:00,2.7968032
2022-10-19 8:15,2.8230107
2022-10-19 8:30,2.7930588
2022-10-19 8:45,2.8080342
2022-10-19 9:00,2.815523
2022-10-19 9:15,2.7930588
2022-10-19 9:30,2.8042909
2022-10-19 9:45,2.7780823
2022-10-19 10:00,2.7780823
2022-10-19 10:15,2.8080342
2022-10-19 10:30,2.7855711
2022-10-19 10:45,2.8267551
2022-10-19 11:00,2.8117786
2022-10-19 11:15,2.7780823
2022-10-19 11:30,2.7930588
2022-10-19 11:45,2.8005465
2022-10-19 12:00,2.8342428
2022-10-19 12:15,2.7930588
2022-10-19 12:30,2.8192674
2022-10-19 12:45,2.7930588
2022-10-19 13:00,2.8342428
2022-10-19 13:15,2.8042909
2022-10-19 13:30,2.8267551
2022-10-19 13:45,2.8192674
2022-10-19 14:00,2.8117786
2022-10-19 14:15,2.8267551
2022-10-19 14:30,2.8117786
2022-10-19 14:45,2.8192674
2022-10-19 15:00,2.8529626
2022-10-19 15:15,2.8267551
2022-10-19 15:30,2.8117786
2022-10-19 15:45,2.8192674
2022-10-19 16:00,2.8080342
2022-10-19 16:15,2.8342428
2022-10-19 16:30,2.815523
2022-10-19 16:45,2.8080342
2022-10-19 17:00,2.8117786
2022-10-19 17:15,2.8230107
2022-10-19 17:30,2.8267551
2022-10-19 17:45,2.8492193
2022-10-19 18:00,2.8230107
2022-10-19 18:15,2.8342428
2022-10-19 18:30,2.8192674
2022-10-19 18:45,2.8679402
2022-10-19 19:00,2.856707
2022-10-19 19:15,2.8679402
2022-10-19 19:30,2.8379872
2022-10-19 19:45,2.8791712
2022-10-19 20:00,2.8754279
2022-10-19 20:15,2.8791712
2022-10-19 20:30,2.8492193
2022-10-19 20:45,2.8492193
2022-10-19 21:00,2.8604514
2022-10-19 21:15,2.8716835
2022-10-19 21:30,2.8342428
2022-10-19 21:45,2.8641958
2022-10-19 22:00,2.8829156
2022-10-19 22:15,2.8791712
2022-10-19 22:30,2.8529626
2022-10-19 22:45,2.8679402
2022-10-19 23:00,2.8791712
2022-10-19 23:15,2.8379872
2022-10-19 23:30,2.8791712
2022-10-19 23:45,2.8791712
2022-10-20 0:00,2.8679402
2022-10-20 0:15,2.856707
2022-10-20 0:30,2.8417316
2022-10-20 0:45,2.8641958
2022-10-20 1:00,2.8454749
2022-10-20 1:15,2.8679402
2022-10-20 1:30,2.8641958
2022-10-20 1:45,2.8379872
2022-10-20 2:00,2.856707
2022-10-20 2:15,2.8716835
2022-10-20 2:30,2.8267551
2022-10-20 2:45,2.8679402
2022-10-20 3:00,2.8529626
2022-10-20 3:15,2.856707
2022-10-20 3:30,2.8604514
2022-10-20 3:45,2.8342428
2022-10-20 4:00,2.856707
2022-10-20 4:15,2.856707
2022-10-20 4:30,2.8342428
2022-10-20 4:45,2.8379872
2022-10-20 5:00,2.8492193
2022-10-20 5:15,2.8641958
2022-10-20 5:30,2.8342428
2022-10-20 5:45,2.8492193
2022-10-20 6:00,2.8679402
2022-10-20 6:15,2.8716835
2022-10-20 6:30,2.8379872
2022-10-20 6:45,2.8230107
2022-10-20 7:00,2.8492193
2022-10-20 7:15,2.8192674
2022-10-20 7:30,2.8379872
2022-10-20 7:45,2.8230107
2022-10-20 8:00,2.8641958
2022-10-20 8:15,2.8342428
2022-10-20 8:30,2.8529626
2022-10-20 8:45,2.8230107
2022-10-20 9:00,2.7893144
2022-10-20 9:15,2.8379872
2022-10-20 9:30,2.8267551
2022-10-20 9:45,2.7818267
2022-10-20 10:00,2.8267551
2022-10-20 10:15,2.8379872
2022-10-20 10:30,2.8042909
2022-10-20 10:45,2.8230107
2022-10-20 11:00,2.8080342
2022-10-20 11:15,2.8304995
2022-10-20 11:30,2.8117786
2022-10-20 11:45,2.8042909
2022-10-20 12:00,2.815523
2022-10-20 12:15,2.7930588
2022-10-20 12:30,2.7968032
2022-10-20 12:45,2.7893144
2022-10-20 13:00,2.7743379
2022-10-20 13:15,2.7818267
2022-10-20 13:30,2.7930588
2022-10-20 13:45,2.7930588
2022-10-20 14:00,2.7855711
2022-10-20 14:15,2.8042909
2022-10-20 14:30,2.7968032
2022-10-20 14:45,2.8117786
2022-10-20 15:00,2.8042909
2022-10-20 15:15,2.7930588
2022-10-20 15:30,2.7968032
2022-10-20 15:45,2.8042909
2022-10-20 16:00,2.815523
2022-10-20 16:15,2.8080342
2022-10-20 16:30,2.8005465
2022-10-20 16:45,2.8080342
2022-10-20 17:00,2.7968032
2022-10-20 17:15,2.8042909
2022-10-20 17:30,2.8117786
2022-10-20 17:45,2.8230107
2022-10-20 18:00,2.8230107
2022-10-20 18:15,2.815523
2022-10-20 18:30,2.8192674
2022-10-20 18:45,2.8192674
2022-10-20 19:00,2.8304995
2022-10-20 19:15,2.8417316
2022-10-20 19:30,2.8192674
2022-10-20 19:45,2.8641958
2022-10-20 20:00,2.8230107
2022-10-20 20:15,2.856707
2022-10-20 20:30,2.8641958
2022-10-20 20:45,2.8492193
2022-10-20 21:00,2.8230107
2022-10-20 21:15,2.856707
2022-10-20 21:30,2.8192674
2022-10-20 21:45,2.8379872
2022-10-20 22:00,2.8230107
2022-10-20 22:15,2.8529626
2022-10-20 22:30,2.8342428
2022-10-20 22:45,2.8641958
2022-10-20 23:00,2.8604514
2022-10-20 23:15,2.8304995
2022-10-20 23:30,2.8529626
2022-10-20 23:45,2.8604514
2022-10-21 0:00,2.8230107
2022-10-21 0:15,2.8267551
2022-10-21 0:30,2.856707
2022-10-21 0:45,2.8304995
2022-10-21 1:00,2.8304995
2022-10-21 1:15,2.8529626
2022-10-21 1:30,2.8529626
2022-10-21 1:45,2.8492193
2022-10-21 2:00,2.8492193
2022-10-21 2:15,2.8192674
2022-10-21 2:30,2.8117786
2022-10-21 2:45,2.8117786
2022-10-21 3:00,2.815523
2022-10-21 3:15,2.8417316
2022-10-21 3:30,2.8192674
2022-10-21 3:45,2.8080342
2022-10-21 4:00,2.8492193
2022-10-21 4:15,2.8417316
2022-10-21 4:30,2.8042909
2022-10-21 4:45,2.8379872
2022-10-21 5:00,2.8042909
2022-10-21 5:15,2.8117786
2022-10-21 5:30,2.8042909
2022-10-21 5:45,2.8005465
2022-10-21 6:00,2.8267551
2022-10-21 6:15,2.7968032
2022-10-21 6:30,2.815523
2022-10-21 6:45,2.8042909
2022-10-21 7:00,2.815523
2022-10-21 7:15,2.8005465
2022-10-21 7:30,2.8080342
2022-10-21 7:45,2.7968032
2022-10-21 8:00,2.8042909
2022-10-21 8:15,2.8042909
2022-10-21 8:30,2.7780823
2022-10-21 8:45,2.7968032
2022-10-21 9:00,2.7968032
2022-10-21 9:15,2.7893144
2022-10-21 9:30,2.8267551
2022-10-21 9:45,2.7518748
2022-10-21 10:00,2.7406416
2022-10-21 10:15,2.7518748
2022-10-21 10:30,2.7893144
2022-10-21 10:45,2.744386
2022-10-21 11:00,2.7518748
2022-10-21 11:15,2.7481304
2022-10-21 11:30,2.7481304
2022-10-21 11:45,2.7518748
2022-10-21 12:00,2.7556181
2022-10-21 12:15,2.7518748
2022-10-21 12:30,2.7518748
2022-10-21 12:45,2.7294095
2022-10-21 13:00,2.7481304
2022-10-21 13:15,2.744386
2022-10-21 13:30,2.7406416
2022-10-21 13:45,2.7481304
2022-10-21 14:00,2.7556181
2022-10-21 14:15,2.7556181
2022-10-21 14:30,2.744386
2022-10-21 14:45,2.7518748
2022-10-21 15:00,2.7518748
2022-10-21 15:15,2.7518748
2022-10-21 15:30,2.7668502
2022-10-21 15:45,2.7593625
2022-10-21 16:00,2.7631058
2022-10-21 16:15,2.7668502
2022-10-21 16:30,2.7705935
2022-10-21 16:45,2.7780823
2022-10-21 17:00,2.7743379
2022-10-21 17:15,2.7818267
2022-10-21 17:30,2.7893144
2022-10-21 17:45,2.7893144
2022-10-21 18:00,2.8117786
2022-10-21 18:15,2.7855711
2022-10-21 18:30,2.7968032
2022-10-21 18:45,2.7818267
2022-10-21 19:00,2.8005465
2022-10-21 19:15,2.7818267
2022-10-21 19:30,2.7930588
2022-10-21 19:45,2.7930588
2022-10-21 20:00,2.8042909
2022-10-21 20:15,2.7930588
2022-10-21 20:30,2.7893144
2022-10-21 20:45,2.8230107
2022-10-21 21:00,2.8267551
2022-10-21 21:15,2.7930588
2022-10-21 21:30,2.8005465
2022-10-21 21:45,2.8192674
2022-10-21 22:00,2.7968032
2022-10-21 22:15,2.7930588
2022-10-21 22:30,2.8230107
2022-10-21 22:45,2.8117786
2022-10-21 23:00,2.8230107
2022-10-21 23:15,2.8042909
2022-10-21 23:30,2.8267551
2022-10-21 23:45,2.7818267
2022-10-22 0:00,2.8005465
2022-10-22 0:15,2.815523
2022-10-22 0:30,2.8192674
2022-10-22 0:45,2.8192674
2022-10-22 1:00,2.8005465
2022-10-22 1:15,2.815523
2022-10-22 1:30,2.7743379
2022-10-22 1:45,2.7780823
2022-10-22 2:00,2.7893144
2022-10-22 2:15,2.7930588
2022-10-22 2:30,2.8117786
2022-10-22 2:45,2.7893144
2022-10-22 3:00,2.7893144
2022-10-22 3:15,2.7855711
2022-10-22 3:30,2.8117786
2022-10-22 3:45,2.7818267
2022-10-22 4:00,2.7930588
2022-10-22 4:15,2.7930588
2022-10-22 4:30,2.7668502
2022-10-22 4:45,2.7855711
2022-10-22 5:00,2.7930588
2022-10-22 5:15,2.7855711
2022-10-22 5:30,2.7556181
2022-10-22 5:45,2.7743379
2022-10-22 6:00,2.7556181
2022-10-22 6:15,2.7930588
2022-10-22 6:30,2.7518748
2022-10-22 6:45,2.7556181
2022-10-22 7:00,2.7893144
2022-10-22 7:15,2.7743379
2022-10-22 7:30,2.7518748
2022-10-22 7:45,2.7481304
2022-10-22 8:00,2.7518748
2022-10-22 8:15,2.7668502
2022-10-22 8:30,2.7668502
2022-10-22 8:45,2.7368983
2022-10-22 9:00,2.7668502
2022-10-22 9:15,2.7780823
2022-10-22 9:30,2.7593625
2022-10-22 9:45,2.7219218
2022-10-22 10:00,2.7106897
2022-10-22 10:15,2.7069464
2022-10-22 10:30,2.7294095
2022-10-22 10:45,2.7219218
2022-10-22 11:00,2.7368983
2022-10-22 11:15,2.7106897
2022-10-22 11:30,2.7294095
2022-10-22 11:45,2.7144341
2022-10-22 12:00,2.7256651
2022-10-22 12:15,2.7294095
2022-10-22 12:30,2.7219218
2022-10-22 12:45,2.7181774
2022-10-22 13:00,2.7181774
2022-10-22 13:15,2.7294095
2022-10-22 13:30,2.7181774
2022-10-22 13:45,2.7256651
2022-10-22 14:00,2.7368983
2022-10-22 14:15,2.7256651
2022-10-22 14:30,2.7331539
2022-10-22 14:45,2.7331539
2022-10-22 15:00,2.7368983
2022-10-22 15:15,2.7294095
2022-10-22 15:30,2.7294095
2022-10-22 15:45,2.7406416
2022-10-22 16:00,2.7481304
2022-10-22 16:15,2.7368983
2022-10-22 16:30,2.7368983
2022-10-22 16:45,2.744386
2022-10-22 17:00,2.7406416
2022-10-22 17:15,2.7518748
2022-10-22 17:30,2.7556181
2022-10-22 17:45,2.7518748
2022-10-22 18:00,2.7518748
2022-10-22 18:15,2.7518748
2022-10-22 18:30,2.7518748
2022-10-22 18:45,2.744386
2022-10-22 19:00,2.744386
2022-10-22 19:15,2.7518748
2022-10-22 19:30,2.7593625
2022-10-22 19:45,2.7556181
2022-10-22 20:00,2.7481304
2022-10-22 20:15,2.744386
2022-10-22 20:30,2.7406416
2022-10-22 20:45,2.7518748
2022-10-22 21:00,2.7331539
2022-10-22 21:15,2.744386
2022-10-22 21:30,2.744386
2022-10-22 21:45,2.7331539
2022-10-22 22:00,2.7331539
2022-10-22 22:15,2.7368983
2022-10-22 22:30,2.7406416
2022-10-22 22:45,2.7368983
2022-10-22 23:00,2.7368983
2022-10-22 23:15,2.7256651
2022-10-22 23:30,2.7331539
2022-10-22 23:45,2.7294095
2022-10-23 0:00,2.7406416
2022-10-23 0:15,2.7294095
2022-10-23 0:30,2.7256651
2022-10-23 0:45,2.7256651
2022-10-23 1:00,2.7219218
2022-10-23 1:15,2.7219218
2022-10-23 1:30,2.7294095
2022-10-23 1:45,2.7181774
2022-10-23 2:00,2.7294095
2022-10-23 2:15,2.7181774
2022-10-23 2:30,2.7256651
2022-10-23 2:45,2.7294095
2022-10-23 3:00,2.7181774
2022-10-23 3:15,2.7256651
2022-10-23 3:30,2.7256651
2022-10-23 3:45,2.703202
2022-10-23 4:00,2.744386
2022-10-23 4:15,2.744386
2022-10-23 4:30,2.7368983
2022-10-23 4:45,2.7069464
2022-10-23 5:00,2.7406416
2022-10-23 5:15,2.7106897
2022-10-23 5:30,2.703202
2022-10-23 5:45,2.7406416
2022-10-23 6:00,2.7294095
2022-10-23 6:15,2.7368983
2022-10-23 6:30,2.7069464
2022-10-23 6:45,2.703202
2022-10-23 7:00,2.703202
2022-10-23 7:15,2.7219218
2022-10-23 7:30,2.7331539
2022-10-23 7:45,2.7294095
2022-10-23 8:00,2.7106897
2022-10-23 8:15,2.7144341
2022-10-23 8:30,2.7481304
2022-10-23 8:45,2.7518748
2022-10-23 9:00,2.7368983
2022-10-23 9:15,2.7406416
2022-10-23 9:30,2.703202
2022-10-23 9:45,2.744386
2022-10-23 10:00,2.7406416
2022-10-23 10:15,2.7069464
2022-10-23 10:30,2.6994576
2022-10-23 10:45,2.703202
2022-10-23 11:00,2.7331539
2022-10-23 11:15,2.7069464
2022-10-23 11:30,2.7144341
2022-10-23 11:45,2.7106897
2022-10-23 12:00,2.6994576
2022-10-23 12:15,2.7069464
2022-10-23 12:30,2.7144341
2022-10-23 12:45,2.6994576
2022-10-23 13:00,2.7069464
2022-10-23 13:15,2.7069464
2022-10-23 13:30,2.703202
2022-10-23 13:45,2.703202
2022-10-23 14:00,2.7181774
2022-10-23 14:15,2.7069464
2022-10-23 14:30,2.7106897
2022-10-23 14:45,2.6994576
2022-10-23 15:00,2.7106897
2022-10-23 15:15,2.7181774
2022-10-23 15:30,2.7144341
2022-10-23 15:45,2.7106897
2022-10-23 16:00,2.7106897
2022-10-23 16:15,2.7144341
2022-10-23 16:30,2.7144341
2022-10-23 16:45,2.7256651
2022-10-23 17:00,2.7219218
2022-10-23 17:15,2.7256651
2022-10-23 17:30,2.7294095
2022-10-23 17:45,2.7331539
2022-10-23 18:00,2.744386
2022-10-23 18:15,2.7368983
2022-10-23 18:30,2.7406416
2022-10-23 18:45,2.7406416
2022-10-23 19:00,2.7331539
2022-10-23 19:15,2.7481304
2022-10-23 19:30,2.744386
2022-10-23 19:45,2.744386
2022-10-23 20:00,2.744386
2022-10-23 20:15,2.7518748
2022-10-23 20:30,2.7518748
2022-10-23 20:45,2.7481304
2022-10-23 21:00,2.7331539
2022-10-23 21:15,2.7780823
2022-10-23 21:30,2.7743379
2022-10-23 21:45,2.7481304
2022-10-23 22:00,2.7705935
2022-10-23 22:15,2.7705935
2022-10-23 22:30,2.7481304
2022-10-23 22:45,2.7593625
2022-10-23 23:00,2.7780823
2022-10-23 23:15,2.7481304
2022-10-23 23:30,2.7593625
2022-10-23 23:45,2.7481304
2022-10-24 0:00,2.7705935
2022-10-24 0:15,2.7743379
2022-10-24 0:30,2.7593625
2022-10-24 0:45,2.7593625
2022-10-24 1:00,2.7855711
2022-10-24 1:15,2.7743379
2022-10-24 1:30,2.7930588
2022-10-24 1:45,2.7481304
2022-10-24 2:00,2.7518748
2022-10-24 2:15,2.7818267
2022-10-24 2:30,2.7818267
2022-10-24 2:45,2.7893144
2022-10-24 3:00,2.7705935
2022-10-24 3:15,2.7705935
2022-10-24 3:30,2.7705935
2022-10-24 3:45,2.7818267
2022-10-24 4:00,2.7930588
2022-10-24 4:15,2.7743379
2022-10-24 4:30,2.7705935
2022-10-24 4:45,2.7705935
2022-10-24 5:00,2.7743379
2022-10-24 5:15,2.7518748
2022-10-24 5:30,2.7780823
2022-10-24 5:45,2.7631058
2022-10-24 6:00,2.7743379
2022-10-24 6:15,2.7668502
2022-10-24 6:30,2.7893144
2022-10-24 6:45,2.8042909
2022-10-24 7:00,2.7631058
2022-10-24 7:15,2.7668502
2022-10-24 7:30,2.7631058
2022-10-24 7:45,2.7930588
2022-10-24 8:00,2.8080342
2022-10-24 8:15,2.8192674
2022-10-24 8:30,2.815523
2022-10-24 8:45,2.7930588
2022-10-24 9:00,2.8304995
2022-10-24 9:15,2.7968032
2022-10-24 9:30,2.8005465
2022-10-24 9:45,2.8042909
2022-10-24 10:00,2.7893144
2022-10-24 10:15,2.7930588
2022-10-24 10:30,2.8379872
2022-10-24 10:45,2.8005465
2022-10-24 11:00,2.8042909
2022-10-24 11:15,2.8005465
2022-10-24 11:30,2.7968032
2022-10-24 11:45,2.8417316
2022-10-24 12:00,2.815523
2022-10-24 12:15,2.8304995
2022-10-24 12:30,2.8342428
2022-10-24 12:45,2.8492193
2022-10-24 13:00,2.8117786
2022-10-24 13:15,2.8192674
2022-10-24 13:30,2.8454749
2022-10-24 13:45,2.8454749
2022-10-24 14:00,2.8267551
2022-10-24 14:15,2.8604514
2022-10-24 14:30,2.8604514
2022-10-24 14:45,2.8679402
2022-10-24 15:00,2.8454749
2022-10-24 15:15,2.856707
2022-10-24 15:30,2.8417316
2022-10-24 15:45,2.8417316
2022-10-24 16:00,2.8791712
2022-10-24 16:15,2.8604514
2022-10-24 16:30,2.8604514
2022-10-24 16:45,2.8754279
2022-10-24 17:00,2.8716835
2022-10-24 17:15,2.8417316
2022-10-24 17:30,2.8492193
2022-10-24 17:45,2.88666
2022-10-24 18:00,2.8417316
2022-10-24 18:15,2.8716835
2022-10-24 18:30,2.8529626
2022-10-24 18:45,2.8492193
2022-10-24 19:00,2.8529626
2022-10-24 19:15,2.8904033
2022-10-24 19:30,2.8754279
2022-10-24 19:45,2.8829156
2022-10-24 20:00,2.8529626
2022-10-24 20:15,2.8641958
2022-10-24 20:30,2.8679402
2022-10-24 20:45,2.8604514
2022-10-24 21:00,2.8604514
2022-10-24 21:15,2.8492193
2022-10-24 21:30,2.8454749
2022-10-24 21:45,2.8379872
2022-10-24 22:00,2.8417316
2022-10-24 22:15,2.8529626
2022-10-24 22:30,2.8641958
2022-10-24 22:45,2.8978921
2022-10-24 23:00,2.8904033
2022-10-24 23:15,2.8791712
2022-10-24 23:30,2.8754279
2022-10-24 23:45,2.8754279
2022-10-25 0:00,2.8641958
2022-10-25 0:15,2.8641958
2022-10-25 0:30,2.8829156
2022-10-25 0:45,2.8829156
2022-10-25 1:00,2.8754279
2022-10-25 1:15,2.8791712
2022-10-25 1:30,2.8904033
2022-10-25 1:45,2.8941477
2022-10-25 2:00,2.8716835
2022-10-25 2:15,2.8791712
2022-10-25 2:30,2.8829156
2022-10-25 2:45,2.8904033
2022-10-25 3:00,2.8641958
2022-10-25 3:15,2.8679402
2022-10-25 3:30,2.8978921
2022-10-25 3:45,2.8716835
2022-10-25 4:00,2.8754279
2022-10-25 4:15,2.8716835
2022-10-25 4:30,2.9053798
2022-10-25 4:45,2.8679402
2022-10-25 5:00,2.8829156
2022-10-25 5:15,2.8641958
2022-10-25 5:30,2.9091242
2022-10-25 5:45,2.8754279
2022-10-25 6:00,2.9128686
2022-10-25 6:15,2.8492193
2022-10-25 6:30,2.8679402
2022-10-25 6:45,2.8978921
2022-10-25 7:00,2.8791712
2022-10-25 7:15,2.8679402
2022-10-25 7:30,2.856707
2022-10-25 7:45,2.8829156
2022-10-25 8:00,2.8941477
2022-10-25 8:15,2.856707
2022-10-25 8:30,2.8454749
2022-10-25 8:45,2.8829156
2022-10-25 9:00,2.8529626
2022-10-25 9:15,2.856707
2022-10-25 9:30,2.8716835
2022-10-25 9:45,2.856707
2022-10-25 10:00,2.8417316
2022-10-25 10:15,2.8604514
2022-10-25 10:30,2.9016365
2022-10-25 10:45,2.8716835
2022-10-25 11:00,2.9128686
2022-10-25 11:15,2.8267551
2022-10-25 11:30,2.8454749
2022-10-25 11:45,2.8267551
2022-10-25 12:00,2.9091242
2022-10-25 12:15,2.8417316
2022-10-25 12:30,2.8492193
2022-10-25 12:45,2.8379872
2022-10-25 13:00,2.9166119
2022-10-25 13:15,2.9128686
2022-10-25 13:30,2.8379872
2022-10-25 13:45,2.8454749
2022-10-25 14:00,2.8529626
2022-10-25 14:15,2.8529626
2022-10-25 14:30,2.9016365
2022-10-25 14:45,2.8604514
2022-10-25 15:00,2.856707
2022-10-25 15:15,2.8529626
2022-10-25 15:30,2.8604514
2022-10-25 15:45,2.8641958
2022-10-25 16:00,2.9053798
2022-10-25 16:15,2.8904033
2022-10-25 16:30,2.8529626
2022-10-25 16:45,2.8454749
2022-10-25 17:00,2.8529626
2022-10-25 17:15,2.8529626
2022-10-25 17:30,2.8604514
2022-10-25 17:45,2.8754279
2022-10-25 18:00,2.8604514
2022-10-25 18:15,2.8754279
2022-10-25 18:30,2.8941477
2022-10-25 18:45,2.8754279
2022-10-25 19:00,2.9016365
2022-10-25 19:15,2.9091242
2022-10-25 19:30,2.8716835
2022-10-25 19:45,2.9091242
2022-10-25 20:00,2.8679402
2022-10-25 20:15,2.9016365
2022-10-25 20:30,2.9053798
2022-10-25 20:45,2.8791712
2022-10-25 21:00,2.8716835
2022-10-25 21:15,2.9091242
2022-10-25 21:30,2.8941477
2022-10-25 21:45,2.8791712
2022-10-25 22:00,2.9128686
2022-10-25 22:15,2.8641958
2022-10-25 22:30,2.8641958
2022-10-25 22:45,2.8904033
2022-10-25 23:00,2.9053798
2022-10-25 23:15,2.9016365
2022-10-25 23:30,2.8904033
2022-10-25 23:45,2.8978921
2022-10-26 0:00,2.9016365
2022-10-26 0:15,2.8679402
2022-10-26 0:30,2.8904033
2022-10-26 0:45,2.8904033
2022-10-26 1:00,2.8978921
2022-10-26 1:15,2.8829156
2022-10-26 1:30,2.8716835
2022-10-26 1:45,2.8791712
2022-10-26 2:00,2.8904033
2022-10-26 2:15,2.88666
2022-10-26 2:30,2.8716835
2022-10-26 2:45,2.8716835
2022-10-26 3:00,2.8641958
2022-10-26 3:15,2.8754279
2022-10-26 3:30,2.8791712
2022-10-26 3:45,2.8754279
2022-10-26 4:00,2.856707
2022-10-26 4:15,2.8791712
2022-10-26 4:30,2.8716835
2022-10-26 4:45,2.8604514
2022-10-26 5:00,2.88666
2022-10-26 5:15,2.8679402
2022-10-26 5:30,2.8716835
2022-10-26 5:45,2.856707
2022-10-26 6:00,2.8529626
2022-10-26 6:15,2.8492193
2022-10-26 6:30,2.8829156
2022-10-26 6:45,2.8492193
2022-10-26 7:00,2.8529626
2022-10-26 7:15,2.8716835
2022-10-26 7:30,2.9166119
2022-10-26 7:45,2.8829156
2022-10-26 8:00,2.8716835
2022-10-26 8:15,2.88666
2022-10-26 8:30,2.8492193
2022-10-26 8:45,2.8754279
2022-10-26 9:00,2.8716835
2022-10-26 9:15,2.8304995
2022-10-26 9:30,2.8342428
2022-10-26 9:45,2.856707
2022-10-26 10:00,2.8342428
2022-10-26 10:15,2.8342428
2022-10-26 10:30,2.8005465
2022-10-26 10:45,2.7968032
2022-10-26 11:00,2.8117786
2022-10-26 11:15,2.8117786
2022-10-26 11:30,2.8042909
2022-10-26 11:45,2.8080342
2022-10-26 12:00,2.8005465
2022-10-26 12:15,2.8117786
2022-10-26 12:30,2.8117786
2022-10-26 12:45,2.815523
2022-10-26 13:00,2.8679402
2022-10-26 13:15,2.8117786
2022-10-26 13:30,2.8304995
2022-10-26 13:45,2.8342428
2022-10-26 14:00,2.8267551
2022-10-26 14:15,2.8529626
2022-10-26 14:30,2.8454749
2022-10-26 14:45,2.8267551
2022-10-26 15:00,2.8342428
2022-10-26 15:15,2.8604514
2022-10-26 15:30,2.8604514
2022-10-26 15:45,2.8529626
2022-10-26 16:00,2.8417316
2022-10-26 16:15,2.8454749
2022-10-26 16:30,2.8417316
2022-10-26 16:45,2.8379872
2022-10-26 17:00,2.8529626
2022-10-26 17:15,2.856707
2022-10-26 17:30,2.8679402
2022-10-26 17:45,2.8379872
2022-10-26 18:00,2.8454749
2022-10-26 18:15,2.8379872
2022-10-26 18:30,2.8604514
2022-10-26 18:45,2.8791712
2022-10-26 19:00,2.8417316
2022-10-26 19:15,2.8417316
2022-10-26 19:30,2.8791712
2022-10-26 19:45,2.8492193
2022-10-26 20:00,2.8641958
2022-10-26 20:15,2.8641958
2022-10-26 20:30,2.8417316
2022-10-26 20:45,2.8791712
2022-10-26 21:00,2.8716835
2022-10-26 21:15,2.8829156
2022-10-26 21:30,2.8417316
2022-10-26 21:45,2.8791712
2022-10-26 22:00,2.8529626
2022-10-26 22:15,2.8829156
2022-10-26 22:30,2.8604514
2022-10-26 22:45,2.88666
2022-10-26 23:00,2.8904033
2022-10-26 23:15,2.8529626
2022-10-26 23:30,2.856707
2022-10-26 23:45,2.8941477
2022-10-27 0:00,2.88666
2022-10-27 0:15,2.8529626
2022-10-27 0:30,2.88666
2022-10-27 0:45,2.8604514
2022-10-27 1:00,2.8529626
2022-10-27 1:15,2.8904033
2022-10-27 1:30,2.8529626
2022-10-27 1:45,2.8641958
2022-10-27 2:00,2.8492193
2022-10-27 2:15,2.8941477
2022-10-27 2:30,2.8529626
2022-10-27 2:45,2.8641958
2022-10-27 3:00,2.8641958
2022-10-27 3:15,2.8492193
2022-10-27 3:30,2.8529626
2022-10-27 3:45,2.8604514
2022-10-27 4:00,2.8529626
2022-10-27 4:15,2.8829156
2022-10-27 4:30,2.8829156
2022-10-27 4:45,2.8604514
2022-10-27 5:00,2.8492193
2022-10-27 5:15,2.8492193
2022-10-27 5:30,2.8829156
2022-10-27 5:45,2.856707
2022-10-27 6:00,2.8754279
2022-10-27 6:15,2.8529626
2022-10-27 6:30,2.8604514
2022-10-27 6:45,2.8754279
2022-10-27 7:00,2.8604514
2022-10-27 7:15,2.8641958
2022-10-27 7:30,2.8604514
2022-10-27 7:45,2.8529626
2022-10-27 8:00,2.8492193
2022-10-27 8:15,2.8679402
2022-10-27 8:30,2.8342428
2022-10-27 8:45,2.8304995
2022-10-27 9:00,2.8417316
2022-10-27 9:15,2.8529626
2022-10-27 9:30,2.8304995
2022-10-27 9:45,2.8342428
2022-10-27 10:00,2.8417316
2022-10-27 10:15,2.8641958
2022-10-27 10:30,2.8417316
2022-10-27 10:45,2.8342428
2022-10-27 11:00,2.8492193
2022-10-27 11:15,2.8304995
2022-10-27 11:30,2.8230107
2022-10-27 11:45,2.8304995
2022-10-27 12:00,2.8117786
2022-10-27 12:15,2.815523
2022-10-27 12:30,2.8080342
2022-10-27 12:45,2.8080342
2022-10-27 13:00,2.8117786
2022-10-27 13:15,2.8042909
2022-10-27 13:30,2.8042909
2022-10-27 13:45,2.8005465
2022-10-27 14:00,2.8117786
2022-10-27 14:15,2.8080342
2022-10-27 14:30,2.8267551
2022-10-27 14:45,2.815523
2022-10-27 15:00,2.8080342
2022-10-27 15:15,2.8117786
2022-10-27 15:30,2.8117786
2022-10-27 15:45,2.8829156
2022-10-27 16:00,2.8978921
2022-10-27 16:15,2.8080342
2022-10-27 16:30,2.8080342
2022-10-27 16:45,2.815523
2022-10-27 17:00,2.8005465
2022-10-27 17:15,2.8080342
2022-10-27 17:30,2.8080342
2022-10-27 17:45,2.8267551
2022-10-27 18:00,2.8379872
2022-10-27 18:15,2.8417316
2022-10-27 18:30,2.8304995
2022-10-27 18:45,2.8080342
2022-10-27 19:00,2.8417316
2022-10-27 19:15,2.8267551
2022-10-27 19:30,2.8304995
2022-10-27 19:45,2.8080342
2022-10-27 20:00,2.8454749
2022-10-27 20:15,2.8080342
2022-10-27 20:30,2.8492193
2022-10-27 20:45,2.8117786
2022-10-27 21:00,2.8492193
2022-10-27 21:15,2.8304995
2022-10-27 21:30,2.8492193
2022-10-27 21:45,2.8492193
2022-10-27 22:00,2.8304995
2022-10-27 22:15,2.8342428
2022-10-27 22:30,2.8304995
2022-10-27 22:45,2.8529626
2022-10-27 23:00,2.8304995
2022-10-27 23:15,2.8192674
2022-10-27 23:30,2.8117786
2022-10-27 23:45,2.8492193
2022-10-28 0:00,2.8192674
2022-10-28 0:15,2.8117786
2022-10-28 0:30,2.8454749
2022-10-28 0:45,2.8192674
2022-10-28 1:00,2.8492193
2022-10-28 1:15,2.8080342
2022-10-28 1:30,2.8304995
2022-10-28 1:45,2.8454749
2022-10-28 2:00,2.8230107
2022-10-28 2:15,2.8379872
2022-10-28 2:30,2.8267551
2022-10-28 2:45,2.8042909
2022-10-28 3:00,2.8304995
2022-10-28 3:15,2.8267551
2022-10-28 3:30,2.8267551
2022-10-28 3:45,2.8042909
2022-10-28 4:00,2.8230107
2022-10-28 4:15,2.8230107
2022-10-28 4:30,2.815523
2022-10-28 4:45,2.8267551
2022-10-28 5:00,2.8192674
2022-10-28 5:15,2.8342428
2022-10-28 5:30,2.8230107
2022-10-28 5:45,2.8230107
2022-10-28 6:00,2.8230107
2022-10-28 6:15,2.8192674
2022-10-28 6:30,2.8267551
2022-10-28 6:45,2.8192674
2022-10-28 7:00,2.8304995
2022-10-28 7:15,2.8304995
2022-10-28 7:30,2.8117786
2022-10-28 7:45,2.8304995
2022-10-28 8:00,2.8192674
2022-10-28 8:15,2.8192674
2022-10-28 8:30,2.8192674
2022-10-28 8:45,2.8342428
2022-10-28 9:00,2.8005465
2022-10-28 9:15,2.8080342
2022-10-28 9:30,2.8117786
2022-10-28 9:45,2.7855711
2022-10-28 10:00,2.7743379
2022-10-28 10:15,2.7705935
2022-10-28 10:30,2.7930588
2022-10-28 10:45,2.7668502
2022-10-28 11:00,2.7818267
2022-10-28 11:15,2.8042909
2022-10-28 11:30,2.7893144
2022-10-28 11:45,2.7705935
2022-10-28 12:00,2.7668502
2022-10-28 12:15,2.7705935
2022-10-28 12:30,2.7818267
2022-10-28 12:45,2.7668502
2022-10-28 13:00,2.7780823
2022-10-28 13:15,2.7743379
2022-10-28 13:30,2.7818267
2022-10-28 13:45,2.7968032
2022-10-28 14:00,2.7705935
2022-10-28 14:15,2.7593625
2022-10-28 14:30,2.7668502
2022-10-28 14:45,2.7780823
2022-10-28 15:00,2.8117786
2022-10-28 15:15,2.7631058
2022-10-28 15:30,2.7818267
2022-10-28 15:45,2.7930588
2022-10-28 16:00,2.7780823
2022-10-28 16:15,2.7743379
2022-10-28 16:30,2.7705935
2022-10-28 16:45,2.7743379
2022-10-28 17:00,2.7705935
2022-10-28 17:15,2.7930588
2022-10-28 17:30,2.7818267
2022-10-28 17:45,2.8005465
2022-10-28 18:00,2.8042909
2022-10-28 18:15,2.8117786
2022-10-28 18:30,2.8042909
2022-10-28 18:45,2.8005465
2022-10-28 19:00,2.8230107
2022-10-28 19:15,2.8192674
2022-10-28 19:30,2.8080342
2022-10-28 19:45,2.8117786
2022-10-28 20:00,2.7930588
2022-10-28 20:15,2.8005465
2022-10-28 20:30,2.8042909
2022-10-28 20:45,2.7930588
2022-10-28 21:00,2.8192674
2022-10-28 21:15,2.8080342
2022-10-28 21:30,2.7893144
2022-10-28 21:45,2.7930588
2022-10-28 22:00,2.8230107
2022-10-28 22:15,2.8080342
2022-10-28 22:30,2.8042909
2022-10-28 22:45,2.815523
2022-10-28 23:00,2.8342428
2022-10-28 23:15,2.8042909
2022-10-28 23:30,2.7930588
2022-10-28 23:45,2.8192674
2022-10-29 0:00,2.8304995
2022-10-29 0:15,2.8005465
2022-10-29 0:30,2.8005465
2022-10-29 0:45,2.8379872
2022-10-29 1:00,2.8192674
2022-10-29 1:15,2.8304995
2022-10-29 1:30,2.8267551
2022-10-29 1:45,2.8080342
2022-10-29 2:00,2.7968032
2022-10-29 2:15,2.7968032
2022-10-29 2:30,2.8080342
2022-10-29 2:45,2.7930588
2022-10-29 3:00,2.8230107
2022-10-29 3:15,2.7930588
2022-10-29 3:30,2.8230107
2022-10-29 3:45,2.8417316
2022-10-29 4:00,2.7968032
2022-10-29 4:15,2.8117786
2022-10-29 4:30,2.7930588
2022-10-29 4:45,2.7930588
2022-10-29 5:00,2.8379872
2022-10-29 5:15,2.8042909
2022-10-29 5:30,2.7893144
2022-10-29 5:45,2.8005465
2022-10-29 6:00,2.8230107
2022-10-29 6:15,2.7855711
2022-10-29 6:30,2.7930588
2022-10-29 6:45,2.7855711
2022-10-29 7:00,2.7893144
2022-10-29 7:15,2.8192674
2022-10-29 7:30,2.7855711
2022-10-29 7:45,2.7855711
2022-10-29 8:00,2.8005465
2022-10-29 8:15,2.8042909
2022-10-29 8:30,2.8080342
2022-10-29 8:45,2.7631058
2022-10-29 9:00,2.7743379
2022-10-29 9:15,2.7743379
2022-10-29 9:30,2.7818267
2022-10-29 9:45,2.7631058
2022-10-29 10:00,2.7780823
2022-10-29 10:15,2.7593625
2022-10-29 10:30,2.7705935
2022-10-29 10:45,2.7481304
2022-10-29 11:00,2.7518748
2022-10-29 11:15,2.7481304
2022-10-29 11:30,2.7406416
2022-10-29 11:45,2.7481304
2022-10-29 12:00,2.744386
2022-10-29 12:15,2.7481304
2022-10-29 12:30,2.7518748
2022-10-29 12:45,2.7518748
2022-10-29 13:00,2.7481304
2022-10-29 13:15,2.7481304
2022-10-29 13:30,2.7556181
2022-10-29 13:45,2.7631058
2022-10-29 14:00,2.7855711
2022-10-29 14:15,2.7593625
2022-10-29 14:30,2.7780823
2022-10-29 14:45,2.7668502
2022-10-29 15:00,2.7631058
2022-10-29 15:15,2.7556181
2022-10-29 15:30,2.7930588
2022-10-29 15:45,2.7593625
2022-10-29 16:00,2.7743379
2022-10-29 16:15,2.7631058
2022-10-29 16:30,2.7593625
2022-10-29 16:45,2.7631058
2022-10-29 17:00,2.7743379
2022-10-29 17:15,2.7668502
2022-10-29 17:30,2.7705935
2022-10-29 17:45,2.7705935
2022-10-29 18:00,2.7705935
2022-10-29 18:15,2.7780823
2022-10-29 18:30,2.7743379
2022-10-29 18:45,2.7780823
2022-10-29 19:00,2.7855711
2022-10-29 19:15,2.7893144
2022-10-29 19:30,2.7855711
2022-10-29 19:45,2.7893144
2022-10-29 20:00,2.7968032
2022-10-29 20:15,2.7968032
2022-10-29 20:30,2.7968032
2022-10-29 20:45,2.8042909
2022-10-29 21:00,2.7930588
2022-10-29 21:15,2.7968032
2022-10-29 21:30,2.7855711
2022-10-29 21:45,2.815523
2022-10-29 22:00,2.8042909
2022-10-29 22:15,2.7893144
2022-10-29 22:30,2.8192674
2022-10-29 22:45,2.7818267
2022-10-29 23:00,2.7855711
2022-10-29 23:15,2.7780823
2022-10-29 23:30,2.7818267
2022-10-29 23:45,2.8117786
2022-10-30 0:00,2.7968032
2022-10-30 0:15,2.8042909
2022-10-30 0:30,2.8267551
2022-10-30 0:45,2.7818267
2022-10-30 1:00,2.8230107
2022-10-30 1:15,2.7930588
2022-10-30 1:30,2.8042909
2022-10-30 1:45,2.7968032
2022-10-30 2:00,2.7818267
2022-10-30 2:15,2.7780823
2022-10-30 2:30,2.7855711
2022-10-30 2:45,2.8192674
2022-10-30 3:00,2.8117786
2022-10-30 3:15,2.7893144
2022-10-30 3:30,2.7968032
2022-10-30 3:45,2.7893144
2022-10-30 4:00,2.7893144
2022-10-30 4:15,2.7930588
2022-10-30 4:30,2.7893144
2022-10-30 4:45,2.8304995
2022-10-30 5:00,2.8080342
2022-10-30 5:15,2.8117786
2022-10-30 5:30,2.7855711
2022-10-30 5:45,2.8192674
2022-10-30 6:00,2.7893144
2022-10-30 6:15,2.815523
2022-10-30 6:30,2.8042909
2022-10-30 6:45,2.8230107
2022-10-30 7:00,2.815523
2022-10-30 7:15,2.8042909
2022-10-30 7:30,2.8005465
2022-10-30 7:45,2.8192674
2022-10-30 8:00,2.8080342
2022-10-30 8:15,2.8005465
2022-10-30 8:30,2.7818267
2022-10-30 8:45,2.7893144
2022-10-30 9:00,2.815523
2022-10-30 9:15,2.8005465
2022-10-30 9:30,2.7893144
2022-10-30 9:45,2.7968032
2022-10-30 10:00,2.7855711
2022-10-30 10:15,2.7968032
2022-10-30 10:30,2.7668502
2022-10-30 10:45,2.7705935
2022-10-30 11:00,2.7668502
2022-10-30 11:15,2.7593625
2022-10-30 11:30,2.7593625
2022-10-30 11:45,2.7743379
2022-10-30 12:00,2.7668502
2022-10-30 12:15,2.7631058
2022-10-30 12:30,2.7593625
2022-10-30 12:45,2.7631058
2022-10-30 13:00,2.7631058
2022-10-30 13:15,2.7593625
2022-10-30 13:30,2.7668502
2022-10-30 13:45,2.7705935
2022-10-30 14:00,2.7705935
2022-10-30 14:15,2.7593625
2022-10-30 14:30,2.7593625
2022-10-30 14:45,2.7593625
2022-10-30 15:00,2.7556181
2022-10-30 15:15,2.7631058
2022-10-30 15:30,2.7668502
2022-10-30 15:45,2.7705935
2022-10-30 16:00,2.7556181
2022-10-30 16:15,2.7556181
2022-10-30 16:30,2.7631058
2022-10-30 16:45,2.7556181
2022-10-30 17:00,2.7556181
2022-10-30 17:15,2.7556181
2022-10-30 17:30,2.7556181
2022-10-30 17:45,2.7668502
2022-10-30 18:00,2.7705935
2022-10-30 18:15,2.7743379
2022-10-30 18:30,2.7668502
2022-10-30 18:45,2.7780823
2022-10-30 19:00,2.7780823
2022-10-30 19:15,2.7705935
2022-10-30 19:30,2.7893144
2022-10-30 19:45,2.7818267
2022-10-30 20:00,2.7893144
2022-10-30 20:15,2.7855711
2022-10-30 20:30,2.7930588
2022-10-30 20:45,2.7855711
2022-10-30 21:00,2.7930588
2022-10-30 21:15,2.7893144
2022-10-30 21:30,2.7893144
2022-10-30 21:45,2.7930588
2022-10-30 22:00,2.8042909
2022-10-30 22:15,2.7893144
2022-10-30 22:30,2.7818267
2022-10-30 22:45,2.7855711
2022-10-30 23:00,2.7855711
2022-10-30 23:15,2.8005465
2022-10-30 23:30,2.8267551
2022-10-30 23:45,2.8230107
2022-10-31 0:00,2.8042909
2022-10-31 0:15,2.7893144
2022-10-31 0:30,2.7930588
2022-10-31 0:45,2.7818267
2022-10-31 1:00,2.7930588
2022-10-31 1:15,2.8042909
2022-10-31 1:30,2.8117786
2022-10-31 1:45,2.8304995
2022-10-31 2:00,2.7930588
2022-10-31 2:15,2.8230107
2022-10-31 2:30,2.8230107
2022-10-31 2:45,2.7855711
2022-10-31 3:00,2.8230107
2022-10-31 3:15,2.8080342
2022-10-31 3:30,2.7893144
2022-10-31 3:45,2.8005465
2022-10-31 4:00,2.8267551
2022-10-31 4:15,2.8042909
2022-10-31 4:30,2.7893144
2022-10-31 4:45,2.8304995
2022-10-31 5:00,2.815523
2022-10-31 5:15,2.7893144
2022-10-31 5:30,2.8005465
2022-10-31 5:45,2.8230107
2022-10-31 6:00,2.7930588
2022-10-31 6:15,2.8005465
2022-10-31 6:30,2.7893144
2022-10-31 6:45,2.8192674
2022-10-31 7:00,2.8117786
2022-10-31 7:15,2.815523
2022-10-31 7:30,2.7855711
2022-10-31 7:45,2.7818267
2022-10-31 8:00,2.7780823
2022-10-31 8:15,2.7968032
2022-10-31 8:30,2.8080342
2022-10-31 8:45,2.7930588
2022-10-31 9:00,2.7556181
2022-10-31 9:15,2.7556181
2022-10-31 9:30,2.7631058
2022-10-31 9:45,2.7518748
2022-10-31 10:00,2.7593625
2022-10-31 10:15,2.744386
2022-10-31 10:30,2.7518748
2022-10-31 10:45,2.7556181
2022-10-31 11:00,2.7518748
2022-10-31 11:15,2.7481304
2022-10-31 11:30,2.7406416
2022-10-31 11:45,2.7481304
2022-10-31 12:00,2.7518748
2022-10-31 12:15,2.7893144
2022-10-31 12:30,2.7593625
2022-10-31 12:45,2.7556181
2022-10-31 13:00,2.7743379
2022-10-31 13:15,2.7556181
2022-10-31 13:30,2.7780823
2022-10-31 13:45,2.7818267
2022-10-31 14:00,2.7743379
2022-10-31 14:15,2.7818267
2022-10-31 14:30,2.7818267
2022-10-31 14:45,2.7818267
2022-10-31 15:00,2.7893144
2022-10-31 15:15,2.7968032
2022-10-31 15:30,2.7743379
2022-10-31 15:45,2.7818267
2022-10-31 16:00,2.7780823
2022-10-31 16:15,2.7930588
2022-10-31 16:30,2.7818267
2022-10-31 16:45,2.7968032
2022-10-31 17:00,2.7930588
2022-10-31 17:15,2.7930588
2022-10-31 17:30,2.7855711
2022-10-31 17:45,2.7855711
2022-10-31 18:00,2.7930588
2022-10-31 18:15,2.7855711
2022-10-31 18:30,2.7855711
2022-10-31 18:45,2.7818267
2022-10-31 19:00,2.7893144
2022-10-31 19:15,2.7968032
2022-10-31 19:30,2.7930588
2022-10-31 19:45,2.7930588
2022-10-31 20:00,2.7968032
2022-10-31 20:15,2.7893144
2022-10-31 20:30,2.7968032
2022-10-31 20:45,2.8005465
2022-10-31 21:00,2.7968032
2022-10-31 21:15,2.8042909
2022-10-31 21:30,2.7930588
2022-10-31 21:45,2.7893144
2022-10-31 22:00,2.7930588
2022-10-31 22:15,2.8080342
2022-10-31 22:30,2.7968032
2022-10-31 22:45,2.7968032
2022-10-31 23:00,2.8005465
2022-10-31 23:15,2.7968032
2022-10-31 23:30,2.7930588
2022-10-31 23:45,2.7968032
2022-11-01 0:00,2.7968032
2022-11-01 0:15,2.7855711
2022-11-01 0:30,2.7855711
2022-11-01 0:45,2.7930588
2022-11-01 1:00,2.7893144
2022-11-01 1:15,2.7893144
2022-11-01 1:30,2.7855711
2022-11-01 1:45,2.815523
2022-11-01 2:00,2.8192674
2022-11-01 2:15,2.8042909
2022-11-01 2:30,2.815523
2022-11-01 2:45,2.7818267
2022-11-01 3:00,2.8117786
2022-11-01 3:15,2.7780823
2022-11-01 3:30,2.7780823
2022-11-01 3:45,2.7968032
2022-11-01 4:00,2.7930588
2022-11-01 4:15,2.7855711
2022-11-01 4:30,2.7818267
2022-11-01 4:45,2.7743379
2022-11-01 5:00,2.8042909
2022-11-01 5:15,2.7705935
2022-11-01 5:30,2.8005465
2022-11-01 5:45,2.7968032
2022-11-01 6:00,2.7668502
2022-11-01 6:15,2.7968032
2022-11-01 6:30,2.7668502
2022-11-01 6:45,2.7855711
2022-11-01 7:00,2.7855711
2022-11-01 7:15,2.7930588
2022-11-01 7:30,2.7631058
2022-11-01 7:45,2.7780823
2022-11-01 8:00,2.7705935
2022-11-01 8:15,2.7893144
2022-11-01 8:30,2.7668502
2022-11-01 8:45,2.7518748
2022-11-01 9:00,2.7743379
2022-11-01 9:15,2.7968032
2022-11-01 9:30,2.7518748
2022-11-01 9:45,2.7556181
2022-11-01 10:00,2.8304995
2022-11-01 10:15,2.7406416
2022-11-01 10:30,2.7518748
2022-11-01 10:45,2.7518748
2022-11-01 11:00,2.7518748
2022-11-01 11:15,2.744386
2022-11-01 11:30,2.7481304
2022-11-01 11:45,2.7481304
2022-11-01 12:00,2.7518748
2022-11-01 12:15,2.7518748
2022-11-01 12:30,2.7631058
2022-11-01 12:45,2.7556181
2022-11-01 13:00,2.7556181
2022-11-01 13:15,2.7481304
2022-11-01 13:30,2.7631058
2022-11-01 13:45,2.7855711
2022-11-01 14:00,2.7481304
2022-11-01 14:15,2.7668502
2022-11-01 14:30,2.7518748
2022-11-01 14:45,2.7556181
2022-11-01 15:00,2.7556181
2022-11-01 15:15,2.7518748
2022-11-01 15:30,2.7631058
2022-11-01 15:45,2.7668502
2022-11-01 16:00,2.7556181
2022-11-01 16:15,2.7668502
2022-11-01 16:30,2.7593625
2022-11-01 16:45,2.7705935
2022-11-01 17:00,2.815523
2022-11-01 17:15,2.7668502
2022-11-01 17:30,2.7705935
2022-11-01 17:45,2.7705935
2022-11-01 18:00,2.7705935
2022-11-01 18:15,2.7743379
2022-11-01 18:30,2.7780823
2022-11-01 18:45,2.7743379
2022-11-01 19:00,2.7743379
2022-11-01 19:15,2.7743379
2022-11-01 19:30,2.7743379
2022-11-01 19:45,2.7818267
2022-11-01 20:00,2.7855711
2022-11-01 20:15,2.8042909
2022-11-01 20:30,2.815523
2022-11-01 20:45,2.7780823
2022-11-01 21:00,2.8005465
2022-11-01 21:15,2.7855711
2022-11-01 21:30,2.7855711
2022-11-01 21:45,2.7893144
2022-11-01 22:00,2.8117786
2022-11-01 22:15,2.7818267
2022-11-01 22:30,2.7893144
2022-11-01 22:45,2.7780823
2022-11-01 23:00,2.8342428
2022-11-01 23:15,2.7930588
2022-11-01 23:30,2.8192674
2022-11-01 23:45,2.8230107
2022-11-02 0:00,2.8005465
2022-11-02 0:15,2.7893144
2022-11-02 0:30,2.7930588
2022-11-02 0:45,2.7893144
2022-11-02 1:00,2.815523
2022-11-02 1:15,2.8042909
2022-11-02 1:30,2.8005465
2022-11-02 1:45,2.8267551
2022-11-02 2:00,2.8267551
2022-11-02 2:15,2.8080342
2022-11-02 2:30,2.8117786
2022-11-02 2:45,2.8342428
2022-11-02 3:00,2.8230107
2022-11-02 3:15,2.8230107
2022-11-02 3:30,2.856707
2022-11-02 3:45,2.8417316
2022-11-02 4:00,2.8042909
2022-11-02 4:15,2.8267551
2022-11-02 4:30,2.8304995
2022-11-02 4:45,2.8192674
2022-11-02 5:00,2.8641958
2022-11-02 5:15,2.8641958
2022-11-02 5:30,2.8379872
2022-11-02 5:45,2.8454749
2022-11-02 6:00,2.8267551
2022-11-02 6:15,2.8679402
2022-11-02 6:30,2.8492193
2022-11-02 6:45,2.8679402
2022-11-02 7:00,2.8454749
2022-11-02 7:15,2.8716835
2022-11-02 7:30,2.8604514
2022-11-02 7:45,2.8417316
2022-11-02 8:00,2.8379872
2022-11-02 8:15,2.8267551
2022-11-02 8:30,2.8342428
2022-11-02 8:45,2.88666
2022-11-02 9:00,2.8304995
2022-11-02 9:15,2.8342428
2022-11-02 9:30,2.8492193
2022-11-02 9:45,2.8304995
2022-11-02 10:00,2.8267551
2022-11-02 10:15,2.8417316
2022-11-02 10:30,2.8342428
2022-11-02 10:45,2.8529626
2022-11-02 11:00,2.9053798
2022-11-02 11:15,2.8604514
2022-11-02 11:30,2.8417316
2022-11-02 11:45,2.8679402
2022-11-02 12:00,2.8304995
2022-11-02 12:15,2.8379872
2022-11-02 12:30,2.8417316
2022-11-02 12:45,2.8417316
2022-11-02 13:00,2.8529626
2022-11-02 13:15,2.8454749
2022-11-02 13:30,2.8791712
2022-11-02 13:45,2.8641958
2022-11-02 14:00,2.8791712
2022-11-02 14:15,2.8716835
2022-11-02 14:30,2.8754279
2022-11-02 14:45,2.8941477
2022-11-02 15:00,2.8941477
2022-11-02 15:15,2.88666
2022-11-02 15:30,2.8829156
2022-11-02 15:45,2.9053798
2022-11-02 16:00,2.8829156
2022-11-02 16:15,2.927844
2022-11-02 16:30,2.8829156
2022-11-02 16:45,2.8904033
2022-11-02 17:00,2.9203563
2022-11-02 17:15,2.9053798
2022-11-02 17:30,2.8978921
2022-11-02 17:45,2.8978921
2022-11-02 18:00,2.9353317
2022-11-02 18:15,2.8978921
2022-11-02 18:30,2.9203563
2022-11-02 18:45,2.9128686
2022-11-02 19:00,2.8941477
2022-11-02 19:15,2.8941477
2022-11-02 19:30,2.9390761
2022-11-02 19:45,2.9128686
2022-11-02 20:00,2.8978921
2022-11-02 20:15,2.9091242
2022-11-02 20:30,2.9390761
2022-11-02 20:45,2.9016365
2022-11-02 21:00,2.9240996
2022-11-02 21:15,2.9016365
2022-11-02 21:30,2.8978921
2022-11-02 21:45,2.9315884
2022-11-02 22:00,2.9016365
2022-11-02 22:15,2.9128686
2022-11-02 22:30,2.9128686
2022-11-02 22:45,2.9053798
2022-11-02 23:00,2.927844
2022-11-02 23:15,2.9091242
2022-11-02 23:30,2.9016365
2022-11-02 23:45,2.9315884
2022-11-03 0:00,2.9390761
2022-11-03 0:15,2.9240996
2022-11-03 0:30,2.9390761
2022-11-03 0:45,2.9128686
2022-11-03 1:00,2.9053798
2022-11-03 1:15,2.9016365
2022-11-03 1:30,2.9240996
2022-11-03 1:45,2.9053798
2022-11-03 2:00,2.9128686
2022-11-03 2:15,2.9053798
2022-11-03 2:30,2.9128686
2022-11-03 2:45,2.9128686
2022-11-03 3:00,2.927844
2022-11-03 3:15,2.9428205
2022-11-03 3:30,2.9203563
2022-11-03 3:45,2.9128686
2022-11-03 4:00,2.9053798
2022-11-03 4:15,2.9353317
2022-11-03 4:30,2.9240996
2022-11-03 4:45,2.9315884
2022-11-03 5:00,2.9390761
2022-11-03 5:15,2.9390761
2022-11-03 5:30,2.9615403
2022-11-03 5:45,2.9091242
2022-11-03 6:00,2.9128686
2022-11-03 6:15,2.9353317
2022-11-03 6:30,2.9053798
2022-11-03 6:45,2.9353317
2022-11-03 7:00,2.9166119
2022-11-03 7:15,2.9240996
2022-11-03 7:30,2.9390761
2022-11-03 7:45,2.9091242
2022-11-03 8:00,2.9428205
2022-11-03 8:15,2.9428205
2022-11-03 8:30,2.9353317
2022-11-03 8:45,2.927844
2022-11-03 9:00,2.9353317
2022-11-03 9:15,2.9166119
2022-11-03 9:30,2.9540526
2022-11-03 9:45,2.927844
2022-11-03 10:00,2.9091242
2022-11-03 10:15,2.9353317
2022-11-03 10:30,2.9315884
2022-11-03 10:45,2.9240996
2022-11-03 11:00,2.9053798
2022-11-03 11:15,2.9053798
2022-11-03 11:30,2.9053798
2022-11-03 11:45,2.9166119
2022-11-03 12:00,2.9465649
2022-11-03 12:15,2.9091242
2022-11-03 12:30,2.9315884
2022-11-03 12:45,2.9053798
2022-11-03 13:00,2.927844
2022-11-03 13:15,2.9765168
2022-11-03 13:30,2.9390761
2022-11-03 13:45,3.0064687
2022-11-03 14:00,2.9390761
2022-11-03 14:15,2.9203563
2022-11-03 14:30,2.9240996
2022-11-03 14:45,2.9091242
2022-11-03 15:00,2.9390761
2022-11-03 15:15,2.9053798
2022-11-03 15:30,2.8978921
2022-11-03 15:45,2.8978921
2022-11-03 16:00,2.9016365
2022-11-03 16:15,2.9315884
2022-11-03 16:30,2.9053798
2022-11-03 16:45,2.9128686
2022-11-03 17:00,2.9091242
2022-11-03 17:15,2.9053798
2022-11-03 17:30,2.9016365
2022-11-03 17:45,2.9240996
2022-11-03 18:00,2.9390761
2022-11-03 18:15,2.9053798
2022-11-03 18:30,2.9166119
2022-11-03 18:45,2.9091242
2022-11-03 19:00,2.9053798
2022-11-03 19:15,2.9053798
2022-11-03 19:30,2.9128686
2022-11-03 19:45,2.9390761
2022-11-03 20:00,2.927844
2022-11-03 20:15,2.9503082
2022-11-03 20:30,2.9091242
2022-11-03 20:45,2.9240996
2022-11-03 21:00,2.9390761
2022-11-03 21:15,2.9428205
2022-11-03 21:30,2.9203563
2022-11-03 21:45,2.9390761
2022-11-03 22:00,2.9465649
2022-11-03 22:15,2.9952366
2022-11-03 22:30,3.0027254
2022-11-03 22:45,2.9914933
2022-11-03 23:00,2.998981
2022-11-03 23:15,2.998981
2022-11-03 23:30,2.9952366
2022-11-03 23:45,2.9914933
2022-11-04 0:00,3.0064687
2022-11-04 0:15,2.998981
2022-11-04 0:30,3.0102131
2022-11-04 0:45,3.0102131
2022-11-04 1:00,3.0102131
2022-11-04 1:15,3.0027254
2022-11-04 1:30,3.0139564
2022-11-04 1:45,3.0102131
2022-11-04 2:00,3.0140301
2022-11-04 2:15,3.0102252
2022-11-04 2:30,3.0102131
2022-11-04 2:45,3.0064687
2022-11-04 3:00,3.0214452
2022-11-04 3:15,3.0067514
2022-11-04 3:30,3.002831
2022-11-04 3:45,3.0064852
2022-11-04 4:00,3.017703
2022-11-04 4:15,3.0139564
2022-11-04 4:30,3.0102857
2022-11-04 4:45,3.0142512
2022-11-04 5:00,3.0104661
2022-11-04 5:15,3.0255493
2022-11-04 5:30,3.0179054
2022-11-04 5:45,3.0184851
2022-11-04 6:00,3.0189141
2022-11-04 6:15,3.0265008
2022-11-04 6:30,3.0185522
2022-11-04 6:45,3.0188624
2022-11-04 7:00,3.0265767
2022-11-04 7:15,3.0190296
2022-11-04 7:30,3.0340809
2022-11-04 7:45,3.0229808
2022-11-04 8:00,3.019573
2022-11-04 8:15,3.0304443
2022-11-04 8:30,3.027581
2022-11-04 8:45,3.0314299
2022-11-04 9:00,3.0242205
2022-11-04 9:15,3.0317577
2022-11-04 9:30,3.0392575
2022-11-04 9:45,3.02053
2022-11-04 10:00,3.0317665
2022-11-04 10:15,3.028021
2022-11-04 10:30,3.028021
2022-11-04 10:45,3.028021
2022-11-04 11:00,3.0692193
2022-11-04 11:15,3.043003
2022-11-04 11:30,3.0467485
2022-11-04 11:45,3.0467485
2022-11-04 12:00,3.0392575
2022-11-04 12:15,3.043003
2022-11-04 12:30,3.091546
2022-11-04 12:45,3.0462128
2022-11-04 13:00,3.0425586
2022-11-04 13:15,3.0386525
2022-11-04 13:30,3.0832872
2022-11-04 13:45,3.0792062
2022-11-04 14:00,3.0822026
2022-11-04 14:15,3.0673515
2022-11-04 14:30,3.0863793
2022-11-04 14:45,3.0788531
2022-11-04 15:00,3.0820673
2022-11-04 15:15,3.08147
2022-11-04 15:30,3.0933511
2022-11-04 15:45,3.0742177
2022-11-04 16:00,3.0742551
2022-11-04 16:15,3.081976
2022-11-04 16:30,3.077763
2022-11-04 16:45,3.0851792
2022-11-04 17:00,3.0852001
2022-11-04 17:15,3.0813666
2022-11-04 17:30,3.0663758
2022-11-04 17:45,3.0739207
2022-11-04 18:00,3.0820475
2022-11-04 18:15,3.0778565
2022-11-04 18:30,3.0891964
2022-11-04 18:45,3.096562
2022-11-04 19:00,3.0891755
2022-11-04 19:15,3.0858315
2022-11-04 19:30,3.0901094
2022-11-04 19:45,3.082735
2022-11-04 20:00,3.0932895
2022-11-04 20:15,3.0862396
2022-11-04 20:30,3.0897728
2022-11-04 20:45,3.0897805
2022-11-04 21:00,3.086717
2022-11-04 21:15,3.087025
2022-11-04 21:30,3.087564
2022-11-04 21:45,3.0947041
2022-11-04 22:00,3.0833125
2022-11-04 22:15,3.0829396
2022-11-04 22:30,3.0859327
2022-11-04 22:45,3.0825469
2022-11-04 23:00,3.0871669
2022-11-04 23:15,3.0834313
2022-11-04 23:30,3.0901611
2022-11-04 23:45,3.0875079
2022-11-05 0:00,3.0838251
2022-11-05 0:15,3.0794493
2022-11-05 0:30,3.0799289
2022-11-05 0:45,3.0878588
2022-11-05 1:00,3.0874617
2022-11-05 1:15,3.091612
2022-11-05 1:30,3.0952189
2022-11-05 1:45,3.091656
2022-11-05 2:00,3.0916868
2022-11-05 2:15,3.0954367
2022-11-05 2:30,3.0916912
2022-11-05 2:45,3.0916912
2022-11-05 3:00,3.0991822
2022-11-05 3:15,3.0916912
2022-11-05 3:30,3.0916912
2022-11-05 3:45,3.1029277
2022-11-05 4:00,3.0916912
2022-11-05 4:15,3.0954367
2022-11-05 4:30,3.0954367
2022-11-05 4:45,3.0954367
2022-11-05 5:00,3.0954367
2022-11-05 5:15,3.0918386
2022-11-05 5:30,3.0954631
2022-11-05 5:45,3.0954433
2022-11-05 6:00,3.0991855
2022-11-05 6:15,3.0995881
2022-11-05 6:30,3.0957095
2022-11-05 6:45,3.0917385
2022-11-05 7:00,3.0804657
2022-11-05 7:15,3.0842046
2022-11-05 7:30,3.087949
2022-11-05 7:45,3.0618647
2022-11-05 8:00,3.0730484
2022-11-05 8:15,3.0658489
2022-11-05 8:30,3.0620209
2022-11-05 8:45,3.0692699
2022-11-05 9:00,3.0654837
2022-11-05 9:15,3.0617327
2022-11-05 9:30,3.0579861
2022-11-05 9:45,3.0542417
2022-11-05 10:00,3.0430052
2022-11-05 10:15,3.0430052
2022-11-05 10:30,3.0504962
2022-11-05 10:45,3.0465296
2022-11-05 11:00,3.0504577
2022-11-05 11:15,3.046567
2022-11-05 11:30,3.05012
2022-11-05 11:45,3.0461919
2022-11-05 12:00,3.0458597
2022-11-05 12:15,3.041727
2022-11-05 12:30,3.0419239
2022-11-05 12:45,3.0527138
2022-11-05 13:00,3.0410868
2022-11-05 13:15,3.0478991
2022-11-05 13:30,3.0403377
2022-11-05 13:45,3.0516666
2022-11-05 14:00,3.0631077
2022-11-05 14:15,3.0777597
2022-11-05 14:30,3.0551668
2022-11-05 14:45,3.0364239
2022-11-05 15:00,3.0665067
2022-11-05 15:15,3.0476736
2022-11-05 15:30,3.055521
2022-11-05 15:45,3.0289956
2022-11-05 16:00,3.0702027
2022-11-05 16:15,3.058898
2022-11-05 16:30,3.0776068
2022-11-05 16:45,3.0588859
2022-11-05 17:00,3.0476538
2022-11-05 17:15,3.0513971
2022-11-05 17:30,3.0663736
2022-11-05 17:45,3.0663736
2022-11-05 18:00,3.0776057
2022-11-05 18:15,3.070118
2022-11-05 18:30,3.0663736
2022-11-05 18:45,3.070118
2022-11-05 19:00,3.0702335
2022-11-05 19:15,3.0701356
2022-11-05 19:30,3.0701202
2022-11-05 19:45,3.070118
2022-11-05 20:00,3.0663736
2022-11-05 20:15,3.0702632
2022-11-05 20:30,3.0813677
2022-11-05 20:45,3.0702643
2022-11-05 21:00,3.0777234
2022-11-05 21:15,3.070547
2022-11-05 21:30,3.0777707
2022-11-05 21:45,3.0702368
2022-11-05 22:00,3.0821113
2022-11-05 22:15,3.0779841
2022-11-05 22:30,3.074298
2022-11-05 22:45,3.0703358
2022-11-05 23:00,3.0741825
2022-11-05 23:15,3.0739141
2022-11-05 23:30,3.0813578
2022-11-05 23:45,3.0779841
2022-11-06 0:00,3.0741352
2022-11-06 0:15,3.0705426
2022-11-06 0:30,3.0788476
2022-11-06 0:45,3.0711509
2022-11-06 1:00,3.0747534
2022-11-06 1:15,3.0708275
2022-11-06 1:30,3.0745224
2022-11-06 1:45,3.0710772
2022-11-06 2:00,3.0750746
2022-11-06 2:15,3.0747259
2022-11-06 2:30,3.0753749
2022-11-06 2:45,3.0755663
2022-11-06 3:00,3.0753199
2022-11-06 3:15,3.071262
2022-11-06 3:30,3.0830826
2022-11-06 3:45,3.0750273
2022-11-06 4:00,3.0714688
2022-11-06 4:15,3.0791776
2022-11-06 4:30,3.0751362
2022-11-06 4:45,3.0829561
2022-11-06 5:00,3.0748117
2022-11-06 5:15,3.0718362
2022-11-06 5:30,3.0678982
2022-11-06 5:45,3.0678696
2022-11-06 6:00,3.0673867
2022-11-06 6:15,3.0717515
2022-11-06 6:30,3.075079
2022-11-06 6:45,3.0716745
2022-11-06 7:00,3.0722047
2022-11-06 7:15,3.0726623
2022-11-06 7:30,3.0718571
2022-11-06 7:45,3.0681259
2022-11-06 8:00,3.0688101
2022-11-06 8:15,3.0684229
2022-11-06 8:30,3.0724412
2022-11-06 8:45,3.0759788
2022-11-06 9:00,3.0645839
2022-11-06 9:15,3.0608626
2022-11-06 9:30,3.0119049
2022-11-06 9:45,2.9958196
2022-11-06 10:00,2.9882714
2022-11-06 10:15,3.0106938
2022-11-06 10:30,2.9581578
2022-11-06 10:45,2.9765773
2022-11-06 11:00,2.9615491
2022-11-06 11:15,2.969028
2022-11-06 11:30,2.9802612
2022-11-06 11:45,2.9540526
2022-11-06 12:00,2.9540526
2022-11-06 12:15,2.9727724
2022-11-06 12:30,2.998981
2022-11-06 12:45,2.9952366
2022-11-06 13:00,3.0064687
2022-11-06 13:15,2.9914933
2022-11-06 13:30,2.9877489
2022-11-06 13:45,2.9952366
2022-11-06 14:00,2.9952366
2022-11-06 14:15,2.9877489
2022-11-06 14:30,2.9877489
2022-11-06 14:45,3.0064687
2022-11-06 15:00,2.9914933
2022-11-06 15:15,2.9840045
2022-11-06 15:30,3.0177008
2022-11-06 15:45,3.0064687
2022-11-06 16:00,2.9914933
2022-11-06 16:15,2.9877489
2022-11-06 16:30,2.998981
2022-11-06 16:45,2.9877489
2022-11-06 17:00,2.9952366
2022-11-06 17:15,3.028934
2022-11-06 17:30,3.0214452
2022-11-06 17:45,3.0064687
2022-11-06 18:00,3.0027254
2022-11-06 18:15,3.0214452
2022-11-06 18:30,3.0102131
2022-11-06 18:45,3.0214452
2022-11-06 19:00,3.0214452
2022-11-06 19:15,3.0214452
2022-11-06 19:30,3.0214452
2022-11-06 19:45,3.0177008
2022-11-06 20:00,3.0214452
2022-11-06 20:15,3.0214452
2022-11-06 20:30,3.0139564
2022-11-06 20:45,3.0214452
2022-11-06 21:00,3.0251896
2022-11-06 21:15,3.0214452
2022-11-06 21:30,3.0251896
2022-11-06 21:45,3.0251896
2022-11-06 22:00,3.0251896
2022-11-06 22:15,3.028934
2022-11-06 22:30,3.028934
2022-11-06 22:45,3.028934
2022-11-06 23:00,3.0364217
2022-11-06 23:15,3.028934
2022-11-06 23:30,3.0364217
2022-11-06 23:45,3.0326773
2022-11-07 0:00,3.0326773
2022-11-07 0:15,3.0326773
2022-11-07 0:30,3.0326773
2022-11-07 0:45,3.0364217
2022-11-07 1:00,3.0364217
2022-11-07 1:15,3.028934
2022-11-07 1:30,3.028934
2022-11-07 1:45,3.0326773
2022-11-07 2:00,3.0326773
2022-11-07 2:15,3.0326773
2022-11-07 2:30,3.0364217
2022-11-07 2:45,3.040165
2022-11-07 3:00,3.0364217
2022-11-07 3:15,3.0326773
2022-11-07 3:30,3.0364217
2022-11-07 3:45,3.040165
2022-11-07 4:00,3.0364217
2022-11-07 4:15,3.0439094
2022-11-07 4:30,3.028934
2022-11-07 4:45,3.0364217
2022-11-07 5:00,3.0364217
2022-11-07 5:15,3.0364217
2022-11-07 5:30,3.0364217
2022-11-07 5:45,3.0364217
2022-11-07 6:00,3.0364217
2022-11-07 6:15,3.0329611
2022-11-07 6:30,3.0364679
2022-11-07 6:45,3.0364283
2022-11-07 7:00,3.0326773
2022-11-07 7:15,3.0439094
2022-11-07 7:30,3.0364217
2022-11-07 7:45,3.0439094
2022-11-07 8:00,3.040165
2022-11-07 8:15,3.0364217
2022-11-07 8:30,3.0139564
2022-11-07 8:45,3.0214452
2022-11-07 9:00,3.040165
2022-11-07 9:15,2.998981
2022-11-07 9:30,2.9914933
2022-11-07 9:45,2.957797
2022-11-07 10:00,2.969028
2022-11-07 10:15,2.9727724
2022-11-07 10:30,2.9914933
2022-11-07 10:45,2.9503082
2022-11-07 11:00,2.9615403
2022-11-07 11:15,2.9802612
2022-11-07 11:30,2.9390761
2022-11-07 11:45,2.9765168
2022-11-07 12:00,2.9615403
2022-11-07 12:15,2.9615403
2022-11-07 12:30,2.9540526
2022-11-07 12:45,3.0064687
2022-11-07 13:00,3.0027254
2022-11-07 13:15,3.0251896
2022-11-07 13:30,2.9840045
2022-11-07 13:45,3.0064687
2022-11-07 14:00,3.0027254
2022-11-07 14:15,3.0177008
2022-11-07 14:30,3.0214452
2022-11-07 14:45,3.0064687
2022-11-07 15:00,3.0214452
2022-11-07 15:15,3.0364217
2022-11-07 15:30,3.0251896
2022-11-07 15:45,3.0326773
2022-11-07 16:00,3.0251896
2022-11-07 16:15,3.0588859
2022-11-07 16:30,3.040165
2022-11-07 16:45,3.028934
2022-11-07 17:00,3.040165
2022-11-07 17:15,3.0326773
2022-11-07 17:30,3.028934
2022-11-07 17:45,3.0326773
2022-11-07 18:00,3.0326773
2022-11-07 18:15,3.0326773
2022-11-07 18:30,3.0551415
2022-11-07 18:45,3.0513971
2022-11-07 19:00,3.0513971
2022-11-07 19:15,3.028934
2022-11-07 19:30,3.040165
2022-11-07 19:45,3.0551415
2022-11-07 20:00,3.0513971
2022-11-07 20:15,3.0588859
2022-11-07 20:30,3.040165
2022-11-07 20:45,3.0214452
2022-11-07 21:00,3.028934
2022-11-07 21:15,3.0439094
2022-11-07 21:30,3.0439094
2022-11-07 21:45,3.0439094
2022-11-07 22:00,3.0251896
2022-11-07 22:15,3.0588859
2022-11-07 22:30,3.040165
2022-11-07 22:45,3.0439094
2022-11-07 23:00,3.0326773
2022-11-07 23:15,3.0251896
2022-11-07 23:30,3.0551415
2022-11-07 23:45,3.0439094
2022-11-08 0:00,3.028934
2022-11-08 0:15,3.0551415
2022-11-08 0:30,3.0326773
2022-11-08 0:45,3.0214452
2022-11-08 1:00,3.040165
2022-11-08 1:15,3.0439094
2022-11-08 1:30,3.0588859
2022-11-08 1:45,3.0364217
2022-11-08 2:00,3.070118
2022-11-08 2:15,3.0364217
2022-11-08 2:30,3.0551415
2022-11-08 2:45,3.070118
2022-11-08 3:00,3.0513971
2022-11-08 3:15,3.0476538
2022-11-08 3:30,3.0738624
2022-11-08 3:45,3.0776057
2022-11-08 4:00,3.0588859
2022-11-08 4:15,3.0364217
2022-11-08 4:30,3.028934
2022-11-08 4:45,3.0626303
2022-11-08 5:00,3.0364217
2022-11-08 5:15,3.028934
2022-11-08 5:30,3.0513971
2022-11-08 5:45,3.0326773
2022-11-08 6:00,3.0513971
2022-11-08 6:15,3.0439094
2022-11-08 6:30,3.0738624
2022-11-08 6:45,3.070118
2022-11-08 7:00,3.1337662
2022-11-08 7:15,3.1449994
2022-11-08 7:30,3.1899278
2022-11-08 7:45,3.1449994
2022-11-08 8:00,3.1487427
2022-11-08 8:15,3.1487427
2022-11-08 8:30,3.182439
2022-11-08 8:45,3.1337662
2022-11-08 9:00,3.1075587
2022-11-08 9:15,3.1524871
2022-11-08 9:30,3.141255
2022-11-08 9:45,3.1075587
2022-11-08 10:00,3.1000699
2022-11-08 10:15,3.1113031
2022-11-08 10:30,3.1337662
2022-11-08 10:45,3.1262785
2022-11-08 11:00,3.1113031
2022-11-08 11:15,3.0850934
2022-11-08 11:30,3.0963255
2022-11-08 11:45,3.0925822
2022-11-08 12:00,3.1113031
2022-11-08 12:15,3.1225341
2022-11-08 12:30,3.0888378
2022-11-08 12:45,3.1000699
2022-11-08 13:00,3.0813501
2022-11-08 13:15,3.0813501
2022-11-08 13:30,3.1375106
2022-11-08 13:45,3.1225341
2022-11-08 14:00,3.0925822
2022-11-08 14:15,3.1225341
2022-11-08 14:30,3.1300218
2022-11-08 14:45,3.0925822
2022-11-08 15:00,3.1262785
2022-11-08 15:15,3.0963255
2022-11-08 15:30,3.1337662
2022-11-08 15:45,3.1337662
2022-11-08 16:00,3.1262785
2022-11-08 16:15,3.1150464
2022-11-08 16:30,3.1113031
2022-11-08 16:45,3.1375106
2022-11-08 17:00,3.1000699
2022-11-08 17:15,3.1337662
2022-11-08 17:30,3.1375106
2022-11-08 17:45,3.141255
2022-11-08 18:00,3.1000699
2022-11-08 18:15,3.1187908
2022-11-08 18:30,3.1262785
2022-11-08 18:45,3.1449994
2022-11-08 19:00,3.1487427
2022-11-08 19:15,3.1337662
2022-11-08 19:30,3.1038143
2022-11-08 19:45,3.1225341
2022-11-08 20:00,3.1187908
2022-11-08 20:15,3.1075587
2022-11-08 20:30,3.1150464
2022-11-08 20:45,3.1187908
2022-11-08 21:00,3.1113031
2022-11-08 21:15,3.1262785
2022-11-08 21:30,3.1187908
2022-11-08 21:45,3.141255
2022-11-08 22:00,3.1150464
2022-11-08 22:15,3.1187908
2022-11-08 22:30,3.1113031
2022-11-08 22:45,3.1487427
2022-11-08 23:00,3.1187908
2022-11-08 23:15,3.1150464
2022-11-08 23:30,3.1562315
2022-11-08 23:45,3.1300218
2022-11-09 0:00,3.1637192
2022-11-09 0:15,3.1487427
2022-11-09 0:30,3.1187908
2022-11-09 0:45,3.1637192
2022-11-09 1:00,3.1375106
2022-11-09 1:15,3.1375106
2022-11-09 1:30,3.1524871
2022-11-09 1:45,3.1300218
2022-11-09 2:00,3.1187908
2022-11-09 2:15,3.1225341
2022-11-09 2:30,3.1262785
2022-11-09 2:45,3.141255
2022-11-09 3:00,3.1449994
2022-11-09 3:15,3.1487427
2022-11-09 3:30,3.141255
2022-11-09 3:45,3.1524871
2022-11-09 4:00,3.1449994
2022-11-09 4:15,3.1449994
2022-11-09 4:30,3.1487427
2022-11-09 4:45,3.1562315
2022-11-09 5:00,3.1524871
2022-11-09 5:15,3.1599748
2022-11-09 5:30,3.1562315
2022-11-09 5:45,3.1599748
2022-11-09 6:00,3.1674625
2022-11-09 6:15,3.1712069
2022-11-09 6:30,3.1712069
2022-11-09 6:45,3.1674625
2022-11-09 7:00,3.1749513
2022-11-09 7:15,3.1637192
2022-11-09 7:30,3.1674625
2022-11-09 7:45,3.1637192
2022-11-09 8:00,3.1637192
2022-11-09 8:15,3.1524871
2022-11-09 8:30,3.1786946
2022-11-09 8:45,3.1599748
2022-11-09 9:00,3.1861834
2022-11-09 9:15,3.1861834
2022-11-09 9:30,3.2049032
2022-11-09 9:45,3.1524871
2022-11-09 10:00,3.1524871
2022-11-09 10:15,3.2086476
2022-11-09 10:30,3.1936711
2022-11-09 10:45,3.1936711
2022-11-09 11:00,3.2610637
2022-11-09 11:15,3.1487427
2022-11-09 11:30,3.1637192
2022-11-09 11:45,3.1449994
2022-11-09 12:00,3.141255
2022-11-09 12:15,3.1449994
2022-11-09 12:30,3.1786946
2022-11-09 12:45,3.1861834
2022-11-09 13:00,3.1674625
2022-11-09 13:15,3.1786946
2022-11-09 13:30,3.1487427
2022-11-09 13:45,3.1786946
2022-11-09 14:00,3.1337662
2022-11-09 14:15,3.1562315
2022-11-09 14:30,3.1375106
2022-11-09 14:45,3.1786946
2022-11-09 15:00,3.1375106
2022-11-09 15:15,3.1562315
2022-11-09 15:30,3.1637192
2022-11-09 15:45,3.1637192
2022-11-09 16:00,3.182439
2022-11-09 16:15,3.1637192
2022-11-09 16:30,3.1449994
2022-11-09 16:45,3.1562315
2022-11-09 17:00,3.1712069
2022-11-09 17:15,3.141255
2022-11-09 17:30,3.1712069
2022-11-09 17:45,3.1524871
2022-11-09 18:00,3.1712069
2022-11-09 18:15,3.1449994
2022-11-09 18:30,3.1637192
2022-11-09 18:45,3.1712069
2022-11-09 19:00,3.1524871
2022-11-09 19:15,3.1599748
2022-11-09 19:30,3.1637192
2022-11-09 19:45,3.1712069
2022-11-09 20:00,3.1599748
2022-11-09 20:15,3.1524871
2022-11-09 20:30,3.1524871
2022-11-09 20:45,3.1562315
2022-11-09 21:00,3.1524871
2022-11-09 21:15,3.1562315
2022-11-09 21:30,3.1524871
2022-11-09 21:45,3.1487427
2022-11-09 22:00,3.1562315
2022-11-09 22:15,3.1599748
2022-11-09 22:30,3.141255
2022-11-09 22:45,3.1487427
2022-11-09 23:00,3.1712069
2022-11-09 23:15,3.1637192
2022-11-09 23:30,3.1599748
2022-11-09 23:45,3.1599748
2022-11-10 0:00,3.1599748
2022-11-10 0:15,3.1449994
2022-11-10 0:30,3.1674625
2022-11-10 0:45,3.1637192
2022-11-10 1:00,3.1487427
2022-11-10 1:15,3.1637192
2022-11-10 1:30,3.1524871
2022-11-10 1:45,3.1449994
2022-11-10 2:00,3.1599748
2022-11-10 2:15,3.1599748
2022-11-10 2:30,3.1562315
2022-11-10 2:45,3.141255
2022-11-10 3:00,3.1674625
2022-11-10 3:15,3.1786946
2022-11-10 3:30,3.1487427
2022-11-10 3:45,3.1524871
2022-11-10 4:00,3.1637192
2022-11-10 4:15,3.1674625
2022-11-10 4:30,3.1487427
2022-11-10 4:45,3.1599748
2022-11-10 5:00,3.1637192
2022-11-10 5:15,3.1562315
2022-11-10 5:30,3.1712069
2022-11-10 5:45,3.1786946
2022-11-10 6:00,3.182439
2022-11-10 6:15,3.1712069
2022-11-10 6:30,3.1712069
2022-11-10 6:45,3.1899278
2022-11-10 7:00,3.1712069
2022-11-10 7:15,3.1786946
2022-11-10 7:30,3.141255
2022-11-10 7:45,3.1749513
2022-11-10 8:00,3.1674625
2022-11-10 8:15,3.182439
2022-11-10 8:30,3.1786946
2022-11-10 8:45,3.1786946
2022-11-10 9:00,3.1637192
2022-11-10 9:15,3.1562315
2022-11-10 9:30,3.1712069
2022-11-10 9:45,3.1262785
2022-11-10 10:00,3.1449994
2022-11-10 10:15,3.141255
2022-11-10 10:30,3.1487427
2022-11-10 10:45,3.1562315
2022-11-10 11:00,3.1487427
2022-11-10 11:15,3.1300218
2022-11-10 11:30,3.1113031
2022-11-10 11:45,3.1113031
2022-11-10 12:00,3.0888378
2022-11-10 12:15,3.1150464
2022-11-10 12:30,3.1113031
2022-11-10 12:45,3.0776057
2022-11-10 13:00,3.0888378
2022-11-10 13:15,3.0814425
2022-11-10 13:30,3.0851088
2022-11-10 13:45,3.0888389
2022-11-10 14:00,3.0813501
2022-11-10 14:15,3.1000699
2022-11-10 14:30,3.0626303
2022-11-10 14:45,3.0663736
2022-11-10 15:00,3.1113031
2022-11-10 15:15,3.070118
2022-11-10 15:30,3.0813501
2022-11-10 15:45,3.1000699
2022-11-10 16:00,3.0925822
2022-11-10 16:15,3.0963255
2022-11-10 16:30,3.0850934
2022-11-10 16:45,3.0813501
2022-11-10 17:00,3.0738624
2022-11-10 17:15,3.0626303
2022-11-10 17:30,3.0963255
2022-11-10 17:45,3.070118
2022-11-10 18:00,3.0850934
2022-11-10 18:15,3.0663736
2022-11-10 18:30,3.0663736
2022-11-10 18:45,3.070118
2022-11-10 19:00,3.070118
2022-11-10 19:15,3.0813501
2022-11-10 19:30,3.0888378
2022-11-10 19:45,3.1038143
2022-11-10 20:00,3.0813501
2022-11-10 20:15,3.0776057
2022-11-10 20:30,3.0813501
2022-11-10 20:45,3.0663736
2022-11-10 21:00,3.1075587
2022-11-10 21:15,3.1000699
2022-11-10 21:30,3.0850934
2022-11-10 21:45,3.0850934
2022-11-10 22:00,3.0925822
2022-11-10 22:15,3.0850934
2022-11-10 22:30,3.0963255
2022-11-10 22:45,3.0850934
2022-11-10 23:00,3.0888378
2022-11-10 23:15,3.0813501
2022-11-10 23:30,3.1113031
2022-11-10 23:45,3.0963255
2022-11-11 0:00,3.0888378
2022-11-11 0:15,3.0813501
2022-11-11 0:30,3.0850934
2022-11-11 0:45,3.0925822
2022-11-11 1:00,3.0850934
2022-11-11 1:15,3.0738624
2022-11-11 1:30,3.0888378
2022-11-11 1:45,3.1000699
2022-11-11 2:00,3.1150464
2022-11-11 2:15,3.0738624
2022-11-11 2:30,3.0813501
2022-11-11 2:45,3.1187908
2022-11-11 3:00,3.0776057
2022-11-11 3:15,3.0738624
2022-11-11 3:30,3.0776057
2022-11-11 3:45,3.1113031
2022-11-11 4:00,3.0925822
2022-11-11 4:15,3.1187908
2022-11-11 4:30,3.1000699
2022-11-11 4:45,3.1075587
2022-11-11 5:00,3.1113031
2022-11-11 5:15,3.0776057
2022-11-11 5:30,3.0776057
2022-11-11 5:45,3.0888378
2022-11-11 6:00,3.0813501
2022-11-11 6:15,3.0963255
2022-11-11 6:30,3.0850934
2022-11-11 6:45,3.0963255
2022-11-11 7:00,3.1187908
2022-11-11 7:15,3.0963255
2022-11-11 7:30,3.1038143
2022-11-11 7:45,3.0888378
2022-11-11 8:00,3.0963255
2022-11-11 8:15,3.1225341
2022-11-11 8:30,3.1075587
2022-11-11 8:45,3.1187908
2022-11-11 9:00,3.0888378
2022-11-11 9:15,3.1000699
2022-11-11 9:30,3.0813501
2022-11-11 9:45,3.0813501
2022-11-11 10:00,3.0663736
2022-11-11 10:15,3.1075587
2022-11-11 10:30,3.0588859
2022-11-11 10:45,3.0813501
2022-11-11 11:00,3.0326773
2022-11-11 11:15,3.0214452
2022-11-11 11:30,3.0551415
2022-11-11 11:45,3.0251896
2022-11-11 12:00,3.0214452
2022-11-11 12:15,3.0214452
2022-11-11 12:30,3.0214452
2022-11-11 12:45,3.0251896
2022-11-11 13:00,3.0326773
2022-11-11 13:15,3.0776057
2022-11-11 13:30,3.0663736
2022-11-11 13:45,3.040165
2022-11-11 14:00,3.0813501
2022-11-11 14:15,3.0476538
2022-11-11 14:30,3.0588859
2022-11-11 14:45,3.0551415
2022-11-11 15:00,3.0663736
2022-11-11 15:15,3.0925822
2022-11-11 15:30,3.0513971
2022-11-11 15:45,3.0776057
2022-11-11 16:00,3.0513971
2022-11-11 16:15,3.0439094
2022-11-11 16:30,3.0738624
2022-11-11 16:45,3.0551415
2022-11-11 17:00,3.0551415
2022-11-11 17:15,3.0776057
2022-11-11 17:30,3.0738624
2022-11-11 17:45,3.0776057
2022-11-11 18:00,3.1187908
2022-11-11 18:15,3.1000699
2022-11-11 18:30,3.0888378
2022-11-11 18:45,3.0925822
2022-11-11 19:00,3.0738624
2022-11-11 19:15,3.0850934
2022-11-11 19:30,3.070118
2022-11-11 19:45,3.0776057
2022-11-11 20:00,3.1113031
2022-11-11 20:15,3.1075587
2022-11-11 20:30,3.0626303
2022-11-11 20:45,3.0963255
2022-11-11 21:00,3.0776057
2022-11-11 21:15,3.070118
2022-11-11 21:30,3.1113031
2022-11-11 21:45,3.0888378
2022-11-11 22:00,3.0776057
2022-11-11 22:15,3.0738624
2022-11-11 22:30,3.070118
2022-11-11 22:45,3.0813501
2022-11-11 23:00,3.0663736
2022-11-11 23:15,3.0888378
2022-11-11 23:30,3.1000699
2022-11-11 23:45,3.1038143
2022-11-12 0:00,3.070118
2022-11-12 0:15,3.0963255
2022-11-12 0:30,3.1113031
2022-11-12 0:45,3.1113031
2022-11-12 1:00,3.0963255
2022-11-12 1:15,3.070118
2022-11-12 1:30,3.1075587
2022-11-12 1:45,3.0776057
2022-11-12 2:00,3.070118
2022-11-12 2:15,3.1075587
2022-11-12 2:30,3.1000699
2022-11-12 2:45,3.0813501
2022-11-12 3:00,3.0776057
2022-11-12 3:15,3.1113031
2022-11-12 3:30,3.0813501
2022-11-12 3:45,3.0963255
2022-11-12 4:00,3.1000699
2022-11-12 4:15,3.0925822
2022-11-12 4:30,3.0963255
2022-11-12 4:45,3.1075587
2022-11-12 5:00,3.0776057
2022-11-12 5:15,3.0813501
2022-11-12 5:30,3.1038143
2022-11-12 5:45,3.0888378
2022-11-12 6:00,3.0776057
2022-11-12 6:15,3.0925822
2022-11-12 6:30,3.1075587
2022-11-12 6:45,3.0738624
2022-11-12 7:00,3.1075587
2022-11-12 7:15,3.1075587
2022-11-12 7:30,3.0888378
2022-11-12 7:45,3.1300218
2022-11-12 8:00,3.0963255
2022-11-12 8:15,3.0925822
2022-11-12 8:30,3.0963255
2022-11-12 8:45,3.1000699
2022-11-12 9:00,3.1000699
2022-11-12 9:15,3.1113031
2022-11-12 9:30,3.0776057
2022-11-12 9:45,3.0663736
2022-11-12 10:00,3.0551415
2022-11-12 10:15,3.0439094
2022-11-12 10:30,3.028934
2022-11-12 10:45,3.028934
2022-11-12 11:00,3.028934
2022-11-12 11:15,3.0364217
2022-11-12 11:30,3.0102131
2022-11-12 11:45,3.0214452
2022-11-12 12:00,3.0214452
2022-11-12 12:15,3.0177008
2022-11-12 12:30,3.0177008
2022-11-12 12:45,3.0214452
2022-11-12 13:00,3.040165
2022-11-12 13:15,3.0364217
2022-11-12 13:30,3.0364217
2022-11-12 13:45,3.0513971
2022-11-12 14:00,3.0776057
2022-11-12 14:15,3.0476538
2022-11-12 14:30,3.0626303
2022-11-12 14:45,3.1038143
2022-11-12 15:00,3.0813501
2022-11-12 15:15,3.0813501
2022-11-12 15:30,3.0963255
2022-11-12 15:45,3.0888378
2022-11-12 16:00,3.0776057
2022-11-12 16:15,3.0888378
2022-11-12 16:30,3.1038143
2022-11-12 16:45,3.0850934
2022-11-12 17:00,3.0663736
2022-11-12 17:15,3.0738624
2022-11-12 17:30,3.0588859
2022-11-12 17:45,3.0588859
2022-11-12 18:00,3.0738624
2022-11-12 18:15,3.070118
2022-11-12 18:30,3.0588859
2022-11-12 18:45,3.070118
2022-11-12 19:00,3.0588859
2022-11-12 19:15,3.0663736
2022-11-12 19:30,3.0513971
2022-11-12 19:45,3.0364217
2022-11-12 20:00,3.0364217
2022-11-12 20:15,3.0326773
2022-11-12 20:30,3.0439094
2022-11-12 20:45,3.0439094
2022-11-12 21:00,3.0439094
2022-11-12 21:15,3.0439094
2022-11-12 21:30,3.0551415
2022-11-12 21:45,3.0476538
2022-11-12 22:00,3.0551415
2022-11-12 22:15,3.0439094
2022-11-12 22:30,3.0551415
2022-11-12 22:45,3.0513971
2022-11-12 23:00,3.0551415
2022-11-12 23:15,3.0439094
2022-11-12 23:30,3.0439094
2022-11-12 23:45,3.0476538
2022-11-13 0:00,3.0439094
2022-11-13 0:15,3.040165
2022-11-13 0:30,3.0551415
2022-11-13 0:45,3.0551415
2022-11-13 1:00,3.0738624
2022-11-13 1:15,3.0476538
2022-11-13 1:30,3.0850934
2022-11-13 1:45,3.0850934
2022-11-13 2:00,3.0551415
2022-11-13 2:15,3.0551415
2022-11-13 2:30,3.0626303
2022-11-13 2:45,3.0513971
2022-11-13 3:00,3.0513971
2022-11-13 3:15,3.0738624
2022-11-13 3:30,3.0888378
2022-11-13 3:45,3.0476538
2022-11-13 4:00,3.0626303
2022-11-13 4:15,3.0588859
2022-11-13 4:30,3.0888378
2022-11-13 4:45,3.0513971
2022-11-13 5:00,3.0888378
2022-11-13 5:15,3.0925822
2022-11-13 5:30,3.0663736
2022-11-13 5:45,3.0738624
2022-11-13 6:00,3.0551415
2022-11-13 6:15,3.0626303
2022-11-13 6:30,3.0888378
2022-11-13 6:45,3.1038143
2022-11-13 7:00,3.1000699
2022-11-13 7:15,3.0888378
2022-11-13 7:30,3.0738624
2022-11-13 7:45,3.0888378
2022-11-13 8:00,3.1000699
2022-11-13 8:15,3.0663736
2022-11-13 8:30,3.070118
2022-11-13 8:45,3.0850934
2022-11-13 9:00,3.070118
2022-11-13 9:15,3.0925822
2022-11-13 9:30,3.0663736
2022-11-13 9:45,3.0813501
2022-11-13 10:00,3.070118
2022-11-13 10:15,3.0626303
2022-11-13 10:30,3.0663736
2022-11-13 10:45,3.0925822
2022-11-13 11:00,3.0663736
2022-11-13 11:15,3.1075587
2022-11-13 11:30,3.0663736
2022-11-13 11:45,3.0626303
2022-11-13 12:00,3.0850934
2022-11-13 12:15,3.0925822
2022-11-13 12:30,3.0588859
2022-11-13 12:45,3.1038143
2022-11-13 13:00,3.0850934
2022-11-13 13:15,3.0626303
2022-11-13 13:30,3.0925822
2022-11-13 13:45,3.0738624
2022-11-13 14:00,3.0813501
2022-11-13 14:15,3.0776057
2022-11-13 14:30,3.0925822
2022-11-13 14:45,3.0813501
2022-11-13 15:00,3.0888378
2022-11-13 15:15,3.0813501
2022-11-13 15:30,3.0888378
2022-11-13 15:45,3.0813501
2022-11-13 16:00,3.0738624
2022-11-13 16:15,3.0738624
2022-11-13 16:30,3.0663736
2022-11-13 16:45,3.0888378
2022-11-13 17:00,3.0963255
2022-11-13 17:15,3.0888378
2022-11-13 17:30,3.0925822
2022-11-13 17:45,3.0888378
2022-11-13 18:00,3.0738624
2022-11-13 18:15,3.0888378
2022-11-13 18:30,3.1000699
2022-11-13 18:45,3.0925822
2022-11-13 19:00,3.1000699
2022-11-13 19:15,3.0738624
2022-11-13 19:30,3.1038143
2022-11-13 19:45,3.0925822
2022-11-13 20:00,3.0888378
2022-11-13 20:15,3.0813501
2022-11-13 20:30,3.1000699
2022-11-13 20:45,3.0813501
2022-11-13 21:00,3.0850934
2022-11-13 21:15,3.0850934
2022-11-13 21:30,3.0850934
2022-11-13 21:45,3.1000699
2022-11-13 22:00,3.1000699
2022-11-13 22:15,3.1000699
2022-11-13 22:30,3.0738624
2022-11-13 22:45,3.0850934
2022-11-13 23:00,3.0663736
2022-11-13 23:15,3.0963255
2022-11-13 23:30,3.0813501
2022-11-13 23:45,3.0963255
2022-11-14 0:00,3.070118
2022-11-14 0:15,3.0888378
2022-11-14 0:30,3.0738624
2022-11-14 0:45,3.0813501
2022-11-14 1:00,3.0663736
2022-11-14 1:15,3.0850934
2022-11-14 1:30,3.0850934
2022-11-14 1:45,3.0850934
2022-11-14 2:00,3.1038143
2022-11-14 2:15,3.0888378
2022-11-14 2:30,3.0963255
2022-11-14 2:45,3.0813501
2022-11-14 3:00,3.0925822
2022-11-14 3:15,3.0925822
2022-11-14 3:30,3.1150464
2022-11-14 3:45,3.1150464
2022-11-14 4:00,3.0888378
2022-11-14 4:15,3.0776057
2022-11-14 4:30,3.0776057
2022-11-14 4:45,3.1038143
2022-11-14 5:00,3.0963255
2022-11-14 5:15,3.1000699
2022-11-14 5:30,3.0963255
2022-11-14 5:45,3.0888378
2022-11-14 6:00,3.0963255
2022-11-14 6:15,3.1000699
2022-11-14 6:30,3.0850934
2022-11-14 6:45,3.0925822
2022-11-14 7:00,3.0813501
2022-11-14 7:15,3.0925822
2022-11-14 7:30,3.1113031
2022-11-14 7:45,3.0925822
2022-11-14 8:00,3.1375106
2022-11-14 8:15,3.1300218
2022-11-14 8:30,3.1038143
2022-11-14 8:45,3.1225341
2022-11-14 9:00,3.1075587
2022-11-14 9:15,3.1075587
2022-11-14 9:30,3.1000699
2022-11-14 9:45,3.1187908
2022-11-14 10:00,3.1075587
2022-11-14 10:15,3.0963255
2022-11-14 10:30,3.0813501
2022-11-14 10:45,3.0925822
2022-11-14 11:00,3.0813501
2022-11-14 11:15,3.0850934
2022-11-14 11:30,3.1075587
2022-11-14 11:45,3.0813501
2022-11-14 12:00,3.0925822
2022-11-14 12:15,3.1000699
2022-11-14 12:30,3.070118
2022-11-14 12:45,3.0513971
2022-11-14 13:00,3.0813501
2022-11-14 13:15,3.070118
2022-11-14 13:30,3.0626303
2022-11-14 13:45,3.0813501
2022-11-14 14:00,3.1113031
2022-11-14 14:15,3.1225341
2022-11-14 14:30,3.1262785
2022-11-14 14:45,3.1075587
2022-11-14 15:00,3.1000699
2022-11-14 15:15,3.0963255
2022-11-14 15:30,3.1150464
2022-11-14 15:45,3.0963255
2022-11-14 16:00,3.1038143
2022-11-14 16:15,3.1000699
2022-11-14 16:30,3.1038143
2022-11-14 16:45,3.1262785
2022-11-14 17:00,3.1449994
2022-11-14 17:15,3.1487427
2022-11-14 17:30,3.1524871
2022-11-14 17:45,3.1337662
2022-11-14 18:00,3.1300218
2022-11-14 18:15,3.1599748
2022-11-14 18:30,3.1487427
2022-11-14 18:45,3.1337662
2022-11-14 19:00,3.1337662
2022-11-14 19:15,3.1375106
2022-11-14 19:30,3.1262785
2022-11-14 19:45,3.1300218
2022-11-14 20:00,3.141255
2022-11-14 20:15,3.1449994
2022-11-14 20:30,3.1449994
2022-11-14 20:45,3.1225341
2022-11-14 21:00,3.1337662
2022-11-14 21:15,3.1562315
2022-11-14 21:30,3.1674625
2022-11-14 21:45,3.1861834
2022-11-14 22:00,3.1936711
2022-11-14 22:15,3.1637192
2022-11-14 22:30,3.1562315
2022-11-14 22:45,3.1861834
2022-11-14 23:00,3.1749513
2022-11-14 23:15,3.1599748
2022-11-14 23:30,3.1674625
2022-11-14 23:45,3.182439
2022-11-15 0:00,3.2011599
2022-11-15 0:15,3.1936711
2022-11-15 0:30,3.2049032
2022-11-15 0:45,3.1637192
2022-11-15 1:00,3.1899278
2022-11-15 1:15,3.1861834
2022-11-15 1:30,3.2011599
2022-11-15 1:45,3.1899278
2022-11-15 2:00,3.2011599
2022-11-15 2:15,3.2011599
2022-11-15 2:30,3.2011599
2022-11-15 2:45,3.1974155
2022-11-15 3:00,3.1936711
2022-11-15 3:15,3.1974155
2022-11-15 3:30,3.1974155
2022-11-15 3:45,3.1936711
2022-11-15 4:00,3.1974155
2022-11-15 4:15,3.2011599
2022-11-15 4:30,3.1974155
2022-11-15 4:45,3.2049032
2022-11-15 5:00,3.2049032
2022-11-15 5:15,3.2161353
2022-11-15 5:30,3.2123909
2022-11-15 5:45,3.2236241
2022-11-15 6:00,3.2273685
2022-11-15 6:15,3.2311118
2022-11-15 6:30,3.2236241
2022-11-15 6:45,3.2161353
2022-11-15 7:00,3.253576
2022-11-15 7:15,3.2311118
2022-11-15 7:30,3.2348562
2022-11-15 7:45,3.2311118
2022-11-15 8:00,3.2236241
2022-11-15 8:15,3.2311118
2022-11-15 8:30,3.2273685
2022-11-15 8:45,3.2348562
2022-11-15 9:00,3.2236241
2022-11-15 9:15,3.2311118
2022-11-15 9:30,3.2198797
2022-11-15 9:45,3.2086476
2022-11-15 10:00,3.253576
2022-11-15 10:15,3.1712069
2022-11-15 10:30,3.1712069
2022-11-15 10:45,3.1974155
2022-11-15 11:00,3.1899278
2022-11-15 11:15,3.1861834
2022-11-15 11:30,3.1936711
2022-11-15 11:45,3.1749513
2022-11-15 12:00,3.1974155
2022-11-15 12:15,3.1899278
2022-11-15 12:30,3.2236241
2022-11-15 12:45,3.2348562
2022-11-15 13:00,3.2049032
2022-11-15 13:15,3.2648081
2022-11-15 13:30,3.2086476
2022-11-15 13:45,3.2123909
2022-11-15 14:00,3.2123909
2022-11-15 14:15,3.2049032
2022-11-15 14:30,3.1974155
2022-11-15 14:45,3.2273685
2022-11-15 15:00,3.2348562
2022-11-15 15:15,3.2161353
2022-11-15 15:30,3.2722969
2022-11-15 15:45,3.2049032
2022-11-15 16:00,3.2348562
2022-11-15 16:15,3.2198797
2022-11-15 16:30,3.2161353
2022-11-15 16:45,3.2198797
2022-11-15 17:00,3.2498316
2022-11-15 17:15,3.2385995
2022-11-15 17:30,3.2648081
2022-11-15 17:45,3.2236241
2022-11-15 18:00,3.2236241
2022-11-15 18:15,3.2648081
2022-11-15 18:30,3.2311118
2022-11-15 18:45,3.2610637
2022-11-15 19:00,3.2760402
2022-11-15 19:15,3.2311118
2022-11-15 19:30,3.2573204
2022-11-15 19:45,3.2460883
2022-11-15 20:00,3.253576
2022-11-15 20:15,3.2610637
2022-11-15 20:30,3.2573204
2022-11-15 20:45,3.2648081
2022-11-15 21:00,3.2648081
2022-11-15 21:15,3.2648081
2022-11-15 21:30,3.2648081
2022-11-15 21:45,3.2722969
2022-11-15 22:00,3.2685525
2022-11-15 22:15,3.2648081
2022-11-15 22:30,3.2498316
2022-11-15 22:45,3.2610637
2022-11-15 23:00,3.2460883
2022-11-15 23:15,3.2610637
2022-11-15 23:30,3.253576
2022-11-15 23:45,3.2610637
2022-11-16 0:00,3.2685525
2022-11-16 0:15,3.2610637
2022-11-16 0:30,3.253576
2022-11-16 0:45,3.253576
2022-11-16 1:00,3.253576
2022-11-16 1:15,3.253576
2022-11-16 1:30,3.2610637
2022-11-16 1:45,3.253576
2022-11-16 2:00,3.2573204
2022-11-16 2:15,3.253576
2022-11-16 2:30,3.2573204
2022-11-16 2:45,3.253576
2022-11-16 3:00,3.2498316
2022-11-16 3:15,3.2573204
2022-11-16 3:30,3.2498316
2022-11-16 3:45,3.253576
2022-11-16 4:00,3.2498316
2022-11-16 4:15,3.2573204
2022-11-16 4:30,3.2610637
2022-11-16 4:45,3.2573204
2022-11-16 5:00,3.2573204
2022-11-16 5:15,3.253576
2022-11-16 5:30,3.2573204
2022-11-16 5:45,3.2573204
2022-11-16 6:00,3.2610637
2022-11-16 6:15,3.2610637
2022-11-16 6:30,3.2610637
2022-11-16 6:45,3.2573204
2022-11-16 7:00,3.2573204
2022-11-16 7:15,3.253576
2022-11-16 7:30,3.2648081
2022-11-16 7:45,3.2686119
2022-11-16 8:00,3.2648169
2022-11-16 8:15,3.2612144
2022-11-16 8:30,3.2686482
2022-11-16 8:45,3.2574117
2022-11-16 9:00,3.2613882
2022-11-16 9:15,3.2614531
2022-11-16 9:30,3.2576757
2022-11-16 9:45,3.2536959
2022-11-16 10:00,3.2462027
2022-11-16 10:15,3.2351642
2022-11-16 10:30,3.2311624
2022-11-16 10:45,3.2348628
2022-11-16 11:00,3.2311118
2022-11-16 11:15,3.2273685
2022-11-16 11:30,3.2273685
2022-11-16 11:45,3.1974155
2022-11-16 12:00,3.2086476
2022-11-16 12:15,3.2161353
2022-11-16 12:30,3.2086476
2022-11-16 12:45,3.2423439
2022-11-16 13:00,3.2648081
2022-11-16 13:15,3.2498316
2022-11-16 13:30,3.2273685
2022-11-16 13:45,3.2273685
2022-11-16 14:00,3.253576
2022-11-16 14:15,3.2610637
2022-11-16 14:30,3.2685525
2022-11-16 14:45,3.2498316
2022-11-16 15:00,3.2498316
2022-11-16 15:15,3.2722969
2022-11-16 15:30,3.2722969
2022-11-16 15:45,3.2311118
2022-11-16 16:00,3.2423439
2022-11-16 16:15,3.29476
2022-11-16 16:30,3.2423439
2022-11-16 16:45,3.2610637
2022-11-16 17:00,3.2348562
2022-11-16 17:15,3.2385995
2022-11-16 17:30,3.2685525
2022-11-16 17:45,3.2423439
2022-11-16 18:00,3.2722969
2022-11-16 18:15,3.2498316
2022-11-16 18:30,3.253576
2022-11-16 18:45,3.2573204
2022-11-16 19:00,3.2760402
2022-11-16 19:15,3.253576
2022-11-16 19:30,3.2685525
2022-11-16 19:45,3.2573204
2022-11-16 20:00,3.2610637
2022-11-16 20:15,3.2648081
2022-11-16 20:30,3.2498316
2022-11-16 20:45,3.2797846
2022-11-16 21:00,3.3022488
2022-11-16 21:15,3.2910167
2022-11-16 21:30,3.2648081
2022-11-16 21:45,3.2835279
2022-11-16 22:00,3.2648081
2022-11-16 22:15,3.2610637
2022-11-16 22:30,3.2760402
2022-11-16 22:45,3.2835279
2022-11-16 23:00,3.2835279
2022-11-16 23:15,3.2797846
2022-11-16 23:30,3.2835279
2022-11-16 23:45,3.2797846
2022-11-17 0:00,3.2722969
2022-11-17 0:15,3.2760402
2022-11-17 0:30,3.2797846
2022-11-17 0:45,3.2760402
2022-11-17 1:00,3.2872723
2022-11-17 1:15,3.2835279
2022-11-17 1:30,3.2835279
2022-11-17 1:45,3.2797846
2022-11-17 2:00,3.2760402
2022-11-17 2:15,3.2872723
2022-11-17 2:30,3.2835279
2022-11-17 2:45,3.2760402
2022-11-17 3:00,3.2797846
2022-11-17 3:15,3.2835279
2022-11-17 3:30,3.2797846
2022-11-17 3:45,3.2910167
2022-11-17 4:00,3.2835279
2022-11-17 4:15,3.2872723
2022-11-17 4:30,3.2797846
2022-11-17 4:45,3.2872723
2022-11-17 5:00,3.2797846
2022-11-17 5:15,3.2760402
2022-11-17 5:30,3.2835279
2022-11-17 5:45,3.2760402
2022-11-17 6:00,3.2760402
2022-11-17 6:15,3.2797846
2022-11-17 6:30,3.2722969
2022-11-17 6:45,3.2797846
2022-11-17 7:00,3.2722969
2022-11-17 7:15,3.2760402
2022-11-17 7:30,3.2797846
2022-11-17 7:45,3.29476
2022-11-17 8:00,3.2797846
2022-11-17 8:15,3.2797846
2022-11-17 8:30,3.2910167
2022-11-17 8:45,3.2797846
2022-11-17 9:00,3.2797846
2022-11-17 9:15,3.324713
2022-11-17 9:30,3.3022488
2022-11-17 9:45,3.2835279
2022-11-17 10:00,3.2161353
2022-11-17 10:15,3.2236241
2022-11-17 10:30,3.2011599
2022-11-17 10:45,3.2311118
2022-11-17 11:00,3.2348562
2022-11-17 11:15,3.2123909
2022-11-17 11:30,3.2198797
2022-11-17 11:45,3.2273685
2022-11-17 12:00,3.2236241
2022-11-17 12:15,3.253576
2022-11-17 12:30,3.2123909
2022-11-17 12:45,3.2236241
2022-11-17 13:00,3.2348562
2022-11-17 13:15,3.2760402
2022-11-17 13:30,3.253576
2022-11-17 13:45,3.2385995
2022-11-17 14:00,3.2273685
2022-11-17 14:15,3.2385995
2022-11-17 14:30,3.2573204
2022-11-17 14:45,3.2348562
2022-11-17 15:00,3.2311118
2022-11-17 15:15,3.2385995
2022-11-17 15:30,3.2348562
2022-11-17 15:45,3.2385995
2022-11-17 16:00,3.2273685
2022-11-17 16:15,3.2648081
2022-11-17 16:30,3.2311118
2022-11-17 16:45,3.2385995
2022-11-17 17:00,3.2498316
2022-11-17 17:15,3.2648081
2022-11-17 17:30,3.2348562
2022-11-17 17:45,3.2648081
2022-11-17 18:00,3.2573204
2022-11-17 18:15,3.2722969
2022-11-17 18:30,3.2610637
2022-11-17 18:45,3.2423439
2022-11-17 19:00,3.253576
2022-11-17 19:15,3.2498316
2022-11-17 19:30,3.2685525
2022-11-17 19:45,3.2648081
2022-11-17 20:00,3.2573204
2022-11-17 20:15,3.2685525
2022-11-17 20:30,3.2498316
2022-11-17 20:45,3.2648081
2022-11-17 21:00,3.2460883
2022-11-17 21:15,3.2573204
2022-11-17 21:30,3.2610637
2022-11-17 21:45,3.2460883
2022-11-17 22:00,3.2835279
2022-11-17 22:15,3.2610637
2022-11-17 22:30,3.2610637
2022-11-17 22:45,3.2573204
2022-11-17 23:00,3.2835279
2022-11-17 23:15,3.2910167
2022-11-17 23:30,3.2610637
2022-11-17 23:45,3.2423439
2022-11-18 0:00,3.2872723
2022-11-18 0:15,3.2423439
2022-11-18 0:30,3.29476
2022-11-18 0:45,3.2797846
2022-11-18 1:00,3.29476
2022-11-18 1:15,3.2498316
2022-11-18 1:30,3.2460883
2022-11-18 1:45,3.2648081
2022-11-18 2:00,3.2872723
2022-11-18 2:15,3.2872723
2022-11-18 2:30,3.253576
2022-11-18 2:45,3.2797846
2022-11-18 3:00,3.2685525
2022-11-18 3:15,3.2722969
2022-11-18 3:30,3.2760402
2022-11-18 3:45,3.2722969
2022-11-18 4:00,3.2760402
2022-11-18 4:15,3.2797846
2022-11-18 4:30,3.2722969
2022-11-18 4:45,3.2760402
2022-11-18 5:00,3.2797846
2022-11-18 5:15,3.2760402
2022-11-18 5:30,3.2760402
2022-11-18 5:45,3.2722969
2022-11-18 6:00,3.2835279
2022-11-18 6:15,3.2797846
2022-11-18 6:30,3.2760402
2022-11-18 6:45,3.2835279
2022-11-18 7:00,3.2985044
2022-11-18 7:15,3.2985044
2022-11-18 7:30,3.3022488
2022-11-18 7:45,3.3022488
2022-11-18 8:00,3.3022488
2022-11-18 8:15,3.2985044
2022-11-18 8:30,3.3097365
2022-11-18 8:45,3.3059932
2022-11-18 9:00,3.2910167
2022-11-18 9:15,3.29476
2022-11-18 9:30,3.2872723
2022-11-18 9:45,3.29476
2022-11-18 10:00,3.2835279
2022-11-18 10:15,3.2722969
2022-11-18 10:30,3.2423439
2022-11-18 10:45,3.2460883
2022-11-18 11:00,3.2236241
2022-11-18 11:15,3.2460883
2022-11-18 11:30,3.2273685
2022-11-18 11:45,3.2498316
2022-11-18 12:00,3.2573204
2022-11-18 12:15,3.2610637
2022-11-18 12:30,3.253576
2022-11-18 12:45,3.2423439
2022-11-18 13:00,3.2648081
2022-11-18 13:15,3.2685525
2022-11-18 13:30,3.2722969
2022-11-18 13:45,3.2648081
2022-11-18 14:00,3.2610637
2022-11-18 14:15,3.2685525
2022-11-18 14:30,3.2423439
2022-11-18 14:45,3.2348562
2022-11-18 15:00,3.2685525
2022-11-18 15:15,3.253576
2022-11-18 15:30,3.2311118
2022-11-18 15:45,3.2311118
2022-11-18 16:00,3.2385995
2022-11-18 16:15,3.2273685
2022-11-18 16:30,3.2685525
2022-11-18 16:45,3.2648081
2022-11-18 17:00,3.2423439
2022-11-18 17:15,3.2498316
2022-11-18 17:30,3.2648081
2022-11-18 17:45,3.2311118
2022-11-18 18:00,3.2573204
2022-11-18 18:15,3.2685525
2022-11-18 18:30,3.2722969
2022-11-18 18:45,3.2722969
2022-11-18 19:00,3.253576
2022-11-18 19:15,3.2685525
2022-11-18 19:30,3.2460883
2022-11-18 19:45,3.2498316
2022-11-18 20:00,3.2685525
2022-11-18 20:15,3.2460883
2022-11-18 20:30,3.2460883
2022-11-18 20:45,3.2498316
2022-11-18 21:00,3.2460883
2022-11-18 21:15,3.2460883
2022-11-18 21:30,3.2648081
2022-11-18 21:45,3.2797846
2022-11-18 22:00,3.2498316
2022-11-18 22:15,3.2685525
2022-11-18 22:30,3.2685525
2022-11-18 22:45,3.2423439
2022-11-18 23:00,3.2910167
2022-11-18 23:15,3.2648081
2022-11-18 23:30,3.253576
2022-11-18 23:45,3.253576
2022-11-19 0:00,3.2797846
2022-11-19 0:15,3.2835279
2022-11-19 0:30,3.2498316
2022-11-19 0:45,3.29476
2022-11-19 1:00,3.2423439
2022-11-19 1:15,3.2722969
2022-11-19 1:30,3.2760402
2022-11-19 1:45,3.253576
2022-11-19 2:00,3.2498316
2022-11-19 2:15,3.2610637
2022-11-19 2:30,3.2835279
2022-11-19 2:45,3.2910167
2022-11-19 3:00,3.2797846
2022-11-19 3:15,3.2797846
2022-11-19 3:30,3.2797846
2022-11-19 3:45,3.2797846
2022-11-19 4:00,3.2797846
2022-11-19 4:15,3.2760402
2022-11-19 4:30,3.2760402
2022-11-19 4:45,3.2835279
2022-11-19 5:00,3.2722969
2022-11-19 5:15,3.2910167
2022-11-19 5:30,3.2872723
2022-11-19 5:45,3.2872723
2022-11-19 6:00,3.2985044
2022-11-19 6:15,3.2985044
2022-11-19 6:30,3.29476
2022-11-19 6:45,3.3022488
2022-11-19 7:00,3.2985044
2022-11-19 7:15,3.3584093
2022-11-19 7:30,3.3059932
2022-11-19 7:45,3.2985044
2022-11-19 8:00,3.3022488
2022-11-19 8:15,3.3022488
2022-11-19 8:30,3.3059932
2022-11-19 8:45,3.2985044
2022-11-19 9:00,3.3134809
2022-11-19 9:15,3.29476
2022-11-19 9:30,3.3022488
2022-11-19 9:45,3.2797846
2022-11-19 10:00,3.253576
2022-11-19 10:15,3.2498316
2022-11-19 10:30,3.2610637
2022-11-19 10:45,3.2273685
2022-11-19 11:00,3.2086476
2022-11-19 11:15,3.2086476
2022-11-19 11:30,3.2123909
2022-11-19 11:45,3.1936711
2022-11-19 12:00,3.2086476
2022-11-19 12:15,3.1936711
2022-11-19 12:30,3.2011599
2022-11-19 12:45,3.2011599
2022-11-19 13:00,3.2086476
2022-11-19 13:15,3.1899278
2022-11-19 13:30,3.2161353
2022-11-19 13:45,3.2123909
2022-11-19 14:00,3.2610637
2022-11-19 14:15,3.2198797
2022-11-19 14:30,3.2236241
2022-11-19 14:45,3.2311118
2022-11-19 15:00,3.2385995
2022-11-19 15:15,3.2236241
2022-11-19 15:30,3.2273685
2022-11-19 15:45,3.2273685
2022-11-19 16:00,3.2311118
2022-11-19 16:15,3.2423439
2022-11-19 16:30,3.2273685
2022-11-19 16:45,3.2161353
2022-11-19 17:00,3.2161353
2022-11-19 17:15,3.2573204
2022-11-19 17:30,3.2610637
2022-11-19 17:45,3.2610637
2022-11-19 18:00,3.2872723
2022-11-19 18:15,3.2872723
2022-11-19 18:30,3.2460883
2022-11-19 18:45,3.2872723
2022-11-19 19:00,3.2760402
2022-11-19 19:15,3.2648081
2022-11-19 19:30,3.2498316
2022-11-19 19:45,3.2797846
2022-11-19 20:00,3.2385995
2022-11-19 20:15,3.2573204
2022-11-19 20:30,3.2610637
2022-11-19 20:45,3.253576
2022-11-19 21:00,3.253576
2022-11-19 21:15,3.253576
2022-11-19 21:30,3.2610637
2022-11-19 21:45,3.2685525
2022-11-19 22:00,3.2722969
2022-11-19 22:15,3.2610637
2022-11-19 22:30,3.2835279
2022-11-19 22:45,3.2648081
2022-11-19 23:00,3.2648081
2022-11-19 23:15,3.2648081
2022-11-19 23:30,3.2760402
2022-11-19 23:45,3.2648081
2022-11-20 0:00,3.2610637
2022-11-20 0:15,3.2648081
2022-11-20 0:30,3.2722969
2022-11-20 0:45,3.2648081
2022-11-20 1:00,3.2685525
2022-11-20 1:15,3.2760402
2022-11-20 1:30,3.2685525
2022-11-20 1:45,3.2648081
2022-11-20 2:00,3.2610637
2022-11-20 2:15,3.2722969
2022-11-20 2:30,3.2685525
2022-11-20 2:45,3.2573204
2022-11-20 3:00,3.2573204
2022-11-20 3:15,3.2610637
2022-11-20 3:30,3.2797846
2022-11-20 3:45,3.2648081
2022-11-20 4:00,3.2910167
2022-11-20 4:15,3.2722969
2022-11-20 4:30,3.2610637
2022-11-20 4:45,3.253576
2022-11-20 5:00,3.2797846
2022-11-20 5:15,3.2722969
2022-11-20 5:30,3.2760402
2022-11-20 5:45,3.2722969
2022-11-20 6:00,3.2648081
2022-11-20 6:15,3.2722969
2022-11-20 6:30,3.2722969
2022-11-20 6:45,3.2797846
2022-11-20 7:00,3.2685525
2022-11-20 7:15,3.2722969
2022-11-20 7:30,3.2797846
2022-11-20 7:45,3.2835279
2022-11-20 8:00,3.3097365
2022-11-20 8:15,3.3059932
2022-11-20 8:30,3.2910167
2022-11-20 8:45,3.2685525
2022-11-20 9:00,3.29476
2022-11-20 9:15,3.3097365
2022-11-20 9:30,3.3022488
2022-11-20 9:45,3.2872723
2022-11-20 10:00,3.2835279
2022-11-20 10:15,3.253576
2022-11-20 10:30,3.2460883
2022-11-20 10:45,3.2648081
2022-11-20 11:00,3.2385995
2022-11-20 11:15,3.2348562
2022-11-20 11:30,3.2610637
2022-11-20 11:45,3.2236241
2022-11-20 12:00,3.2236241
2022-11-20 12:15,3.2573204
2022-11-20 12:30,3.2385995
2022-11-20 12:45,3.2610637
2022-11-20 13:00,3.2648081
2022-11-20 13:15,3.2423439
2022-11-20 13:30,3.2610637
2022-11-20 13:45,3.2685525
2022-11-20 14:00,3.2610637
2022-11-20 14:15,3.2610637
2022-11-20 14:30,3.2760402
2022-11-20 14:45,3.2498316
2022-11-20 15:00,3.253576
2022-11-20 15:15,3.2648081
2022-11-20 15:30,3.2648081
2022-11-20 15:45,3.2610637
2022-11-20 16:00,3.2573204
2022-11-20 16:15,3.2573204
2022-11-20 16:30,3.2573204
2022-11-20 16:45,3.29476
2022-11-20 17:00,3.2648081
2022-11-20 17:15,3.253576
2022-11-20 17:30,3.2610637
2022-11-20 17:45,3.2648081
2022-11-20 18:00,3.2910167
2022-11-20 18:15,3.2610637
2022-11-20 18:30,3.2835279
2022-11-20 18:45,3.2610637
2022-11-20 19:00,3.2797846
2022-11-20 19:15,3.2835279
2022-11-20 19:30,3.2985044
2022-11-20 19:45,3.3022488
2022-11-20 20:00,3.2760402
2022-11-20 20:15,3.3059932
2022-11-20 20:30,3.3059932
2022-11-20 20:45,3.3172253
2022-11-20 21:00,3.3097365
2022-11-20 21:15,3.2760402
2022-11-20 21:30,3.3134809
2022-11-20 21:45,3.3097365
2022-11-20 22:00,3.2685525
2022-11-20 22:15,3.2910167
2022-11-20 22:30,3.3059932
2022-11-20 22:45,3.2797846
2022-11-20 23:00,3.3022488
2022-11-20 23:15,3.2872723
2022-11-20 23:30,3.2910167
2022-11-20 23:45,3.29476
2022-11-21 0:00,3.2685525
2022-11-21 0:15,3.2910167
2022-11-21 0:30,3.2722969
2022-11-21 0:45,3.2910167
2022-11-21 1:00,3.2722969
2022-11-21 1:15,3.2835279
2022-11-21 1:30,3.2648081
2022-11-21 1:45,3.2910167
2022-11-21 2:00,3.2722969
2022-11-21 2:15,3.2722969
2022-11-21 2:30,3.2685525
2022-11-21 2:45,3.2797846
2022-11-21 3:00,3.2722969
2022-11-21 3:15,3.2797846
2022-11-21 3:30,3.2835279
2022-11-21 3:45,3.2797846
2022-11-21 4:00,3.2985044
2022-11-21 4:15,3.2872723
2022-11-21 4:30,3.29476
2022-11-21 4:45,3.2797846
2022-11-21 5:00,3.3059932
2022-11-21 5:15,3.3059932
2022-11-21 5:30,3.2835279
2022-11-21 5:45,3.2835279
2022-11-21 6:00,3.2872723
2022-11-21 6:15,3.2835279
2022-11-21 6:30,3.2985044
2022-11-21 6:45,3.2835279
2022-11-21 7:00,3.3621537
2022-11-21 7:15,3.3471772
2022-11-21 7:30,3.3509216
2022-11-21 7:45,3.4145698
2022-11-21 8:00,3.3509216
2022-11-21 8:15,3.3471772
2022-11-21 8:30,3.3509216
2022-11-21 8:45,3.4145698
2022-11-21 9:00,3.365897
2022-11-21 9:15,3.3359451
2022-11-21 9:30,3.3434328
2022-11-21 9:45,3.3921056
2022-11-21 10:00,3.39585
2022-11-21 10:15,3.365897
2022-11-21 10:30,3.3733847
2022-11-21 10:45,3.39585
2022-11-21 11:00,3.3584093
2022-11-21 11:15,3.3546649
2022-11-21 11:30,3.3509216
2022-11-21 11:45,3.365897
2022-11-21 12:00,3.3584093
2022-11-21 12:15,3.3621537
2022-11-21 12:30,3.3584093
2022-11-21 12:45,3.4632426
2022-11-21 13:00,3.365897
2022-11-21 13:15,3.3771291
2022-11-21 13:30,3.3771291
2022-11-21 13:45,3.3883623
2022-11-21 14:00,3.4033377
2022-11-21 14:15,3.4258019
2022-11-21 14:30,3.39585
2022-11-21 14:45,3.4070821
2022-11-21 15:00,3.4033377
2022-11-21 15:15,3.39585
2022-11-21 15:30,3.3733847
2022-11-21 15:45,3.3921056
2022-11-21 16:00,3.3696414
2022-11-21 16:15,3.3733847
2022-11-21 16:30,3.3771291
2022-11-21 16:45,3.4033377
2022-11-21 17:00,3.3921056
2022-11-21 17:15,3.4070821
2022-11-21 17:30,3.3921056
2022-11-21 17:45,3.3883623
2022-11-21 18:00,3.3846179
2022-11-21 18:15,3.3846179
2022-11-21 18:30,3.3921056
2022-11-21 18:45,3.3995933
2022-11-21 19:00,3.3771291
2022-11-21 19:15,3.3771291
2022-11-21 19:30,3.4070821
2022-11-21 19:45,3.3883623
2022-11-21 20:00,3.39585
2022-11-21 20:15,3.4033377
2022-11-21 20:30,3.3846179
2022-11-21 20:45,3.3995933
2022-11-21 21:00,3.3771291
2022-11-21 21:15,3.3921056
2022-11-21 21:30,3.3733847
2022-11-21 21:45,3.3808735
2022-11-21 22:00,3.3995933
2022-11-21 22:15,3.3846179
2022-11-21 22:30,3.3883623
2022-11-21 22:45,3.3771291
2022-11-21 23:00,3.3771291
2022-11-21 23:15,3.3883623
2022-11-21 23:30,3.4033377
2022-11-21 23:45,3.4033377
2022-11-22 0:00,3.3921056
2022-11-22 0:15,3.4033377
2022-11-22 0:30,3.4183142
2022-11-22 0:45,3.3883623
2022-11-22 1:00,3.3995933
2022-11-22 1:15,3.4108254
2022-11-22 1:30,3.3921056
2022-11-22 1:45,3.4033377
2022-11-22 2:00,3.3883623
2022-11-22 2:15,3.4258019
2022-11-22 2:30,3.3921056
2022-11-22 2:45,3.4070821
2022-11-22 3:00,3.39585
2022-11-22 3:15,3.4295463
2022-11-22 3:30,3.4220575
2022-11-22 3:45,3.39585
2022-11-22 4:00,3.3995933
2022-11-22 4:15,3.4145698
2022-11-22 4:30,3.4145698
2022-11-22 4:45,3.4332907
2022-11-22 5:00,3.4145698
2022-11-22 5:15,3.437034
2022-11-22 5:30,3.437034
2022-11-22 5:45,3.4258019
2022-11-22 6:00,3.4295463
2022-11-22 6:15,3.4520105
2022-11-22 6:30,3.4482661
2022-11-22 6:45,3.4594982
2022-11-22 7:00,3.4445217
2022-11-22 7:15,3.4520105
2022-11-22 7:30,3.4258019
2022-11-22 7:45,3.4482661
2022-11-22 8:00,3.4632426
2022-11-22 8:15,3.4557538
2022-11-22 8:30,3.4594982
2022-11-22 8:45,3.4594982
2022-11-22 9:00,3.4632426
2022-11-22 9:15,3.4557538
2022-11-22 9:30,3.466987
2022-11-22 9:45,3.4594982
2022-11-22 10:00,3.4707314
2022-11-22 10:15,3.466987
2022-11-22 10:30,3.4557538
2022-11-22 10:45,3.4520105
2022-11-22 11:00,3.4594982
2022-11-22 11:15,3.4557538
2022-11-22 11:30,3.437034
2022-11-22 11:45,3.4258019
2022-11-22 12:00,3.4407784
2022-11-22 12:15,3.4220575
2022-11-22 12:30,3.4557538
2022-11-22 12:45,3.4070821
2022-11-22 13:00,3.4482661
2022-11-22 13:15,3.4108254
2022-11-22 13:30,3.3995933
2022-11-22 13:45,3.4258019
2022-11-22 14:00,3.4258019
2022-11-22 14:15,3.4220575
2022-11-22 14:30,3.4407784
2022-11-22 14:45,3.4145698
2022-11-22 15:00,3.4445217
2022-11-22 15:15,3.3921056
2022-11-22 15:30,3.3995933
2022-11-22 15:45,3.3995933
2022-11-22 16:00,3.4070821
2022-11-22 16:15,3.4033377
2022-11-22 16:30,3.4145698
2022-11-22 16:45,3.4033377
2022-11-22 17:00,3.4183142
2022-11-22 17:15,3.4108254
2022-11-22 17:30,3.4108254
2022-11-22 17:45,3.39585
2022-11-22 18:00,3.4183142
2022-11-22 18:15,3.3995933
2022-11-22 18:30,3.4220575
2022-11-22 18:45,3.3995933
2022-11-22 19:00,3.3995933
2022-11-22 19:15,3.4033377
2022-11-22 19:30,3.3921056
2022-11-22 19:45,3.4108254
2022-11-22 20:00,3.4332907
2022-11-22 20:15,3.4258019
2022-11-22 20:30,3.39585
2022-11-22 20:45,3.4220575
2022-11-22 21:00,3.4145698
2022-11-22 21:15,3.3995933
2022-11-22 21:30,3.3883623
2022-11-22 21:45,3.3921056
2022-11-22 22:00,3.4407784
2022-11-22 22:15,3.4445217
2022-11-22 22:30,3.3995933
2022-11-22 22:45,3.4258019
2022-11-22 23:00,3.39585
2022-11-22 23:15,3.4332907
2022-11-22 23:30,3.4407784
2022-11-22 23:45,3.3995933
2022-11-23 0:00,3.3995933
2022-11-23 0:15,3.4258019
2022-11-23 0:30,3.4258019
2022-11-23 0:45,3.4070821
2022-11-23 1:00,3.4183142
2022-11-23 1:15,3.39585
2022-11-23 1:30,3.4258019
2022-11-23 1:45,3.4145698
2022-11-23 2:00,3.4295463
2022-11-23 2:15,3.4183142
2022-11-23 2:30,3.4220575
2022-11-23 2:45,3.437034
2022-11-23 3:00,3.3995933
2022-11-23 3:15,3.4183142
2022-11-23 3:30,3.4145698
2022-11-23 3:45,3.4108254
2022-11-23 4:00,3.3921056
2022-11-23 4:15,3.3921056
2022-11-23 4:30,3.3995933
2022-11-23 4:45,3.4070821
2022-11-23 5:00,3.4145698
2022-11-23 5:15,3.4033377
2022-11-23 5:30,3.4332907
2022-11-23 5:45,3.4332907
2022-11-23 6:00,3.4332907
2022-11-23 6:15,3.4445217
2022-11-23 6:30,3.4520105
2022-11-23 6:45,3.4070821
2022-11-23 7:00,3.4520105
2022-11-23 7:15,3.437034
2022-11-23 7:30,3.4145698
2022-11-23 7:45,3.437034
2022-11-23 8:00,3.4108254
2022-11-23 8:15,3.4445217
2022-11-23 8:30,3.3995933
2022-11-23 8:45,3.466987
2022-11-23 9:00,3.4445217
2022-11-23 9:15,3.4482661
2022-11-23 9:30,3.437034
2022-11-23 9:45,3.437034
2022-11-23 10:00,3.4445217
2022-11-23 10:15,3.4332907
2022-11-23 10:30,3.4108254
2022-11-23 10:45,3.3808735
2022-11-23 11:00,3.3808735
2022-11-23 11:15,3.39585
2022-11-23 11:30,3.4108254
2022-11-23 11:45,3.4108254
2022-11-23 12:00,3.437034
2022-11-23 12:15,3.4332907
2022-11-23 12:30,3.4295463
2022-11-23 12:45,3.4070821
2022-11-23 13:00,3.4295463
2022-11-23 13:15,3.4594982
2022-11-23 13:30,3.4782191
2022-11-23 13:45,3.3995933
2022-11-23 14:00,3.4070821
2022-11-23 14:15,3.4520105
2022-11-23 14:30,3.4332907
2022-11-23 14:45,3.4145698
2022-11-23 15:00,3.437034
2022-11-23 15:15,3.4332907
2022-11-23 15:30,3.4482661
2022-11-23 15:45,3.4070821
2022-11-23 16:00,3.4070821
2022-11-23 16:15,3.4407784
2022-11-23 16:30,3.4145698
2022-11-23 16:45,3.4070821
2022-11-23 17:00,3.4145698
2022-11-23 17:15,3.4258019
2022-11-23 17:30,3.4520105
2022-11-23 17:45,3.4145698
2022-11-23 18:00,3.4332907
2022-11-23 18:15,3.4258019
2022-11-23 18:30,3.4220575
2022-11-23 18:45,3.4407784
2022-11-23 19:00,3.4295463
2022-11-23 19:15,3.437034
2022-11-23 19:30,3.4445217
2022-11-23 19:45,3.4258019
2022-11-23 20:00,3.4332907
2022-11-23 20:15,3.466987
2022-11-23 20:30,3.4482661
2022-11-23 20:45,3.4332907
2022-11-23 21:00,3.4295463
2022-11-23 21:15,3.4594982
2022-11-23 21:30,3.4782191
2022-11-23 21:45,3.4594982
2022-11-23 22:00,3.4520105
2022-11-23 22:15,3.4482661
2022-11-23 22:30,3.4557538
2022-11-23 22:45,3.4857068
2022-11-23 23:00,3.4857068
2022-11-23 23:15,3.4857068
2022-11-23 23:30,3.4594982
2022-11-23 23:45,3.466987
2022-11-24 0:00,3.4819624
2022-11-24 0:15,3.4744747
2022-11-24 0:30,3.4782191
2022-11-24 0:45,3.4707314
2022-11-24 1:00,3.4819624
2022-11-24 1:15,3.4744747
2022-11-24 1:30,3.4707314
2022-11-24 1:45,3.4782191
2022-11-24 2:00,3.4744747
2022-11-24 2:15,3.4744747
2022-11-24 2:30,3.4707314
2022-11-24 2:45,3.4744747
2022-11-24 3:00,3.4894501
2022-11-24 3:15,3.4819624
2022-11-24 3:30,3.4782191
2022-11-24 3:45,3.4857068
2022-11-24 4:00,3.4894501
2022-11-24 4:15,3.4819624
2022-11-24 4:30,3.4819624
2022-11-24 4:45,3.4782191
2022-11-24 5:00,3.4819624
2022-11-24 5:15,3.4782191
2022-11-24 5:30,3.4819624
2022-11-24 5:45,3.4819624
2022-11-24 6:00,3.4819624
2022-11-24 6:15,3.4857068
2022-11-24 6:30,3.4857068
2022-11-24 6:45,3.4894501
2022-11-24 7:00,3.4782191
2022-11-24 7:15,3.4894501
2022-11-24 7:30,3.4819624
2022-11-24 7:45,3.5044266
2022-11-24 8:00,3.4819624
2022-11-24 8:15,3.4819624
2022-11-24 8:30,3.4819624
2022-11-24 8:45,3.4857068
2022-11-24 9:00,3.4969389
2022-11-24 9:15,3.4819624
2022-11-24 9:30,3.4782191
2022-11-24 9:45,3.4857068
2022-11-24 10:00,3.4931945
2022-11-24 10:15,3.4894501
2022-11-24 10:30,3.4857068
2022-11-24 10:45,3.4857068
2022-11-24 11:00,3.4445217
2022-11-24 11:15,3.4295463
2022-11-24 11:30,3.4744747
2022-11-24 11:45,3.466987
2022-11-24 12:00,3.4744747
2022-11-24 12:15,3.4407784
2022-11-24 12:30,3.437034
2022-11-24 12:45,3.4594982
2022-11-24 13:00,3.4744747
2022-11-24 13:15,3.4258019
2022-11-24 13:30,3.4332907
2022-11-24 13:45,3.4520105
2022-11-24 14:00,3.4332907
2022-11-24 14:15,3.437034
2022-11-24 14:30,3.4295463
2022-11-24 14:45,3.4332907
2022-11-24 15:00,3.4594982
2022-11-24 15:15,3.4744747
2022-11-24 15:30,3.466987
2022-11-24 15:45,3.4482661
2022-11-24 16:00,3.437034
2022-11-24 16:15,3.4407784
2022-11-24 16:30,3.4557538
2022-11-24 16:45,3.4332907
2022-11-24 17:00,3.4557538
2022-11-24 17:15,3.4407784
2022-11-24 17:30,3.4482661
2022-11-24 17:45,3.4407784
2022-11-24 18:00,3.4707314
2022-11-24 18:15,3.4332907
2022-11-24 18:30,3.4557538
2022-11-24 18:45,3.4332907
2022-11-24 19:00,3.466987
2022-11-24 19:15,3.4445217
2022-11-24 19:30,3.4819624
2022-11-24 19:45,3.4557538
2022-11-24 20:00,3.4632426
2022-11-24 20:15,3.4707314
2022-11-24 20:30,3.4632426
2022-11-24 20:45,3.4707314
2022-11-24 21:00,3.4632426
2022-11-24 21:15,3.4819624
2022-11-24 21:30,3.4782191
2022-11-24 21:45,3.4782191
2022-11-24 22:00,3.466987
2022-11-24 22:15,3.4407784
2022-11-24 22:30,3.4482661
2022-11-24 22:45,3.4520105
2022-11-24 23:00,3.4782191
2022-11-24 23:15,3.466987
2022-11-24 23:30,3.4520105
2022-11-24 23:45,3.4744747
2022-11-25 0:00,3.466987
2022-11-25 0:15,3.4782191
2022-11-25 0:30,3.466987
2022-11-25 0:45,3.4707314
2022-11-25 1:00,3.4707314
2022-11-25 1:15,3.466987
2022-11-25 1:30,3.4707314
2022-11-25 1:45,3.4707314
2022-11-25 2:00,3.466987
2022-11-25 2:15,3.466987
2022-11-25 2:30,3.4707314
2022-11-25 2:45,3.4707314
2022-11-25 3:00,3.4594982
2022-11-25 3:15,3.4632426
2022-11-25 3:30,3.466987
2022-11-25 3:45,3.466987
2022-11-25 4:00,3.466987
2022-11-25 4:15,3.4707314
2022-11-25 4:30,3.4557538
2022-11-25 4:45,3.466987
2022-11-25 5:00,3.4632426
2022-11-25 5:15,3.466987
2022-11-25 5:30,3.4594982
2022-11-25 5:45,3.466987
2022-11-25 6:00,3.4594982
2022-11-25 6:15,3.4557538
2022-11-25 6:30,3.4594982
2022-11-25 6:45,3.466987
2022-11-25 7:00,3.4445217
2022-11-25 7:15,3.4782191
2022-11-25 7:30,3.437034
2022-11-25 7:45,3.4557538
2022-11-25 8:00,3.4407784
2022-11-25 8:15,3.4557538
2022-11-25 8:30,3.4557538
2022-11-25 8:45,3.4594982
2022-11-25 9:00,3.437034
2022-11-25 9:15,3.4707314
2022-11-25 9:30,3.4183142
2022-11-25 9:45,3.4220575
2022-11-25 10:00,3.4332907
2022-11-25 10:15,3.4332907
2022-11-25 10:30,3.4183142
2022-11-25 10:45,3.3883623
2022-11-25 11:00,3.437034
2022-11-25 11:15,3.39585
2022-11-25 11:30,3.3846179
2022-11-25 11:45,3.4183142
2022-11-25 12:00,3.4183142
2022-11-25 12:15,3.3771291
2022-11-25 12:30,3.3995933
2022-11-25 12:45,3.3995933
2022-11-25 13:00,3.4033377
2022-11-25 13:15,3.4894501
2022-11-25 13:30,3.4108254
2022-11-25 13:45,3.437034
2022-11-25 14:00,3.4482661
2022-11-25 14:15,3.4482661
2022-11-25 14:30,3.437034
2022-11-25 14:45,3.4108254
2022-11-25 15:00,3.4520105
2022-11-25 15:15,3.4183142
2022-11-25 15:30,3.4445217
2022-11-25 15:45,3.4332907
2022-11-25 16:00,3.4520105
2022-11-25 16:15,3.4332907
2022-11-25 16:30,3.4295463
2022-11-25 16:45,3.4482661
2022-11-25 17:00,3.4295463
2022-11-25 17:15,3.4445217
2022-11-25 17:30,3.4445217
2022-11-25 17:45,3.4183142
2022-11-25 18:00,3.4220575
2022-11-25 18:15,3.4220575
2022-11-25 18:30,3.4332907
2022-11-25 18:45,3.4295463
2022-11-25 19:00,3.437034
2022-11-25 19:15,3.4183142
2022-11-25 19:30,3.4183142
2022-11-25 19:45,3.4145698
2022-11-25 20:00,3.4520105
2022-11-25 20:15,3.4183142
2022-11-25 20:30,3.4632426
2022-11-25 20:45,3.4183142
2022-11-25 21:00,3.4407784
2022-11-25 21:15,3.4520105
2022-11-25 21:30,3.4183142
2022-11-25 21:45,3.4520105
2022-11-25 22:00,3.4295463
2022-11-25 22:15,3.4520105
2022-11-25 22:30,3.4220575
2022-11-25 22:45,3.4295463
2022-11-25 23:00,3.4482661
2022-11-25 23:15,3.4220575
2022-11-25 23:30,3.4557538
2022-11-25 23:45,3.466987
2022-11-26 0:00,3.4258019
2022-11-26 0:15,3.4220575
2022-11-26 0:30,3.4220575
2022-11-26 0:45,3.4557538
2022-11-26 1:00,3.4295463
2022-11-26 1:15,3.4183142
2022-11-26 1:30,3.4220575
2022-11-26 1:45,3.437034
2022-11-26 2:00,3.4445217
2022-11-26 2:15,3.437034
2022-11-26 2:30,3.4258019
2022-11-26 2:45,3.4332907
2022-11-26 3:00,3.4332907
2022-11-26 3:15,3.4220575
2022-11-26 3:30,3.4332907
2022-11-26 3:45,3.4258019
2022-11-26 4:00,3.4258019
2022-11-26 4:15,3.4520105
2022-11-26 4:30,3.4295463
2022-11-26 4:45,3.4295463
2022-11-26 5:00,3.4407784
2022-11-26 5:15,3.4407784
2022-11-26 5:30,3.4445217
2022-11-26 5:45,3.4332907
2022-11-26 6:00,3.4258019
2022-11-26 6:15,3.4482661
2022-11-26 6:30,3.4258019
2022-11-26 6:45,3.4744747
2022-11-26 7:00,3.4632426
2022-11-26 7:15,3.437034
2022-11-26 7:30,3.4482661
2022-11-26 7:45,3.4295463
2022-11-26 8:00,3.4707314
2022-11-26 8:15,3.4857068
2022-11-26 8:30,3.4707314
2022-11-26 8:45,3.5194031
2022-11-26 9:00,3.4557538
2022-11-26 9:15,3.466987
2022-11-26 9:30,3.4482661
2022-11-26 9:45,3.4707314
2022-11-26 10:00,3.4520105
2022-11-26 10:15,3.4744747
2022-11-26 10:30,3.4744747
2022-11-26 10:45,3.4782191
2022-11-26 11:00,3.466987
2022-11-26 11:15,3.4782191
2022-11-26 11:30,3.4931945
2022-11-26 11:45,3.4931945
2022-11-26 12:00,3.4969389
2022-11-26 12:15,3.5006833
2022-11-26 12:30,3.5119154
2022-11-26 12:45,3.5306352
2022-11-26 13:00,3.5493561
2022-11-26 13:15,3.5381229
2022-11-26 13:30,3.5381229
2022-11-26 13:45,3.5343785
2022-11-26 14:00,3.5942845
2022-11-26 14:15,3.5530994
2022-11-26 14:30,3.5493561
2022-11-26 14:45,3.5456117
2022-11-26 15:00,3.5568438
2022-11-26 15:15,3.5456117
2022-11-26 15:30,3.5493561
2022-11-26 15:45,3.5306352
2022-11-26 16:00,3.5493561
2022-11-26 16:15,3.5493561
2022-11-26 16:30,3.5456117
2022-11-26 16:45,3.5456117
2022-11-26 17:00,3.5493561
2022-11-26 17:15,3.5568438
2022-11-26 17:30,3.5568438
2022-11-26 17:45,3.5418673
2022-11-26 18:00,3.5493561
2022-11-26 18:15,3.5680759
2022-11-26 18:30,3.5643315
2022-11-26 18:45,3.5680759
2022-11-26 19:00,3.5680759
2022-11-26 19:15,3.5718192
2022-11-26 19:30,3.5643315
2022-11-26 19:45,3.5718192
2022-11-26 20:00,3.5718192
2022-11-26 20:15,3.5643315
2022-11-26 20:30,3.5680759
2022-11-26 20:45,3.5680759
2022-11-26 21:00,3.5755636
2022-11-26 21:15,3.5721107
2022-11-26 21:30,3.568187
2022-11-26 21:45,3.5721151
2022-11-26 22:00,3.5646263
2022-11-26 22:15,3.5801726
2022-11-26 22:30,3.5688833
2022-11-26 22:45,3.5729731
2022-11-26 23:00,3.5729445
2022-11-26 23:15,3.5845341
2022-11-26 23:30,3.5813221
2022-11-26 23:45,3.5851127
2022-11-27 0:00,3.5895039
2022-11-27 0:15,3.5784687
2022-11-27 0:30,3.5856748
2022-11-27 0:45,3.5817181
2022-11-27 1:00,3.5895237
2022-11-27 1:15,3.5785347
2022-11-27 1:30,3.5934584
2022-11-27 1:45,3.5860576
2022-11-27 2:00,3.5898174
2022-11-27 2:15,3.5936443
2022-11-27 2:30,3.5860895
2022-11-27 2:45,3.5935684
2022-11-27 3:00,3.5898999
2022-11-27 3:15,3.586282
2022-11-27 3:30,3.5974184
2022-11-27 3:45,3.5861918
2022-11-27 4:00,3.5898405
2022-11-27 4:15,3.5935695
2022-11-27 4:30,3.5898218
2022-11-27 4:45,3.5899989
2022-11-27 5:00,3.5823594
2022-11-27 5:15,3.5823352
2022-11-27 5:30,3.5900143
2022-11-27 5:45,3.5864899
2022-11-27 6:00,3.5863986
2022-11-27 6:15,3.5862721
2022-11-27 6:30,3.594026
2022-11-27 6:45,3.590077
2022-11-27 7:00,3.5936091
2022-11-27 7:15,3.5944902
2022-11-27 7:30,3.5903575
2022-11-27 7:45,3.6019493
2022-11-27 8:00,3.5867363
2022-11-27 8:15,3.5903663
2022-11-27 8:30,3.5834704
2022-11-27 8:45,3.5874568
2022-11-27 9:00,3.5866846
2022-11-27 9:15,3.5868848
2022-11-27 9:30,3.590616
2022-11-27 9:45,3.5942537
2022-11-27 10:00,3.5865086
2022-11-27 10:15,3.5975394
2022-11-27 10:30,3.5903476
2022-11-27 10:45,3.6278862
2022-11-27 11:00,3.6800174
2022-11-27 11:15,3.5974415
2022-11-27 11:30,3.5935882
2022-11-27 11:45,3.589824
2022-11-27 12:00,3.5785853
2022-11-27 12:15,3.5860763
2022-11-27 12:30,3.5860763
2022-11-27 12:45,3.5782839
2022-11-27 13:00,3.585831
2022-11-27 13:15,3.5931273
2022-11-27 13:30,3.6002795
2022-11-27 13:45,3.610361
2022-11-27 14:00,3.6177728
2022-11-27 14:15,3.6102642
2022-11-27 14:30,3.6096625
2022-11-27 14:45,3.6181149
2022-11-27 15:00,3.6108296
2022-11-27 15:15,3.6026236
2022-11-27 15:30,3.5945243
2022-11-27 15:45,3.6132067
2022-11-27 16:00,3.6171997
2022-11-27 16:15,3.601946
2022-11-27 16:30,3.6135147
2022-11-27 16:45,3.6173702
2022-11-27 17:00,3.6094865
2022-11-27 17:15,3.6169731
2022-11-27 17:30,3.6248271
2022-11-27 17:45,3.6283581
2022-11-27 18:00,3.6395187
2022-11-27 18:15,3.62861
2022-11-27 18:30,3.6325832
2022-11-27 18:45,3.636497
2022-11-27 19:00,3.6361021
2022-11-27 19:15,3.6357787
2022-11-27 19:30,3.6289378
2022-11-27 19:45,3.6325469
2022-11-27 20:00,3.6362165
2022-11-27 20:15,3.6326393
2022-11-27 20:30,3.6330474
2022-11-27 20:45,3.6367291
2022-11-27 21:00,3.6330364
2022-11-27 21:15,3.6367005
2022-11-27 21:30,3.6327867
2022-11-27 21:45,3.6369117
2022-11-27 22:00,3.6327383
2022-11-27 22:15,3.637344
2022-11-27 22:30,3.641106
2022-11-27 22:45,3.6333928
2022-11-27 23:00,3.6368039
2022-11-27 23:15,3.6443752
2022-11-27 23:30,3.6446854
2022-11-27 23:45,3.6375475
2022-11-28 0:00,3.6379853
2022-11-28 0:15,3.634319
2022-11-28 0:30,3.6418001
2022-11-28 0:45,3.6343597
2022-11-28 1:00,3.6417836
2022-11-28 1:15,3.6381261
2022-11-28 1:30,3.6347007
2022-11-28 1:45,3.6416252
2022-11-28 2:00,3.6410895
2022-11-28 2:15,3.6380458
2022-11-28 2:30,3.6418221
2022-11-28 2:45,3.6338856
2022-11-28 3:00,3.6417077
2022-11-28 3:15,3.6379556
2022-11-28 3:30,3.6379171
2022-11-28 3:45,3.6370272
2022-11-28 4:00,3.6412259
2022-11-28 4:15,3.6303414
2022-11-28 4:30,3.634495
2022-11-28 4:45,3.6378467
2022-11-28 5:00,3.6380381
2022-11-28 5:15,3.6452365
2022-11-28 5:30,3.6446964
2022-11-28 5:45,3.6365707
2022-11-28 6:00,3.633186
2022-11-28 6:15,3.6146257
2022-11-28 6:30,3.6181831
2022-11-28 6:45,3.6212257
2022-11-28 7:00,3.6243585
2022-11-28 7:15,3.6317439
2022-11-28 7:30,3.6431377
2022-11-28 7:45,3.6392415
2022-11-28 8:00,3.6354718
2022-11-28 8:15,3.6358513
2022-11-28 8:30,3.636156
2022-11-28 8:45,3.6624757
2022-11-28 9:00,3.6133607
2022-11-28 9:15,3.5647066
2022-11-28 9:30,3.594345
2022-11-28 9:45,3.5643414
2022-11-28 10:00,3.5568438
2022-11-28 10:15,3.5530994
2022-11-28 10:30,3.5942845
2022-11-28 10:45,3.5980278
2022-11-28 11:00,3.5268908
2022-11-28 11:15,3.5306352
2022-11-28 11:30,3.5306352
2022-11-28 11:45,3.579308
2022-11-28 12:00,3.5568438
2022-11-28 12:15,3.5605882
2022-11-28 12:30,3.5718192
2022-11-28 12:45,3.5343785
2022-11-28 13:00,3.5381229
2022-11-28 13:15,3.5643315
2022-11-28 13:30,3.5680759
2022-11-28 13:45,3.5980278
2022-11-28 14:00,3.5493561
2022-11-28 14:15,3.6055166
2022-11-28 14:30,3.5680759
2022-11-28 14:45,3.5680759
2022-11-28 15:00,3.5643315
2022-11-28 15:15,3.579308
2022-11-28 15:30,3.5718192
2022-11-28 15:45,3.5755636
2022-11-28 16:00,3.579308
2022-11-28 16:15,3.5568438
2022-11-28 16:30,3.5343785
2022-11-28 16:45,3.5755636
2022-11-28 17:00,3.5680759
2022-11-28 17:15,3.5418673
2022-11-28 17:30,3.5718192
2022-11-28 17:45,3.5680759
2022-11-28 18:00,3.5605882
2022-11-28 18:15,3.579308
2022-11-28 18:30,3.5755636
2022-11-28 18:45,3.5456117
2022-11-28 19:00,3.5306352
2022-11-28 19:15,3.5530994
2022-11-28 19:30,3.5418673
2022-11-28 19:45,3.5268908
2022-11-28 20:00,3.5643315
2022-11-28 20:15,3.5456117
2022-11-28 20:30,3.5343785
2022-11-28 20:45,3.5530994
2022-11-28 21:00,3.5418673
2022-11-28 21:15,3.5231475
2022-11-28 21:30,3.5456117
2022-11-28 21:45,3.5268908
2022-11-28 22:00,3.5194031
2022-11-28 22:15,3.5381229
2022-11-28 22:30,3.5456117
2022-11-28 22:45,3.5306352
2022-11-28 23:00,3.5381229
2022-11-28 23:15,3.5194031
2022-11-28 23:30,3.5194031
2022-11-28 23:45,3.5530994
2022-11-29 0:00,3.5006833
2022-11-29 0:15,3.5194031
2022-11-29 0:30,3.5306352
2022-11-29 0:45,3.5006833
2022-11-29 1:00,3.5268908
2022-11-29 1:15,3.508171
2022-11-29 1:30,3.4894501
2022-11-29 1:45,3.5268908
2022-11-29 2:00,3.4857068
2022-11-29 2:15,3.5194031
2022-11-29 2:30,3.508171
2022-11-29 2:45,3.5194031
2022-11-29 3:00,3.4894501
2022-11-29 3:15,3.508171
2022-11-29 3:30,3.4931945
2022-11-29 3:45,3.5006833
2022-11-29 4:00,3.5306352
2022-11-29 4:15,3.5156598
2022-11-29 4:30,3.5119154
2022-11-29 4:45,3.5268908
2022-11-29 5:00,3.5119154
2022-11-29 5:15,3.5194031
2022-11-29 5:30,3.5119154
2022-11-29 5:45,3.5119154
2022-11-29 6:00,3.5156598
2022-11-29 6:15,3.5306352
2022-11-29 6:30,3.5268908
2022-11-29 6:45,3.5268908
2022-11-29 7:00,3.508171
2022-11-29 7:15,3.5381229
2022-11-29 7:30,3.5568438
2022-11-29 7:45,3.5680759
2022-11-29 8:00,3.5493561
2022-11-29 8:15,3.5755636
2022-11-29 8:30,3.5456117
2022-11-29 8:45,3.5605882
2022-11-29 9:00,3.5680759
2022-11-29 9:15,3.5643315
2022-11-29 9:30,3.5643315
2022-11-29 9:45,3.5605882
2022-11-29 10:00,3.5718192
2022-11-29 10:15,3.5867957
2022-11-29 10:30,3.5680759
2022-11-29 10:45,3.579308
2022-11-29 11:00,3.5867957
2022-11-29 11:15,3.5830524
2022-11-29 11:30,3.5867957
2022-11-29 11:45,3.579308
2022-11-29 12:00,3.579308
2022-11-29 12:15,3.5755636
2022-11-29 12:30,3.5755636
2022-11-29 12:45,3.579308
2022-11-29 13:00,3.5867957
2022-11-29 13:15,3.579308
2022-11-29 13:30,3.5980278
2022-11-29 13:45,3.5755636
2022-11-29 14:00,3.579308
2022-11-29 14:15,3.6392129
2022-11-29 14:30,3.5830524
2022-11-29 14:45,3.579308
2022-11-29 15:00,3.5830524
2022-11-29 15:15,3.5830524
2022-11-29 15:30,3.5830524
2022-11-29 15:45,3.6167476
2022-11-29 16:00,3.5830524
2022-11-29 16:15,3.579308
2022-11-29 16:30,3.6541883
2022-11-29 16:45,3.6055166
2022-11-29 17:00,3.6130043
2022-11-29 17:15,3.6092599
2022-11-29 17:30,3.5980278
2022-11-29 17:45,3.6092599
2022-11-29 18:00,3.6092599
2022-11-29 18:15,3.6130043
2022-11-29 18:30,3.6130043
2022-11-29 18:45,3.6130043
2022-11-29 19:00,3.6132463
2022-11-29 19:15,3.624276
2022-11-29 19:30,3.6206218
2022-11-29 19:45,3.6218615
2022-11-29 20:00,3.6263913
2022-11-29 20:15,3.62619
2022-11-29 20:30,3.6345027
2022-11-29 20:45,3.6305691
2022-11-29 21:00,3.634231
2022-11-29 21:15,3.6346754
2022-11-29 21:30,3.6347491
2022-11-29 21:45,3.6272713
2022-11-29 22:00,3.6347623
2022-11-29 22:15,3.6347623
2022-11-29 22:30,3.6385089
2022-11-29 22:45,3.6385089
2022-11-29 23:00,3.6722162
2022-11-29 23:15,3.6759606
2022-11-29 23:30,3.672522
2022-11-29 23:45,3.6723933
2022-11-30 0:00,3.6760563
2022-11-30 0:15,3.6840401
2022-11-30 0:30,3.6729125
2022-11-30 0:45,3.6844537
2022-11-30 1:00,3.6847276
2022-11-30 1:15,3.6846946
2022-11-30 1:30,3.6769638
2022-11-30 1:45,3.6780286
2022-11-30 2:00,3.67415
2022-11-30 2:15,3.6777162
2022-11-30 2:30,3.6932031
2022-11-30 2:45,3.6821459
2022-11-30 3:00,3.6901539
2022-11-30 3:15,3.7012848
2022-11-30 3:30,3.6864766
2022-11-30 3:45,3.6939995
2022-11-30 4:00,3.6977494
2022-11-30 4:15,3.7202301
2022-11-30 4:30,3.7277222
2022-11-30 4:45,3.7164824
2022-11-30 5:00,3.7164824
2022-11-30 5:15,3.7239756
2022-11-30 5:30,3.7089892
2022-11-30 5:45,3.7164824
2022-11-30 6:00,3.7277222
2022-11-30 6:15,3.7239756
2022-11-30 6:30,3.7127358
2022-11-30 6:45,3.7314688
2022-11-30 7:00,3.7277222
2022-11-30 7:15,3.7352154
2022-11-30 7:30,3.7314688
2022-11-30 7:45,3.7277222
2022-11-30 8:00,3.738962
2022-11-30 8:15,3.7427086
2022-11-30 8:30,3.7464552
2022-11-30 8:45,3.7352154
2022-11-30 9:00,3.7502018
2022-11-30 9:15,3.7651882
2022-11-30 9:30,3.7539484
2022-11-30 9:45,3.7801746
2022-11-30 10:00,3.8775862
2022-11-30 10:15,3.776428
2022-11-30 10:30,3.7689348
2022-11-30 10:45,3.7614416
2022-11-30 11:00,3.7539484
2022-11-30 11:15,3.776428
2022-11-30 11:30,3.7651882
2022-11-30 11:45,3.776428
2022-11-30 12:00,3.7502018
2022-11-30 12:15,3.7427086
2022-11-30 12:30,3.7839212
2022-11-30 12:45,3.776428
2022-11-30 13:00,3.7614416
2022-11-30 13:15,3.7464552
2022-11-30 13:30,3.7726814
2022-11-30 13:45,3.7839212
2022-11-30 14:00,3.7876678
2022-11-30 14:15,3.7614416
2022-11-30 14:30,3.7614416
2022-11-30 14:45,3.7651882
2022-11-30 15:00,3.7876678
2022-11-30 15:15,3.7689348
2022-11-30 15:30,3.776428
2022-11-30 15:45,3.7614416
2022-11-30 16:00,3.7689348
2022-11-30 16:15,3.776428
2022-11-30 16:30,3.7614416
2022-11-30 16:45,3.7726814
2022-11-30 17:00,3.7502018
2022-11-30 17:15,3.7726814
2022-11-30 17:30,3.776428
2022-11-30 17:45,3.776428
2022-11-30 18:00,3.7539484
2022-11-30 18:15,3.757695
2022-11-30 18:30,3.7689348
2022-11-30 18:45,3.7726814
2022-11-30 19:00,3.7876678
2022-11-30 19:15,3.7651882
2022-11-30 19:30,3.7839212
2022-11-30 19:45,3.7839212
2022-11-30 20:00,3.7876678
2022-11-30 20:15,3.7876678
2022-11-30 20:30,3.8064008
2022-11-30 20:45,3.795161
2022-11-30 21:00,3.8213872
2022-11-30 21:15,3.8213872
2022-11-30 21:30,3.832627
2022-11-30 21:45,3.832627
2022-11-30 22:00,3.813894
2022-11-30 22:15,3.8140535
2022-11-30 22:30,3.8176637
2022-11-30 22:45,3.8138995
2022-11-30 23:00,3.8288837
2022-11-30 23:15,3.8290817
2022-11-30 23:30,3.8176758
2022-11-30 23:45,3.8401268
2022-12-01 0:00,3.8215819
2022-12-01 0:15,3.841614
2022-12-01 0:30,3.8273371
2022-12-01 0:45,3.8463891
2022-12-01 1:00,3.8241108
2022-12-01 1:15,3.8431716
2022-12-01 1:30,3.8244859
2022-12-01 1:45,3.8244958
2022-12-01 2:00,3.8280444
2022-12-01 2:15,3.8394547
2022-12-01 2:30,3.8244914
2022-12-01 2:45,3.8432343
2022-12-01 3:00,3.8394866
2022-12-01 3:15,3.8244958
2022-12-01 3:30,3.8394866
2022-12-01 3:45,3.8282435
2022-12-01 4:00,3.8431705
2022-12-01 4:15,3.8244859
2022-12-01 4:30,3.8207481
2022-12-01 4:45,3.8282435
2022-12-01 5:00,3.8244958
2022-12-01 5:15,3.8244958
2022-12-01 5:30,3.8244958
2022-12-01 5:45,3.8207481
2022-12-01 6:00,3.8244958
2022-12-01 6:15,3.8394866
2022-12-01 6:30,3.8244958
2022-12-01 6:45,3.8357389
2022-12-01 7:00,3.8432343
2022-12-01 7:15,3.8432343
2022-12-01 7:30,3.8282435
2022-12-01 7:45,3.8432343
2022-12-01 8:00,3.8507308
2022-12-01 8:15,3.8394866
2022-12-01 8:30,3.8507308
2022-12-01 8:45,3.8657216
2022-12-01 9:00,3.8732181
2022-12-01 9:15,3.8544785
2022-12-01 9:30,3.8694693
2022-12-01 9:45,3.8657216
2022-12-01 10:00,3.8732181
2022-12-01 10:15,3.8507308
2022-12-01 10:30,3.8507308
2022-12-01 10:45,3.8507308
2022-12-01 11:00,3.8582262
2022-12-01 11:15,3.8694693
2022-12-01 11:30,3.8544785
2022-12-01 11:45,3.8694693
2022-12-01 12:00,3.8657216
2022-12-01 12:15,3.8730179
2022-12-01 12:30,3.869444
2022-12-01 12:45,3.8469798
2022-12-01 13:00,3.8657216
2022-12-01 13:15,3.8544785
2022-12-01 13:30,3.8612831
2022-12-01 13:45,3.8730212
2022-12-01 14:00,3.8691261
2022-12-01 14:15,3.8608013
2022-12-01 14:30,3.864989
2022-12-01 14:45,3.8533246
2022-12-01 15:00,3.864846
2022-12-01 15:15,3.8493525
2022-12-01 15:30,3.8561472
2022-12-01 15:45,3.8491314
2022-12-01 16:00,3.8710489
2022-12-01 16:15,3.8517142
2022-12-01 16:30,3.848236
2022-12-01 16:45,3.86676
2022-12-01 17:00,3.8665191
2022-12-01 17:15,3.8518957
2022-12-01 17:30,3.8705627
2022-12-01 17:45,3.8630739
2022-12-01 18:00,3.8560218
2022-12-01 18:15,3.8702481
2022-12-01 18:30,3.8518264
2022-12-01 18:45,3.8703317
2022-12-01 19:00,3.8552298
2022-12-01 19:15,3.8516317
2022-12-01 19:30,3.870951
2022-12-01 19:45,3.8517923
2022-12-01 20:00,3.8628572
2022-12-01 20:15,3.8704494
2022-12-01 20:30,3.856024
2022-12-01 20:45,3.8522609
2022-12-01 21:00,3.8567093
2022-12-01 21:15,3.856629
2022-12-01 21:30,3.853186
2022-12-01 21:45,3.8752993
2022-12-01 22:00,3.8569623
2022-12-01 22:15,3.8720433
2022-12-01 22:30,3.8569161
2022-12-01 22:45,3.8753873
2022-12-01 23:00,3.8533928
2022-12-01 23:15,3.8578511
2022-12-01 23:30,3.8574276
2022-12-01 23:45,3.8574408
2022-12-02 0:00,3.8650924
2022-12-02 0:15,3.8578346
2022-12-02 0:30,3.8764191
2022-12-02 0:45,3.858136
2022-12-02 1:00,3.8581107
2022-12-02 1:15,3.8766446
2022-12-02 1:30,3.876913
2022-12-02 1:45,3.8730828
2022-12-02 2:00,3.8580447
2022-12-02 2:15,3.8544488
2022-12-02 2:30,3.8581217
2022-12-02 2:45,3.8769493
2022-12-02 3:00,3.8732159
2022-12-02 3:15,3.8581448
2022-12-02 3:30,3.858213
2022-12-02 3:45,3.8694693
2022-12-02 4:00,3.8582262
2022-12-02 4:15,3.8807135
2022-12-02 4:30,3.8807135
2022-12-02 4:45,3.8769658
2022-12-02 5:00,3.8807135
2022-12-02 5:15,3.8582262
2022-12-02 5:30,3.8619739
2022-12-02 5:45,3.8807135
2022-12-02 6:00,3.8807135
2022-12-02 6:15,3.8807135
2022-12-02 6:30,3.8582262
2022-12-02 6:45,3.8582262
2022-12-02 7:00,3.8732181
2022-12-02 7:15,3.8657216
2022-12-02 7:30,3.8319912
2022-12-02 7:45,3.8544785
2022-12-02 8:00,3.8582262
2022-12-02 8:15,3.8432343
2022-12-02 8:30,3.8432343
2022-12-02 8:45,3.8507308
2022-12-02 9:00,3.8356377
2022-12-02 9:15,3.8316172
2022-12-02 9:30,3.822023
2022-12-02 9:45,3.8552144
2022-12-02 10:00,3.8101661
2022-12-02 10:15,3.7614471
2022-12-02 10:30,3.7689381
2022-12-02 10:45,3.7651915
2022-12-02 11:00,3.7576983
2022-12-02 11:15,3.7651915
2022-12-02 11:30,3.8026575
2022-12-02 11:45,3.8363769
2022-12-02 12:00,3.8438701
2022-12-02 12:15,3.8438701
2022-12-02 12:30,3.8326303
2022-12-02 12:45,3.8326303
2022-12-02 13:00,3.8251371
2022-12-02 13:15,3.8476167
2022-12-02 13:30,3.8363769
2022-12-02 13:45,3.8176439
2022-12-02 14:00,3.8363769
2022-12-02 14:15,3.8326303
2022-12-02 14:30,3.8288837
2022-12-02 14:45,3.8213905
2022-12-02 15:00,3.8251371
2022-12-02 15:15,3.8026575
2022-12-02 15:30,3.8064041
2022-12-02 15:45,3.7951643
2022-12-02 16:00,3.8064041
2022-12-02 16:15,3.7989109
2022-12-02 16:30,3.8026575
2022-12-02 16:45,3.7726847
2022-12-02 17:00,3.7801779
2022-12-02 17:15,3.7726847
2022-12-02 17:30,3.7764313
2022-12-02 17:45,3.7764313
2022-12-02 18:00,3.7876711
2022-12-02 18:15,3.8026575
2022-12-02 18:30,3.7876711
2022-12-02 18:45,3.8251371
2022-12-02 19:00,3.8101507
2022-12-02 19:15,3.8026575
2022-12-02 19:30,3.8138973
2022-12-02 19:45,3.8101507
2022-12-02 20:00,3.8251371
2022-12-02 20:15,3.8064041
2022-12-02 20:30,3.8251371
2022-12-02 20:45,3.8064041
2022-12-02 21:00,3.8176439
2022-12-02 21:15,3.8176439
2022-12-02 21:30,3.8326303
2022-12-02 21:45,3.8288837
2022-12-02 22:00,3.8326303
2022-12-02 22:15,3.8288837
2022-12-02 22:30,3.8064041
2022-12-02 22:45,3.8288837
2022-12-02 23:00,3.8101507
2022-12-02 23:15,3.8026575
2022-12-02 23:30,3.8026575
2022-12-02 23:45,3.8026575
2022-12-03 0:00,3.8213905
2022-12-03 0:15,3.8176439
2022-12-03 0:30,3.8138973
2022-12-03 0:45,3.8138973
2022-12-03 1:00,3.8101507
2022-12-03 1:15,3.8101507
2022-12-03 1:30,3.8101507
2022-12-03 1:45,3.8064041
2022-12-03 2:00,3.8064041
2022-12-03 2:15,3.8138973
2022-12-03 2:30,3.8176439
2022-12-03 2:45,3.8064041
2022-12-03 3:00,3.8101507
2022-12-03 3:15,3.8026575
2022-12-03 3:30,3.8064041
2022-12-03 3:45,3.8251371
2022-12-03 4:00,3.8251371
2022-12-03 4:15,3.8213905
2022-12-03 4:30,3.8101507
2022-12-03 4:45,3.8138973
2022-12-03 5:00,3.8176439
2022-12-03 5:15,3.8176439
2022-12-03 5:30,3.8101507
2022-12-03 5:45,3.8101507
2022-12-03 6:00,3.8101507
2022-12-03 6:15,3.8064041
2022-12-03 6:30,3.8176439
2022-12-03 6:45,3.8213905
2022-12-03 7:00,3.8213905
2022-12-03 7:15,3.8064041
2022-12-03 7:30,3.8064041
2022-12-03 7:45,3.7951643
2022-12-03 8:00,3.7726847
2022-12-03 8:15,3.7726847
