TIMESTAMP,
단위,
factor,
초기치,
2022-09-16 18:30,0.005051
2022-09-16 18:35,0.005023
2022-09-16 18:40,0.005116
2022-09-16 18:45,0.005191
2022-09-16 18:50,0.005252
2022-09-16 18:55,0.005217
2022-09-16 19:00,0.005187
2022-09-16 19:05,0.005128
2022-09-16 19:10,0.004926
2022-09-16 19:15,0.004867
2022-09-16 19:20,0.004666
2022-09-16 19:25,0.004504
2022-09-16 19:30,0.004303
2022-09-16 19:35,0.003919
2022-09-16 19:40,0.002836
2022-09-16 19:45,-0.000336
2022-09-16 19:50,-0.003531
2022-09-16 19:55,-0.006726
2022-09-16 20:00,-0.009842
2022-09-16 20:05,-0.012957
2022-09-16 20:10,-0.016013
2022-09-16 20:15,-0.019476
2022-09-16 20:20,-0.023041
2022-09-16 20:25,-0.026566
2022-09-16 20:30,-0.030107
2022-09-16 20:35,-0.033927
2022-09-16 20:40,-0.037525
2022-09-16 20:45,-0.040425
2022-09-16 20:50,-0.041327
2022-09-16 20:55,-0.042496
2022-09-16 21:00,-0.043664
2022-09-16 21:05,-0.044833
2022-09-16 21:10,-0.046001
2022-09-16 21:15,-0.047170
2022-09-16 21:20,-0.047830
2022-09-16 21:25,-0.048490
2022-09-16 21:30,-0.048513
2022-09-16 21:35,-0.048521
2022-09-16 21:40,-0.048249
2022-09-16 21:45,-0.047978
2022-09-16 21:50,-0.047419
2022-09-16 21:55,-0.046848
2022-09-16 22:00,-0.045988
2022-09-16 22:05,-0.045398
2022-09-16 22:10,-0.044808
2022-09-16 22:15,-0.044218
2022-09-16 22:20,-0.043921
2022-09-16 22:25,-0.043889
2022-09-16 22:30,-0.043889
2022-09-16 22:35,-0.044463
2022-09-16 22:40,-0.045004
2022-09-16 22:45,-0.045546
2022-09-16 22:50,-0.046405
2022-09-16 22:55,-0.047550
2022-09-16 23:00,-0.048696
2022-09-16 23:05,-0.049842
2022-09-16 23:10,-0.050717
2022-09-16 23:15,-0.051266
2022-09-16 23:20,-0.051282
2022-09-16 23:25,-0.051005
2022-09-16 23:30,-0.050464
2022-09-16 23:35,-0.049890
2022-09-16 23:40,-0.049316
2022-09-16 23:45,-0.048201
2022-09-16 23:50,-0.047086
2022-09-16 23:55,-0.045653
2022-09-17 00:00,-0.044508
2022-09-17 00:05,-0.043362
2022-09-17 00:10,-0.042216
2022-09-17 00:15,-0.041071
2022-09-17 00:20,-0.040251
2022-09-17 00:25,-0.039964
2022-09-17 00:30,-0.039677
2022-09-17 00:35,-0.039390
2022-09-17 00:40,-0.039103
2022-09-17 00:45,-0.038530
2022-09-17 00:50,-0.038816
2022-09-17 00:55,-0.039074
2022-09-17 01:00,-0.039331
2022-09-17 01:05,-0.039044
2022-09-17 01:10,-0.038757
2022-09-17 01:15,-0.038470
2022-09-17 01:20,-0.038441
2022-09-17 01:25,-0.038439
2022-09-17 01:30,-0.038437
2022-09-17 01:35,-0.038408
2022-09-17 01:40,-0.038406
2022-09-17 01:45,-0.038404
2022-09-17 01:50,-0.038690
2022-09-17 01:55,-0.038689
2022-09-17 02:00,-0.038717
2022-09-17 02:05,-0.038745
2022-09-17 02:10,-0.039030
2022-09-17 02:15,-0.039316
2022-09-17 02:20,-0.039601
2022-09-17 02:25,-0.039620
2022-09-17 02:30,-0.039612
2022-09-17 02:35,-0.039603
2022-09-17 02:40,-0.039623
2022-09-17 02:45,-0.039520
2022-09-17 02:50,-0.039416
2022-09-17 02:55,-0.039312
2022-09-17 03:00,-0.039304
2022-09-17 03:05,-0.039233
2022-09-17 03:10,-0.039162
2022-09-17 03:15,-0.039126
2022-09-17 03:20,-0.039054
2022-09-17 03:25,-0.039019
2022-09-17 03:30,-0.038992
2022-09-17 03:35,-0.038965
2022-09-17 03:40,-0.039463
2022-09-17 03:45,-0.040005
2022-09-17 03:50,-0.040642
2022-09-17 03:55,-0.041466
2022-09-17 04:00,-0.042103
2022-09-17 04:05,-0.042604
2022-09-17 04:10,-0.043167
2022-09-17 04:15,-0.043731
2022-09-17 04:20,-0.044028
2022-09-17 04:25,-0.044360
2022-09-17 04:30,-0.044657
2022-09-17 04:35,-0.044954
2022-09-17 04:40,-0.045225
2022-09-17 04:45,-0.044415
2022-09-17 04:50,-0.043562
2022-09-17 04:55,-0.042708
2022-09-17 05:00,-0.041635
2022-09-17 05:05,-0.040739
2022-09-17 05:10,-0.039870
2022-09-17 05:15,-0.038780
2022-09-17 05:20,-0.037690
2022-09-17 05:25,-0.037052
2022-09-17 05:30,-0.036438
2022-09-17 05:35,-0.035800
2022-09-17 05:40,-0.035162
2022-09-17 05:45,-0.034509
2022-09-17 05:50,-0.034316
2022-09-17 05:55,-0.034123
2022-09-17 06:00,-0.034025
2022-09-17 06:05,-0.034001
2022-09-17 06:10,-0.034818
2022-09-17 06:15,-0.035708
2022-09-17 06:20,-0.036931
2022-09-17 06:25,-0.039956
2022-09-17 06:30,-0.042990
2022-09-17 06:35,-0.046018
2022-09-17 06:40,-0.049070
2022-09-17 06:45,-0.052279
2022-09-17 06:50,-0.055779
2022-09-17 06:55,-0.059375
2022-09-17 07:00,-0.063086
2022-09-17 07:05,-0.066702
2022-09-17 07:10,-0.069754
2022-09-17 07:15,-0.072498
2022-09-17 07:20,-0.074777
2022-09-17 07:25,-0.076827
2022-09-17 07:30,-0.077191
2022-09-17 07:35,-0.077379
2022-09-17 07:40,-0.077496
2022-09-17 07:45,-0.077613
2022-09-17 07:50,-0.077351
2022-09-17 07:55,-0.076652
2022-09-17 08:00,-0.075884
2022-09-17 08:05,-0.075000
2022-09-17 08:10,-0.074372
2022-09-17 08:15,-0.073943
2022-09-17 08:20,-0.072991
2022-09-17 08:25,-0.072445
2022-09-17 08:30,-0.071976
2022-09-17 08:35,-0.071389
2022-09-17 08:40,-0.070750
2022-09-17 08:45,-0.070164
2022-09-17 08:50,-0.069869
2022-09-17 08:55,-0.070213
2022-09-17 09:00,-0.070744
2022-09-17 09:05,-0.071345
2022-09-17 09:10,-0.071943
2022-09-17 09:15,-0.071959
2022-09-17 09:20,-0.072298
2022-09-17 09:25,-0.072637
2022-09-17 09:30,-0.072977
2022-09-17 09:35,-0.073683
2022-09-17 09:40,-0.074390
2022-09-17 09:45,-0.075096
2022-09-17 09:50,-0.075805
2022-09-17 09:55,-0.076257
2022-09-17 10:00,-0.076391
2022-09-17 10:05,-0.076733
2022-09-17 10:10,-0.077292
2022-09-17 10:15,-0.077853
2022-09-17 10:20,-0.078850
2022-09-17 10:25,-0.080002
2022-09-17 10:30,-0.081155
2022-09-17 10:35,-0.082307
2022-09-17 10:40,-0.083133
2022-09-17 10:45,-0.083803
2022-09-17 10:50,-0.084473
2022-09-17 10:55,-0.085297
2022-09-17 11:00,-0.086086
2022-09-17 11:05,-0.086620
2022-09-17 11:10,-0.086945
2022-09-17 11:15,-0.087551
2022-09-17 11:20,-0.088175
2022-09-17 11:25,-0.088797
2022-09-17 11:30,-0.089439
2022-09-17 11:35,-0.090120
2022-09-17 11:40,-0.090883
2022-09-17 11:45,-0.092075
2022-09-17 11:50,-0.093508
2022-09-17 11:55,-0.095461
2022-09-17 12:00,-0.097798
2022-09-17 12:05,-0.100136
2022-09-17 12:10,-0.102927
2022-09-17 12:15,-0.105764
2022-09-17 12:20,-0.108113
2022-09-17 12:25,-0.111078
2022-09-17 12:30,-0.113940
2022-09-17 12:35,-0.117091
2022-09-17 12:40,-0.120877
2022-09-17 12:45,-0.124731
2022-09-17 12:50,-0.128925
2022-09-17 12:55,-0.133036
2022-09-17 13:00,-0.137432
2022-09-17 13:05,-0.141992
2022-09-17 13:10,-0.146670
2022-09-17 13:15,-0.151090
2022-09-17 13:20,-0.155772
2022-09-17 13:25,-0.160487
2022-09-17 13:30,-0.165017
2022-09-17 13:35,-0.169543
2022-09-17 13:40,-0.173604
2022-09-17 13:45,-0.176990
2022-09-17 13:50,-0.180076
2022-09-17 13:55,-0.182391
2022-09-17 14:00,-0.184409
2022-09-17 14:05,-0.185578
2022-09-17 14:10,-0.185259
2022-09-17 14:15,-0.183398
2022-09-17 14:20,-0.181475
2022-09-17 14:25,-0.178688
2022-09-17 14:30,-0.175846
2022-09-17 14:35,-0.172284
2022-09-17 14:40,-0.168721
2022-09-17 14:45,-0.165159
2022-09-17 14:50,-0.161597
2022-09-17 14:55,-0.158187
2022-09-17 15:00,-0.154716
2022-09-17 15:05,-0.151541
2022-09-17 15:10,-0.148186
2022-09-17 15:15,-0.145537
2022-09-17 15:20,-0.144390
2022-09-17 15:25,-0.143552
2022-09-17 15:30,-0.143539
2022-09-17 15:35,-0.143270
2022-09-17 15:40,-0.143272
2022-09-17 15:45,-0.143275
2022-09-17 15:50,-0.143278
2022-09-17 15:55,-0.142994
2022-09-17 16:00,-0.142711
2022-09-17 16:05,-0.143546
2022-09-17 16:10,-0.144381
2022-09-17 16:15,-0.145439
2022-09-17 16:20,-0.146620
2022-09-17 16:25,-0.147722
2022-09-17 16:30,-0.147434
2022-09-17 16:35,-0.146864
2022-09-17 16:40,-0.146434
2022-09-17 16:45,-0.146004
2022-09-17 16:50,-0.145430
2022-09-17 16:55,-0.144784
2022-09-17 17:00,-0.144423
2022-09-17 17:05,-0.143563
2022-09-17 17:10,-0.141353
2022-09-17 17:15,-0.138569
2022-09-17 17:20,-0.135777
2022-09-17 17:25,-0.132667
2022-09-17 17:30,-0.129533
2022-09-17 17:35,-0.127202
2022-09-17 17:40,-0.124636
2022-09-17 17:45,-0.122196
2022-09-17 17:50,-0.119679
2022-09-17 17:55,-0.117098
2022-09-17 18:00,-0.114227
2022-09-17 18:05,-0.111115
2022-09-17 18:10,-0.108504
2022-09-17 18:15,-0.106123
2022-09-17 18:20,-0.104121
2022-09-17 18:25,-0.102126
2022-09-17 18:30,-0.100405
2022-09-17 18:35,-0.098700
2022-09-17 18:40,-0.096726
2022-09-17 18:45,-0.095571
2022-09-17 18:50,-0.094417
2022-09-17 18:55,-0.093289
2022-09-17 19:00,-0.092369
2022-09-17 19:05,-0.091812
2022-09-17 19:10,-0.090976
2022-09-17 19:15,-0.090002
2022-09-17 19:20,-0.089089
2022-09-17 19:25,-0.088182
2022-09-17 19:30,-0.087465
2022-09-17 19:35,-0.086749
2022-09-17 19:40,-0.086039
2022-09-17 19:45,-0.085902
2022-09-17 19:50,-0.085045
2022-09-17 19:55,-0.084189
2022-09-17 20:00,-0.083342
2022-09-17 20:05,-0.082247
2022-09-17 20:10,-0.081152
2022-09-17 20:15,-0.080576
2022-09-17 20:20,-0.080138
2022-09-17 20:25,-0.079699
2022-09-17 20:30,-0.079451
2022-09-17 20:35,-0.079013
2022-09-17 20:40,-0.078561
2022-09-17 20:45,-0.078109
2022-09-17 20:50,-0.077657
2022-09-17 20:55,-0.077353
2022-09-17 21:00,-0.077240
2022-09-17 21:05,-0.077446
2022-09-17 21:10,-0.077899
2022-09-17 21:15,-0.078353
2022-09-17 21:20,-0.079032
2022-09-17 21:25,-0.079485
2022-09-17 21:30,-0.079881
2022-09-17 21:35,-0.080277
2022-09-17 21:40,-0.080673
2022-09-17 21:45,-0.081150
2022-09-17 21:50,-0.081559
2022-09-17 21:55,-0.081751
2022-09-17 22:00,-0.081943
2022-09-17 22:05,-0.081943
2022-09-17 22:10,-0.081116
2022-09-17 22:15,-0.080269
2022-09-17 22:20,-0.079422
2022-09-17 22:25,-0.078147
2022-09-17 22:30,-0.077096
2022-09-17 22:35,-0.076728
2022-09-17 22:40,-0.075735
2022-09-17 22:45,-0.074726
2022-09-17 22:50,-0.073649
2022-09-17 22:55,-0.072640
2022-09-17 23:00,-0.071848
2022-09-17 23:05,-0.071104
2022-09-17 23:10,-0.070329
2022-09-17 23:15,-0.070106
2022-09-17 23:20,-0.069903
2022-09-17 23:25,-0.069683
2022-09-17 23:30,-0.069666
2022-09-17 23:35,-0.069649
2022-09-17 23:40,-0.069009
2022-09-17 23:45,-0.068992
2022-09-17 23:50,-0.068938
2022-09-17 23:55,-0.068819
2022-09-18 00:00,-0.068699
2022-09-18 00:05,-0.068463
2022-09-18 00:10,-0.068179
2022-09-18 00:15,-0.067778
2022-09-18 00:20,-0.067377
2022-09-18 00:25,-0.066921
2022-09-18 00:30,-0.066483
2022-09-18 00:35,-0.066045
2022-09-18 00:40,-0.065607
2022-09-18 00:45,-0.065112
2022-09-18 00:50,-0.064595
2022-09-18 00:55,-0.064025
2022-09-18 01:00,-0.063464
2022-09-18 01:05,-0.062903
2022-09-18 01:10,-0.062459
2022-09-18 01:15,-0.062015
2022-09-18 01:20,-0.061718
2022-09-18 01:25,-0.061422
2022-09-18 01:30,-0.061032
2022-09-18 01:35,-0.060642
2022-09-18 01:40,-0.060206
2022-09-18 01:45,-0.059769
2022-09-18 01:50,-0.059435
2022-09-18 01:55,-0.059237
2022-09-18 02:00,-0.059032
2022-09-18 02:05,-0.058884
2022-09-18 02:10,-0.058736
2022-09-18 02:15,-0.058448
2022-09-18 02:20,-0.058160
2022-09-18 02:25,-0.057873
2022-09-18 02:30,-0.057528
2022-09-18 02:35,-0.057332
2022-09-18 02:40,-0.057136
2022-09-18 02:45,-0.056986
2022-09-18 02:50,-0.056831
2022-09-18 02:55,-0.056630
2022-09-18 03:00,-0.056207
2022-09-18 03:05,-0.055898
2022-09-18 03:10,-0.055696
2022-09-18 03:15,-0.055495
2022-09-18 03:20,-0.055433
2022-09-18 03:25,-0.055371
2022-09-18 03:30,-0.055315
2022-09-18 03:35,-0.055814
2022-09-18 03:40,-0.055809
2022-09-18 03:45,-0.055696
2022-09-18 03:50,-0.056059
2022-09-18 03:55,-0.056563
2022-09-18 04:00,-0.057067
2022-09-18 04:05,-0.057680
2022-09-18 04:10,-0.058292
2022-09-18 04:15,-0.058666
2022-09-18 04:20,-0.059034
2022-09-18 04:25,-0.059402
2022-09-18 04:30,-0.059719
2022-09-18 04:35,-0.060031
2022-09-18 04:40,-0.059793
2022-09-18 04:45,-0.060058
2022-09-18 04:50,-0.060432
2022-09-18 04:55,-0.060177
2022-09-18 05:00,-0.059785
2022-09-18 05:05,-0.058802
2022-09-18 05:10,-0.057819
2022-09-18 05:15,-0.056812
2022-09-18 05:20,-0.055540
2022-09-18 05:25,-0.054263
2022-09-18 05:30,-0.052986
2022-09-18 05:35,-0.051752
2022-09-18 05:40,-0.050503
2022-09-18 05:45,-0.049305
2022-09-18 05:50,-0.048106
2022-09-18 05:55,-0.046924
2022-09-18 06:00,-0.045879
2022-09-18 06:05,-0.044750
2022-09-18 06:10,-0.044212
2022-09-18 06:15,-0.043673
2022-09-18 06:20,-0.043077
2022-09-18 06:25,-0.042801
2022-09-18 06:30,-0.042445
2022-09-18 06:35,-0.042089
2022-09-18 06:40,-0.041740
2022-09-18 06:45,-0.041407
2022-09-18 06:50,-0.041075
2022-09-18 06:55,-0.040719
2022-09-18 07:00,-0.040282
2022-09-18 07:05,-0.039861
2022-09-18 07:10,-0.039590
2022-09-18 07:15,-0.039342
2022-09-18 07:20,-0.039070
2022-09-18 07:25,-0.038880
2022-09-18 07:30,-0.038767
2022-09-18 07:35,-0.038951
2022-09-18 07:40,-0.039135
2022-09-18 07:45,-0.039112
2022-09-18 07:50,-0.039296
2022-09-18 07:55,-0.039486
2022-09-18 08:00,-0.039984
2022-09-18 08:05,-0.040640
2022-09-18 08:10,-0.041296
2022-09-18 08:15,-0.042194
2022-09-18 08:20,-0.043069
2022-09-18 08:25,-0.044043
2022-09-18 08:30,-0.045017
2022-09-18 08:35,-0.045991
2022-09-18 08:40,-0.045996
2022-09-18 08:45,-0.045472
2022-09-18 08:50,-0.045686
2022-09-18 08:55,-0.045763
2022-09-18 09:00,-0.045834
2022-09-18 09:05,-0.045621
2022-09-18 09:10,-0.045315
2022-09-18 09:15,-0.045166
2022-09-18 09:20,-0.044710
2022-09-18 09:25,-0.044301
2022-09-18 09:30,-0.043770
2022-09-18 09:35,-0.043286
2022-09-18 09:40,-0.042954
2022-09-18 09:45,-0.043507
2022-09-18 09:50,-0.044588
2022-09-18 09:55,-0.045141
2022-09-18 10:00,-0.045621
2022-09-18 10:05,-0.046102
2022-09-18 10:10,-0.046636
2022-09-18 10:15,-0.047170
2022-09-18 10:20,-0.047551
2022-09-18 10:25,-0.047933
2022-09-18 10:30,-0.048267
2022-09-18 10:35,-0.048672
2022-09-18 10:40,-0.049119
2022-09-18 10:45,-0.049415
2022-09-18 10:50,-0.049631
2022-09-18 10:55,-0.050007
2022-09-18 11:00,-0.050795
2022-09-18 11:05,-0.051741
2022-09-18 11:10,-0.053163
2022-09-18 11:15,-0.054590
2022-09-18 11:20,-0.056040
2022-09-18 11:25,-0.058292
2022-09-18 11:30,-0.060545
2022-09-18 11:35,-0.062797
2022-09-18 11:40,-0.065111
2022-09-18 11:45,-0.067642
2022-09-18 11:50,-0.070202
2022-09-18 11:55,-0.072717
2022-09-18 12:00,-0.075616
2022-09-18 12:05,-0.078399
2022-09-18 12:10,-0.081687
2022-09-18 12:15,-0.084846
2022-09-18 12:20,-0.088371
2022-09-18 12:25,-0.091880
2022-09-18 12:30,-0.094771
2022-09-18 12:35,-0.097810
2022-09-18 12:40,-0.100988
2022-09-18 12:45,-0.105191
2022-09-18 12:50,-0.109112
2022-09-18 12:55,-0.113732
2022-09-18 13:00,-0.118846
2022-09-18 13:05,-0.123538
2022-09-18 13:10,-0.128252
2022-09-18 13:15,-0.133027
2022-09-18 13:20,-0.137590
2022-09-18 13:25,-0.141728
2022-09-18 13:30,-0.145871
2022-09-18 13:35,-0.150380
2022-09-18 13:40,-0.154741
2022-09-18 13:45,-0.158468
2022-09-18 13:50,-0.161086
2022-09-18 13:55,-0.163677
2022-09-18 14:00,-0.165542
2022-09-18 14:05,-0.167109
2022-09-18 14:10,-0.168556
2022-09-18 14:15,-0.169685
2022-09-18 14:20,-0.170089
2022-09-18 14:25,-0.170160
2022-09-18 14:30,-0.170429
2022-09-18 14:35,-0.170689
2022-09-18 14:40,-0.170391
2022-09-18 14:45,-0.170750
2022-09-18 14:50,-0.171670
2022-09-18 14:55,-0.172591
2022-09-18 15:00,-0.173511
2022-09-18 15:05,-0.174468
2022-09-18 15:10,-0.175226
2022-09-18 15:15,-0.176003
2022-09-18 15:20,-0.176954
2022-09-18 15:25,-0.177741
2022-09-18 15:30,-0.178725
2022-09-18 15:35,-0.179503
2022-09-18 15:40,-0.180261
2022-09-18 15:45,-0.180192
2022-09-18 15:50,-0.179456
2022-09-18 15:55,-0.178350
2022-09-18 16:00,-0.177187
2022-09-18 16:05,-0.175821
2022-09-18 16:10,-0.174419
2022-09-18 16:15,-0.172443
2022-09-18 16:20,-0.170162
2022-09-18 16:25,-0.167423
2022-09-18 16:30,-0.164846
2022-09-18 16:35,-0.162269
2022-09-18 16:40,-0.159415
2022-09-18 16:45,-0.156294
2022-09-18 16:50,-0.154000
2022-09-18 16:55,-0.151429
2022-09-18 17:00,-0.148876
2022-09-18 17:05,-0.146379
2022-09-18 17:10,-0.143798
2022-09-18 17:15,-0.141219
2022-09-18 17:20,-0.138926
2022-09-18 17:25,-0.136918
2022-09-18 17:30,-0.134910
2022-09-18 17:35,-0.132615
2022-09-18 17:40,-0.130034
2022-09-18 17:45,-0.127452
2022-09-18 17:50,-0.124870
2022-09-18 17:55,-0.122289
2022-09-18 18:00,-0.119420
2022-09-18 18:05,-0.116265
2022-09-18 18:10,-0.112536
2022-09-18 18:15,-0.109094
2022-09-18 18:20,-0.105652
2022-09-18 18:25,-0.102177
2022-09-18 18:30,-0.098432
2022-09-18 18:35,-0.094900
2022-09-18 18:40,-0.091457
2022-09-18 18:45,-0.088015
2022-09-18 18:50,-0.084814
2022-09-18 18:55,-0.081659
2022-09-18 19:00,-0.078481
2022-09-18 19:05,-0.075876
2022-09-18 19:10,-0.073846
2022-09-18 19:15,-0.072410
2022-09-18 19:20,-0.070953
2022-09-18 19:25,-0.069496
2022-09-18 19:30,-0.068358
2022-09-18 19:35,-0.067491
2022-09-18 19:40,-0.066419
2022-09-18 19:45,-0.065543
2022-09-18 19:50,-0.065236
2022-09-18 19:55,-0.064974
2022-09-18 20:00,-0.064954
2022-09-18 20:05,-0.064957
2022-09-18 20:10,-0.064639
2022-09-18 20:15,-0.063489
2022-09-18 20:20,-0.062278
2022-09-18 20:25,-0.060734
2022-09-18 20:30,-0.059029
2022-09-18 20:35,-0.057246
2022-09-18 20:40,-0.055211
2022-09-18 20:45,-0.053427
2022-09-18 20:50,-0.051422
2022-09-18 20:55,-0.049134
2022-09-18 21:00,-0.046789
2022-09-18 21:05,-0.043897
2022-09-18 21:10,-0.040910
2022-09-18 21:15,-0.038244
2022-09-18 21:20,-0.036409
2022-09-18 21:25,-0.034614
2022-09-18 21:30,-0.033267
2022-09-18 21:35,-0.032084
2022-09-18 21:40,-0.030977
2022-09-18 21:45,-0.030287
2022-09-18 21:50,-0.030207
2022-09-18 21:55,-0.030348
2022-09-18 22:00,-0.030048
2022-09-18 22:05,-0.030247
2022-09-18 22:10,-0.031195
2022-09-18 22:15,-0.032238
2022-09-18 22:20,-0.033096
2022-09-18 22:25,-0.033955
2022-09-18 22:30,-0.034796
2022-09-18 22:35,-0.035521
2022-09-18 22:40,-0.036245
2022-09-18 22:45,-0.036550
2022-09-18 22:50,-0.036689
2022-09-18 22:55,-0.035830
2022-09-18 23:00,-0.034823
2022-09-18 23:05,-0.034257
2022-09-18 23:10,-0.033249
2022-09-18 23:15,-0.032040
2022-09-18 23:20,-0.030830
2022-09-18 23:25,-0.029805
2022-09-18 23:30,-0.029430
2022-09-18 23:35,-0.029073
2022-09-18 23:40,-0.028738
2022-09-18 23:45,-0.028569
2022-09-18 23:50,-0.028819
2022-09-18 23:55,-0.029070
2022-09-19 00:00,-0.029737
2022-09-19 00:05,-0.030554
2022-09-19 00:10,-0.031370
2022-09-19 00:15,-0.032125
2022-09-19 00:20,-0.032748
2022-09-19 00:25,-0.033349
2022-09-19 00:30,-0.033951
2022-09-19 00:35,-0.033175
2022-09-19 00:40,-0.032399
2022-09-19 00:45,-0.031623
2022-09-19 00:50,-0.030640
2022-09-19 00:55,-0.029595
2022-09-19 01:00,-0.028653
2022-09-19 01:05,-0.027712
2022-09-19 01:10,-0.026667
2022-09-19 01:15,-0.025622
2022-09-19 01:20,-0.024555
2022-09-19 01:25,-0.023621
2022-09-19 01:30,-0.022708
2022-09-19 01:35,-0.021795
2022-09-19 01:40,-0.021609
2022-09-19 01:45,-0.021423
2022-09-19 01:50,-0.021320
2022-09-19 01:55,-0.021258
2022-09-19 02:00,-0.021685
2022-09-19 02:05,-0.021499
2022-09-19 02:10,-0.021227
2022-09-19 02:15,-0.020831
2022-09-19 02:20,-0.020273
2022-09-19 02:25,-0.019797
2022-09-19 02:30,-0.019322
2022-09-19 02:35,-0.018781
2022-09-19 02:40,-0.018234
2022-09-19 02:45,-0.017686
2022-09-19 02:50,-0.017117
2022-09-19 02:55,-0.016429
2022-09-19 03:00,-0.015741
2022-09-19 03:05,-0.014528
2022-09-19 03:10,-0.013826
2022-09-19 03:15,-0.013187
2022-09-19 03:20,-0.012132
2022-09-19 03:25,-0.011041
2022-09-19 03:30,-0.009790
2022-09-19 03:35,-0.008539
2022-09-19 03:40,-0.007618
2022-09-19 03:45,-0.006797
2022-09-19 03:50,-0.005976
2022-09-19 03:55,-0.005085
2022-09-19 04:00,-0.004412
2022-09-19 04:05,-0.003739
2022-09-19 04:10,-0.003164
2022-09-19 04:15,-0.002588
2022-09-19 04:20,-0.002035
2022-09-19 04:25,-0.002126
2022-09-19 04:30,-0.002414
2022-09-19 04:35,-0.003173
2022-09-19 04:40,-0.004002
2022-09-19 04:45,-0.004496
2022-09-19 04:50,-0.004896
2022-09-19 04:55,-0.005278
2022-09-19 05:00,-0.005754
2022-09-19 05:05,-0.006046
2022-09-19 05:10,-0.006053
2022-09-19 05:15,-0.005804
2022-09-19 05:20,-0.005555
2022-09-19 05:25,-0.005306
2022-09-19 05:30,-0.005184
2022-09-19 05:35,-0.005191
2022-09-19 05:40,-0.004760
2022-09-19 05:45,-0.004258
2022-09-19 05:50,-0.003826
2022-09-19 05:55,-0.003395
2022-09-19 06:00,-0.002981
2022-09-19 06:05,-0.002567
2022-09-19 06:10,-0.002123
2022-09-19 06:15,-0.001964
2022-09-19 06:20,-0.002060
2022-09-19 06:25,-0.001922
2022-09-19 06:30,-0.001783
2022-09-19 06:35,-0.000969
2022-09-19 06:40,0.000036
2022-09-19 06:45,0.000935
2022-09-19 06:50,0.001834
2022-09-19 06:55,0.002987
2022-09-19 07:00,0.004207
2022-09-19 07:05,0.005989
2022-09-19 07:10,0.007792
2022-09-19 07:15,0.010056
2022-09-19 07:20,0.012362
2022-09-19 07:25,0.014745
2022-09-19 07:30,0.016893
2022-09-19 07:35,0.019241
2022-09-19 07:40,0.021040
2022-09-19 07:45,0.022778
2022-09-19 07:50,0.024493
2022-09-19 07:55,0.026343
2022-09-19 08:00,0.027976
2022-09-19 08:05,0.029687
2022-09-19 08:10,0.030691
2022-09-19 08:15,0.031673
2022-09-19 08:20,0.032165
2022-09-19 08:25,0.032577
2022-09-19 08:30,0.032671
2022-09-19 08:35,0.032765
2022-09-19 08:40,0.032653
2022-09-19 08:45,0.032534
2022-09-19 08:50,0.032090
2022-09-19 08:55,0.031645
2022-09-19 09:00,0.030751
2022-09-19 09:05,0.029607
2022-09-19 09:10,0.028219
2022-09-19 09:15,0.026762
2022-09-19 09:20,0.024762
2022-09-19 09:25,0.022174
2022-09-19 09:30,0.019574
2022-09-19 09:35,0.016978
2022-09-19 09:40,0.013241
2022-09-19 09:45,0.008940
2022-09-19 09:50,0.004619
2022-09-19 09:55,0.000085
2022-09-19 10:00,-0.004869
2022-09-19 10:05,-0.009798
2022-09-19 10:10,-0.014558
2022-09-19 10:15,-0.019289
2022-09-19 10:20,-0.023992
2022-09-19 10:25,-0.028423
2022-09-19 10:30,-0.032284
2022-09-19 10:35,-0.036111
2022-09-19 10:40,-0.039889
2022-09-19 10:45,-0.043004
2022-09-19 10:50,-0.045551
2022-09-19 10:55,-0.047882
2022-09-19 11:00,-0.049675
2022-09-19 11:05,-0.051049
2022-09-19 11:10,-0.052705
2022-09-19 11:15,-0.054671
2022-09-19 11:20,-0.055642
2022-09-19 11:25,-0.056426
2022-09-19 11:30,-0.057863
2022-09-19 11:35,-0.058583
2022-09-19 11:40,-0.059063
2022-09-19 11:45,-0.059579
2022-09-19 11:50,-0.059617
2022-09-19 11:55,-0.059656
2022-09-19 12:00,-0.059881
2022-09-19 12:05,-0.060666
2022-09-19 12:10,-0.061592
2022-09-19 12:15,-0.061804
2022-09-19 12:20,-0.061103
2022-09-19 12:25,-0.061328
2022-09-19 12:30,-0.061431
2022-09-19 12:35,-0.060426
2022-09-19 12:40,-0.059925
2022-09-19 12:45,-0.059648
2022-09-19 12:50,-0.059098
2022-09-19 12:55,-0.058479
2022-09-19 13:00,-0.057861
2022-09-19 13:05,-0.056587
2022-09-19 13:10,-0.054166
2022-09-19 13:15,-0.051069
2022-09-19 13:20,-0.048112
2022-09-19 13:25,-0.045716
2022-09-19 13:30,-0.043304
2022-09-19 13:35,-0.040841
2022-09-19 13:40,-0.038437
2022-09-19 13:45,-0.036230
2022-09-19 13:50,-0.033994
2022-09-19 13:55,-0.031807
2022-09-19 14:00,-0.029688
2022-09-19 14:05,-0.027556
2022-09-19 14:10,-0.025671
2022-09-19 14:15,-0.024291
2022-09-19 14:20,-0.023438
2022-09-19 14:25,-0.022516
2022-09-19 14:30,-0.021080
2022-09-19 14:35,-0.019055
2022-09-19 14:40,-0.017185
2022-09-19 14:45,-0.014896
2022-09-19 14:50,-0.012606
2022-09-19 14:55,-0.010096
2022-09-19 15:00,-0.007127
2022-09-19 15:05,-0.004158
2022-09-19 15:10,-0.000927
2022-09-19 15:15,0.002058
2022-09-19 15:20,0.004961
2022-09-19 15:25,0.007857
2022-09-19 15:30,0.010710
2022-09-19 15:35,0.013111
2022-09-19 15:40,0.014998
2022-09-19 15:45,0.016924
2022-09-19 15:50,0.018251
2022-09-19 15:55,0.019632
2022-09-19 16:00,0.020765
2022-09-19 16:05,0.021455
2022-09-19 16:10,0.022145
2022-09-19 16:15,0.022559
2022-09-19 16:20,0.022586
2022-09-19 16:25,0.022558
2022-09-19 16:30,0.022584
2022-09-19 16:35,0.022809
2022-09-19 16:40,0.023059
2022-09-19 16:45,0.023217
2022-09-19 16:50,0.023769
2022-09-19 16:55,0.024452
2022-09-19 17:00,0.025112
2022-09-19 17:05,0.026101
2022-09-19 17:10,0.027745
2022-09-19 17:15,0.029391
2022-09-19 17:20,0.031053
2022-09-19 17:25,0.032963
2022-09-19 17:30,0.035012
2022-09-19 17:35,0.037203
2022-09-19 17:40,0.039993
2022-09-19 17:45,0.042936
2022-09-19 17:50,0.045639
2022-09-19 17:55,0.047893
2022-09-19 18:00,0.050437
2022-09-19 18:05,0.052997
2022-09-19 18:10,0.055251
2022-09-19 18:15,0.056994
2022-09-19 18:20,0.058736
2022-09-19 18:25,0.060461
2022-09-19 18:30,0.062164
2022-09-19 18:35,0.063781
2022-09-19 18:40,0.065203
2022-09-19 18:45,0.065799
2022-09-19 18:50,0.065997
2022-09-19 18:55,0.066594
2022-09-19 19:00,0.067031
2022-09-19 19:05,0.067262
2022-09-19 19:10,0.067249
2022-09-19 19:15,0.067086
2022-09-19 19:20,0.066762
2022-09-19 19:25,0.066439
2022-09-19 19:30,0.066116
2022-09-19 19:35,0.065497
2022-09-19 19:40,0.064879
2022-09-19 19:45,0.064783
2022-09-19 19:50,0.064688
2022-09-19 19:55,0.064967
2022-09-19 20:00,0.064871
2022-09-19 20:05,0.065150
2022-09-19 20:10,0.065270
2022-09-19 20:15,0.065585
2022-09-19 20:20,0.066028
2022-09-19 20:25,0.066612
2022-09-19 20:30,0.067196
2022-09-19 20:35,0.067779
2022-09-19 20:40,0.068659
2022-09-19 20:45,0.069255
2022-09-19 20:50,0.069044
2022-09-19 20:55,0.068832
2022-09-19 21:00,0.068406
2022-09-19 21:05,0.068479
2022-09-19 21:10,0.068338
2022-09-19 21:15,0.068166
2022-09-19 21:20,0.067994
2022-09-19 21:25,0.067823
2022-09-19 21:30,0.067510
2022-09-19 21:35,0.067196
2022-09-19 21:40,0.066883
2022-09-19 21:45,0.066570
2022-09-19 21:50,0.066541
2022-09-19 21:55,0.066796
2022-09-19 22:00,0.067052
2022-09-19 22:05,0.067307
2022-09-19 22:10,0.067277
2022-09-19 22:15,0.067217
2022-09-19 22:20,0.067187
2022-09-19 22:25,0.067188
2022-09-19 22:30,0.067453
2022-09-19 22:35,0.067718
2022-09-19 22:40,0.067999
2022-09-19 22:45,0.068281
2022-09-19 22:50,0.068600
2022-09-19 22:55,0.068864
2022-09-19 23:00,0.069128
2022-09-19 23:05,0.068873
2022-09-19 23:10,0.068617
2022-09-19 23:15,0.068936
2022-09-19 23:20,0.069285
2022-09-19 23:25,0.069633
2022-09-19 23:30,0.069952
2022-09-19 23:35,0.070006
2022-09-19 23:40,0.070060
2022-09-19 23:45,0.070097
2022-09-19 23:50,0.070134
2022-09-19 23:55,0.070134
2022-09-20 00:00,0.070188
2022-09-20 00:05,0.070243
2022-09-20 00:10,0.070816
2022-09-20 00:15,0.071390
2022-09-20 00:20,0.071390
2022-09-20 00:25,0.071678
2022-09-20 00:30,0.072172
2022-09-20 00:35,0.072460
2022-09-20 00:40,0.072747
2022-09-20 00:45,0.073035
2022-09-20 00:50,0.073296
2022-09-20 00:55,0.073558
2022-09-20 01:00,0.073846
2022-09-20 01:05,0.074133
2022-09-20 01:10,0.074627
2022-09-20 01:15,0.075122
2022-09-20 01:20,0.075383
2022-09-20 01:25,0.075644
2022-09-20 01:30,0.075618
2022-09-20 01:35,0.075122
2022-09-20 01:40,0.074831
2022-09-20 01:45,0.074542
2022-09-20 01:50,0.074829
2022-09-20 01:55,0.075142
2022-09-20 02:00,0.075742
2022-09-20 02:05,0.076315
2022-09-20 02:10,0.076889
2022-09-20 02:15,0.077256
2022-09-20 02:20,0.077624
2022-09-20 02:25,0.078224
2022-09-20 02:30,0.078823
2022-09-20 02:35,0.079137
2022-09-20 02:40,0.080000
2022-09-20 02:45,0.080864
2022-09-20 02:50,0.081727
2022-09-20 02:55,0.082014
2022-09-20 03:00,0.082588
2022-09-20 03:05,0.082588
2022-09-20 03:10,0.082588
2022-09-20 03:15,0.082588
2022-09-20 03:20,0.082301
2022-09-20 03:25,0.082014
2022-09-20 03:30,0.081727
2022-09-20 03:35,0.081441
2022-09-20 03:40,0.081441
2022-09-20 03:45,0.080867
2022-09-20 03:50,0.080580
2022-09-20 03:55,0.080006
2022-09-20 04:00,0.079433
2022-09-20 04:05,0.078572
2022-09-20 04:10,0.077998
2022-09-20 04:15,0.077137
2022-09-20 04:20,0.076276
2022-09-20 04:25,0.075989
2022-09-20 04:30,0.075414
2022-09-20 04:35,0.075127
2022-09-20 04:40,0.074841
2022-09-20 04:45,0.074266
2022-09-20 04:50,0.073692
2022-09-20 04:55,0.072543
2022-09-20 05:00,0.071682
2022-09-20 05:05,0.070534
2022-09-20 05:10,0.069385
2022-09-20 05:15,0.068237
2022-09-20 05:20,0.067090
2022-09-20 05:25,0.065942
2022-09-20 05:30,0.064507
2022-09-20 05:35,0.063360
2022-09-20 05:40,0.061925
2022-09-20 05:45,0.060726
2022-09-20 05:50,0.059865
2022-09-20 05:55,0.059292
2022-09-20 06:00,0.059005
2022-09-20 06:05,0.058718
2022-09-20 06:10,0.058992
2022-09-20 06:15,0.059275
2022-09-20 06:20,0.059562
2022-09-20 06:25,0.060135
2022-09-20 06:30,0.060970
2022-09-20 06:35,0.061823
2022-09-20 06:40,0.062684
2022-09-20 06:45,0.063544
2022-09-20 06:50,0.064169
2022-09-20 06:55,0.064743
2022-09-20 07:00,0.066178
2022-09-20 07:05,0.067613
2022-09-20 07:10,0.069335
2022-09-20 07:15,0.071018
2022-09-20 07:20,0.072744
2022-09-20 07:25,0.074753
2022-09-20 07:30,0.078167
2022-09-20 07:35,0.081344
2022-09-20 07:40,0.084504
2022-09-20 07:45,0.087656
2022-09-20 07:50,0.090808
2022-09-20 07:55,0.093959
2022-09-20 08:00,0.097111
2022-09-20 08:05,0.099377
2022-09-20 08:10,0.101098
2022-09-20 08:15,0.102533
2022-09-20 08:20,0.103158
2022-09-20 08:25,0.103158
2022-09-20 08:30,0.102871
2022-09-20 08:35,0.100892
2022-09-20 08:40,0.098888
2022-09-20 08:45,0.096885
2022-09-20 08:50,0.094594
2022-09-20 08:55,0.091155
2022-09-20 09:00,0.087430
2022-09-20 09:05,0.083704
2022-09-20 09:10,0.079429
2022-09-20 09:15,0.075699
2022-09-20 09:20,0.071970
2022-09-20 09:25,0.068240
2022-09-20 09:30,0.065084
2022-09-20 09:35,0.061641
2022-09-20 09:40,0.058196
2022-09-20 09:45,0.054462
2022-09-20 09:50,0.050728
2022-09-20 09:55,0.047281
2022-09-20 10:00,0.044982
2022-09-20 10:05,0.042686
2022-09-20 10:10,0.040390
2022-09-20 10:15,0.038952
2022-09-20 10:20,0.037803
2022-09-20 10:25,0.036891
2022-09-20 10:30,0.036552
2022-09-20 10:35,0.036214
2022-09-20 10:40,0.036214
2022-09-20 10:45,0.037071
2022-09-20 10:50,0.038217
2022-09-20 10:55,0.039082
2022-09-20 11:00,0.039660
2022-09-20 11:05,0.040238
2022-09-20 11:10,0.041386
2022-09-20 11:15,0.042248
2022-09-20 11:20,0.042538
2022-09-20 11:25,0.042539
2022-09-20 11:30,0.042303
2022-09-20 11:35,0.042067
2022-09-20 11:40,0.042118
2022-09-20 11:45,0.042313
2022-09-20 11:50,0.041939
2022-09-20 11:55,0.041565
2022-09-20 12:00,0.041506
2022-09-20 12:05,0.041792
2022-09-20 12:10,0.042286
2022-09-20 12:15,0.042567
2022-09-20 12:20,0.043413
2022-09-20 12:25,0.045368
2022-09-20 12:30,0.047634
2022-09-20 12:35,0.049921
2022-09-20 12:40,0.055052
2022-09-20 12:45,0.060772
2022-09-20 12:50,0.092131
2022-09-20 12:55,0.136979
2022-09-20 13:00,0.182977
2022-09-20 13:05,0.229231
2022-09-20 13:10,0.275712
2022-09-20 13:15,0.321987
2022-09-20 13:20,0.368188
2022-09-20 13:25,0.414399
2022-09-20 13:30,0.460074
2022-09-20 13:35,0.506300
2022-09-20 13:40,0.552505
2022-09-20 13:45,0.595865
2022-09-20 13:50,0.638635
2022-09-20 13:55,0.655859
2022-09-20 14:00,0.659881
2022-09-20 14:05,0.662753
2022-09-20 14:10,0.665623
2022-09-20 14:15,0.668207
2022-09-20 14:20,0.671364
2022-09-20 14:25,0.675094
2022-09-20 14:30,0.679971
2022-09-20 14:35,0.684561
2022-09-20 14:40,0.688291
2022-09-20 14:45,0.692021
2022-09-20 14:50,0.696038
2022-09-20 14:55,0.699768
2022-09-20 15:00,0.704072
2022-09-20 15:05,0.708089
2022-09-20 15:10,0.712107
2022-09-20 15:15,0.716124
2022-09-20 15:20,0.720427
2022-09-20 15:25,0.724157
2022-09-20 15:30,0.727600
2022-09-20 15:35,0.730183
2022-09-20 15:40,0.733052
2022-09-20 15:45,0.736209
2022-09-20 15:50,0.739366
2022-09-20 15:55,0.742523
2022-09-20 16:00,0.745680
2022-09-20 16:05,0.748549
2022-09-20 16:10,0.751418
2022-09-20 16:15,0.754288
2022-09-20 16:20,0.756870
2022-09-20 16:25,0.759740
2022-09-20 16:30,0.762609
2022-09-20 16:35,0.765191
2022-09-20 16:40,0.767200
2022-09-20 16:45,0.768922
2022-09-20 16:50,0.770356
2022-09-20 16:55,0.772077
2022-09-20 17:00,0.773512
2022-09-20 17:05,0.775775
2022-09-20 17:10,0.778005
2022-09-20 17:15,0.780299
2022-09-20 17:20,0.782818
2022-09-20 17:25,0.785391
2022-09-20 17:30,0.787389
2022-09-20 17:35,0.789388
2022-09-20 17:40,0.791387
2022-09-20 17:45,0.793385
2022-09-20 17:50,0.795388
2022-09-20 17:55,0.797391
2022-09-20 18:00,0.799345
2022-09-20 18:05,0.801621
2022-09-20 18:10,0.803371
2022-09-20 18:15,0.804583
2022-09-20 18:20,0.806301
2022-09-20 18:25,0.807797
2022-09-20 18:30,0.809815
2022-09-20 18:35,0.811833
2022-09-20 18:40,0.813851
2022-09-20 18:45,0.816156
2022-09-20 18:50,0.818461
2022-09-20 18:55,0.820762
2022-09-20 19:00,0.823062
2022-09-20 19:05,0.825124
2022-09-20 19:10,0.826866
2022-09-20 19:15,0.828303
2022-09-20 19:20,0.830026
2022-09-20 19:25,0.831465
2022-09-20 19:30,0.833188
2022-09-20 19:35,0.834606
2022-09-20 19:40,0.836039
2022-09-20 19:45,0.837752
2022-09-20 19:50,0.839187
2022-09-20 19:55,0.840843
2022-09-20 20:00,0.842559
2022-09-20 20:05,0.844276
2022-09-20 20:10,0.845993
2022-09-20 20:15,0.847710
2022-09-20 20:20,0.849685
2022-09-20 20:25,0.851372
2022-09-20 20:30,0.852773
2022-09-20 20:35,0.854780
2022-09-20 20:40,0.856518
2022-09-20 20:45,0.858240
2022-09-20 20:50,0.859683
2022-09-20 20:55,0.861118
2022-09-20 21:00,0.862331
2022-09-20 21:05,0.863484
2022-09-20 21:10,0.864922
2022-09-20 21:15,0.866648
2022-09-20 21:20,0.868375
2022-09-20 21:25,0.869844
2022-09-20 21:30,0.871593
2022-09-20 21:35,0.873624
2022-09-20 21:40,0.874762
2022-09-20 21:45,0.875900
2022-09-20 21:50,0.877049
2022-09-20 21:55,0.878198
2022-09-20 22:00,0.879612
2022-09-20 22:05,0.881047
2022-09-20 22:10,0.882461
2022-09-20 22:15,0.883589
2022-09-20 22:20,0.884164
2022-09-20 22:25,0.884738
2022-09-20 22:30,0.885311
2022-09-20 22:35,0.885605
2022-09-20 22:40,0.885616
2022-09-20 22:45,0.885914
2022-09-20 22:50,0.886212
2022-09-20 22:55,0.886498
2022-09-20 23:00,0.886785
2022-09-20 23:05,0.886806
2022-09-20 23:10,0.886806
2022-09-20 23:15,0.886828
2022-09-20 23:20,0.886849
2022-09-20 23:25,0.887136
2022-09-20 23:30,0.887422
2022-09-20 23:35,0.887422
2022-09-20 23:40,0.887422
2022-09-20 23:45,0.887422
2022-09-20 23:50,0.887136
2022-09-20 23:55,0.886562
2022-09-21 00:00,0.885701
2022-09-21 00:05,0.884841
2022-09-21 00:10,0.883980
2022-09-21 00:15,0.883407
2022-09-21 00:20,0.882833
2022-09-21 00:25,0.882259
2022-09-21 00:30,0.881686
2022-09-21 00:35,0.881112
2022-09-21 00:40,0.881112
2022-09-21 00:45,0.881399
2022-09-21 00:50,0.881972
2022-09-21 00:55,0.882546
2022-09-21 01:00,0.883407
2022-09-21 01:05,0.884554
2022-09-21 01:10,0.885988
2022-09-21 01:15,0.887422
2022-09-21 01:20,0.888857
2022-09-21 01:25,0.890291
2022-09-21 01:30,0.891725
2022-09-21 01:35,0.893159
2022-09-21 01:40,0.894594
2022-09-21 01:45,0.895741
2022-09-21 01:50,0.896602
2022-09-21 01:55,0.897175
2022-09-21 02:00,0.897749
2022-09-21 02:05,0.898323
2022-09-21 02:10,0.898896
2022-09-21 02:15,0.899183
2022-09-21 02:20,0.899183
2022-09-21 02:25,0.898896
2022-09-21 02:30,0.898896
2022-09-21 02:35,0.898896
2022-09-21 02:40,0.898896
2022-09-21 02:45,0.898896
2022-09-21 02:50,0.898896
2022-09-21 02:55,0.898896
2022-09-21 03:00,0.899470
2022-09-21 03:05,0.900044
2022-09-21 03:10,0.900044
2022-09-21 03:15,0.900044
2022-09-21 03:20,0.900044
2022-09-21 03:25,0.900617
2022-09-21 03:30,0.901191
2022-09-21 03:35,0.901765
2022-09-21 03:40,0.902338
2022-09-21 03:45,0.902912
2022-09-21 03:50,0.903486
2022-09-21 03:55,0.904060
2022-09-21 04:00,0.904633
2022-09-21 04:05,0.904633
2022-09-21 04:10,0.904633
2022-09-21 04:15,0.905207
2022-09-21 04:20,0.905781
2022-09-21 04:25,0.906354
2022-09-21 04:30,0.906641
2022-09-21 04:35,0.906928
2022-09-21 04:40,0.906928
2022-09-21 04:45,0.906928
2022-09-21 04:50,0.906928
2022-09-21 04:55,0.906928
2022-09-21 05:00,0.906928
2022-09-21 05:05,0.906928
2022-09-21 05:10,0.906928
2022-09-21 05:15,0.908076
2022-09-21 05:20,0.909224
2022-09-21 05:25,0.910660
2022-09-21 05:30,0.912095
2022-09-21 05:35,0.913530
2022-09-21 05:40,0.914965
2022-09-21 05:45,0.916400
2022-09-21 05:50,0.917835
2022-09-21 05:55,0.919270
2022-09-21 06:00,0.920705
2022-09-21 06:05,0.922140
2022-09-21 06:10,0.924149
2022-09-21 06:15,0.926731
2022-09-21 06:20,0.928452
2022-09-21 06:25,0.932182
2022-09-21 06:30,0.935912
2022-09-21 06:35,0.940216
2022-09-21 06:40,0.945093
2022-09-21 06:45,0.949970
2022-09-21 06:50,0.955135
2022-09-21 06:55,0.960874
2022-09-21 07:00,0.967760
2022-09-21 07:05,0.975794
2022-09-21 07:10,0.983828
2022-09-21 07:15,0.991289
2022-09-21 07:20,0.998176
2022-09-21 07:25,1.004776
2022-09-21 07:30,1.009367
2022-09-21 07:35,1.013958
2022-09-21 07:40,1.017689
2022-09-21 07:45,1.020559
2022-09-21 07:50,1.022568
2022-09-21 07:55,1.023715
2022-09-21 08:00,1.024289
2022-09-21 08:05,1.023141
2022-09-21 08:10,1.020846
2022-09-21 08:15,1.018550
2022-09-21 08:20,1.016254
2022-09-21 08:25,1.013959
2022-09-21 08:30,1.012811
2022-09-21 08:35,1.011662
2022-09-21 08:40,1.010227
2022-09-21 08:45,1.007932
2022-09-21 08:50,1.005923
2022-09-21 08:55,1.004776
2022-09-21 09:00,1.004202
2022-09-21 09:05,1.003628
2022-09-21 09:10,1.003628
2022-09-21 09:15,1.003341
2022-09-21 09:20,1.002768
2022-09-21 09:25,1.002194
2022-09-21 09:30,1.001046
2022-09-21 09:35,0.998750
2022-09-21 09:40,0.996168
2022-09-21 09:45,0.992438
2022-09-21 09:50,0.989855
2022-09-21 09:55,0.987273
2022-09-21 10:00,0.984690
2022-09-21 10:05,0.982108
2022-09-21 10:10,0.979239
2022-09-21 10:15,0.974647
2022-09-21 10:20,0.970343
2022-09-21 10:25,0.966039
2022-09-21 10:30,0.961447
2022-09-21 10:35,0.956857
2022-09-21 10:40,0.951980
2022-09-21 10:45,0.947389
2022-09-21 10:50,0.943660
2022-09-21 10:55,0.939930
2022-09-21 11:00,0.936200
2022-09-21 11:05,0.932182
2022-09-21 11:10,0.928165
2022-09-21 11:15,0.924434
2022-09-21 11:20,0.922138
2022-09-21 11:25,0.919843
2022-09-21 11:30,0.917547
2022-09-21 11:35,0.915538
2022-09-21 11:40,0.914103
2022-09-21 11:45,0.912955
2022-09-21 11:50,0.911807
2022-09-21 11:55,0.910946
2022-09-21 12:00,0.910084
2022-09-21 12:05,0.909223
2022-09-21 12:10,0.908649
2022-09-21 12:15,0.908075
2022-09-21 12:20,0.907502
2022-09-21 12:25,0.907502
2022-09-21 12:30,0.907789
2022-09-21 12:35,0.908362
2022-09-21 12:40,0.908936
2022-09-21 12:45,0.909797
2022-09-21 12:50,0.910659
2022-09-21 12:55,0.912381
2022-09-21 13:00,0.914389
2022-09-21 13:05,0.916398
2022-09-21 13:10,0.918407
2022-09-21 13:15,0.920416
2022-09-21 13:20,0.922998
2022-09-21 13:25,0.925581
2022-09-21 13:30,0.927876
2022-09-21 13:35,0.929885
2022-09-21 13:40,0.932181
2022-09-21 13:45,0.934189
2022-09-21 13:50,0.936197
2022-09-21 13:55,0.938205
2022-09-21 14:00,0.939639
2022-09-21 14:05,0.940787
2022-09-21 14:10,0.941934
2022-09-21 14:15,0.943369
2022-09-21 14:20,0.945665
2022-09-21 14:25,0.946526
2022-09-21 14:30,0.947388
2022-09-21 14:35,0.948536
2022-09-21 14:40,0.949684
2022-09-21 14:45,0.950546
2022-09-21 14:50,0.952267
2022-09-21 14:55,0.953703
2022-09-21 15:00,0.955424
2022-09-21 15:05,0.957146
2022-09-21 15:10,0.958868
2022-09-21 15:15,0.960590
2022-09-21 15:20,0.962024
2022-09-21 15:25,0.962598
2022-09-21 15:30,0.964032
2022-09-21 15:35,0.965753
2022-09-21 15:40,0.967188
2022-09-21 15:45,0.968622
2022-09-21 15:50,0.970056
2022-09-21 15:55,0.971204
2022-09-21 16:00,0.972351
2022-09-21 16:05,0.973211
2022-09-21 16:10,0.973785
2022-09-21 16:15,0.974359
2022-09-21 16:20,0.975219
2022-09-21 16:25,0.976367
2022-09-21 16:30,0.978376
2022-09-21 16:35,0.980384
2022-09-21 16:40,0.982393
2022-09-21 16:45,0.984402
2022-09-21 16:50,0.986124
2022-09-21 16:55,0.987846
2022-09-21 17:00,0.989281
2022-09-21 17:05,0.990716
2022-09-21 17:10,0.992434
2022-09-21 17:15,0.994154
2022-09-21 17:20,0.995876
2022-09-21 17:25,0.997311
2022-09-21 17:30,0.998457
2022-09-21 17:35,0.998742
2022-09-21 17:40,0.999025
2022-09-21 17:45,0.998738
2022-09-21 17:50,0.998734
2022-09-21 17:55,0.999019
2022-09-21 18:00,0.999593
2022-09-21 18:05,1.000453
2022-09-21 18:10,1.001601
2022-09-21 18:15,1.002466
2022-09-21 18:20,1.003328
2022-09-21 18:25,1.003901
2022-09-21 18:30,1.004475
2022-09-21 18:35,1.005337
2022-09-21 18:40,1.006200
2022-09-21 18:45,1.007064
2022-09-21 18:50,1.008212
2022-09-21 18:55,1.009077
2022-09-21 19:00,1.009939
2022-09-21 19:05,1.010512
2022-09-21 19:10,1.010799
2022-09-21 19:15,1.010799
2022-09-21 19:20,1.010799
2022-09-21 19:25,1.010799
2022-09-21 19:30,1.011086
2022-09-21 19:35,1.011373
2022-09-21 19:40,1.011373
2022-09-21 19:45,1.011373
2022-09-21 19:50,1.011373
2022-09-21 19:55,1.011660
2022-09-21 20:00,1.011660
2022-09-21 20:05,1.011660
2022-09-21 20:10,1.011947
2022-09-21 20:15,1.012234
2022-09-21 20:20,1.012234
2022-09-21 20:25,1.012520
2022-09-21 20:30,1.012807
2022-09-21 20:35,1.013094
2022-09-21 20:40,1.013381
2022-09-21 20:45,1.013668
2022-09-21 20:50,1.013955
2022-09-21 20:55,1.014241
2022-09-21 21:00,1.014241
2022-09-21 21:05,1.014528
2022-09-21 21:10,1.014815
2022-09-21 21:15,1.014528
2022-09-21 21:20,1.014528
2022-09-21 21:25,1.014815
2022-09-21 21:30,1.014815
2022-09-21 21:35,1.014528
2022-09-21 21:40,1.014241
2022-09-21 21:45,1.013955
2022-09-21 21:50,1.013668
2022-09-21 21:55,1.013094
2022-09-21 22:00,1.012520
2022-09-21 22:05,1.011947
2022-09-21 22:10,1.011373
2022-09-21 22:15,1.010512
2022-09-21 22:20,1.010226
2022-09-21 22:25,1.009652
2022-09-21 22:30,1.009078
2022-09-21 22:35,1.008505
2022-09-21 22:40,1.008218
2022-09-21 22:45,1.007931
2022-09-21 22:50,1.007644
2022-09-21 22:55,1.007357
2022-09-21 23:00,1.007357
2022-09-21 23:05,1.007357
2022-09-21 23:10,1.007070
2022-09-21 23:15,1.006783
2022-09-21 23:20,1.006783
2022-09-21 23:25,1.006497
2022-09-21 23:30,1.006210
2022-09-21 23:35,1.005923
2022-09-21 23:40,1.005636
2022-09-21 23:45,1.005349
2022-09-21 23:50,1.005062
2022-09-21 23:55,1.004776
2022-09-22 00:00,1.004202
2022-09-22 00:05,1.003628
2022-09-22 00:10,1.002768
2022-09-22 00:15,1.002194
2022-09-22 00:20,1.002180
2022-09-22 00:25,1.002167
2022-09-22 00:30,1.001593
2022-09-22 00:35,1.001019
2022-09-22 00:40,1.000446
2022-09-22 00:45,0.999872
2022-09-22 00:50,0.999584
2022-09-22 00:55,0.999298
2022-09-22 01:00,0.999011
2022-09-22 01:05,0.999011
2022-09-22 01:10,0.999011
2022-09-22 01:15,0.999298
2022-09-22 01:20,0.999584
2022-09-22 01:25,0.998737
2022-09-22 01:30,0.997315
2022-09-22 01:35,0.996454
2022-09-22 01:40,0.995592
2022-09-22 01:45,0.994444
2022-09-22 01:50,0.993296
2022-09-22 01:55,0.991862
2022-09-22 02:00,0.990426
2022-09-22 02:05,0.988991
2022-09-22 02:10,0.987556
2022-09-22 02:15,0.986121
2022-09-22 02:20,0.984686
2022-09-22 02:25,0.983252
2022-09-22 02:30,0.982391
2022-09-22 02:35,0.982104
2022-09-22 02:40,0.982104
2022-09-22 02:45,0.982391
2022-09-22 02:50,0.982964
2022-09-22 02:55,0.983538
2022-09-22 03:00,0.984399
2022-09-22 03:05,0.985261
2022-09-22 03:10,0.985834
2022-09-22 03:15,0.986408
2022-09-22 03:20,0.986982
2022-09-22 03:25,0.987555
2022-09-22 03:30,0.988417
2022-09-22 03:35,0.989278
2022-09-22 03:40,0.990140
2022-09-22 03:45,0.990714
2022-09-22 03:50,0.991002
2022-09-22 03:55,0.991576
2022-09-22 04:00,0.992151
2022-09-22 04:05,0.992438
2022-09-22 04:10,0.992725
2022-09-22 04:15,0.993299
2022-09-22 04:20,0.993874
2022-09-22 04:25,0.994448
2022-09-22 04:30,0.995023
2022-09-22 04:35,0.995310
2022-09-22 04:40,0.995596
2022-09-22 04:45,0.995596
2022-09-22 04:50,0.995883
2022-09-22 04:55,0.995883
2022-09-22 05:00,0.995596
2022-09-22 05:05,0.995310
2022-09-22 05:10,0.995023
2022-09-22 05:15,0.994448
2022-09-22 05:20,0.993874
2022-09-22 05:25,0.993299
2022-09-22 05:30,0.992438
2022-09-22 05:35,0.991576
2022-09-22 05:40,0.990715
2022-09-22 05:45,0.989854
2022-09-22 05:50,0.989279
2022-09-22 05:55,0.988418
2022-09-22 06:00,0.987843
2022-09-22 06:05,0.986982
2022-09-22 06:10,0.986407
2022-09-22 06:15,0.985546
2022-09-22 06:20,0.984685
2022-09-22 06:25,0.983825
2022-09-22 06:30,0.982964
2022-09-22 06:35,0.982104
2022-09-22 06:40,0.980096
2022-09-22 06:45,0.971776
2022-09-22 06:50,0.962594
2022-09-22 06:55,0.953412
2022-09-22 07:00,0.944231
2022-09-22 07:05,0.935049
2022-09-22 07:10,0.926154
2022-09-22 07:15,0.916973
2022-09-22 07:20,0.908078
2022-09-22 07:25,0.899470
2022-09-22 07:30,0.891436
2022-09-22 07:35,0.883402
2022-09-22 07:40,0.875654
2022-09-22 07:45,0.869342
2022-09-22 07:50,0.869342
2022-09-22 07:55,0.870203
2022-09-22 08:00,0.871065
2022-09-22 08:05,0.872213
2022-09-22 08:10,0.873361
2022-09-22 08:15,0.874509
2022-09-22 08:20,0.875658
2022-09-22 08:25,0.876519
2022-09-22 08:30,0.877380
2022-09-22 08:35,0.877668
2022-09-22 08:40,0.877668
2022-09-22 08:45,0.877668
2022-09-22 08:50,0.876520
2022-09-22 08:55,0.875945
2022-09-22 09:00,0.875371
2022-09-22 09:05,0.874222
2022-09-22 09:10,0.872787
2022-09-22 09:15,0.871352
2022-09-22 09:20,0.869917
2022-09-22 09:25,0.868482
2022-09-22 09:30,0.867334
2022-09-22 09:35,0.866186
2022-09-22 09:40,0.865037
2022-09-22 09:45,0.864177
2022-09-22 09:50,0.863316
2022-09-22 09:55,0.863030
2022-09-22 10:00,0.861882
2022-09-22 10:05,0.860448
2022-09-22 10:10,0.859874
2022-09-22 10:15,0.859014
2022-09-22 10:20,0.858153
2022-09-22 10:25,0.857293
2022-09-22 10:30,0.856432
2022-09-22 10:35,0.855572
2022-09-22 10:40,0.854711
2022-09-22 10:45,0.853564
2022-09-22 10:50,0.852416
2022-09-22 10:55,0.851556
2022-09-22 11:00,0.850982
2022-09-22 11:05,0.850695
2022-09-22 11:10,0.850695
2022-09-22 11:15,0.850408
2022-09-22 11:20,0.850695
2022-09-22 11:25,0.851269
2022-09-22 11:30,0.851843
2022-09-22 11:35,0.852703
2022-09-22 11:40,0.853564
2022-09-22 11:45,0.854424
2022-09-22 11:50,0.855858
2022-09-22 11:55,0.857293
2022-09-22 12:00,0.858153
2022-09-22 12:05,0.859014
2022-09-22 12:10,0.860161
2022-09-22 12:15,0.861595
2022-09-22 12:20,0.863030
2022-09-22 12:25,0.864177
2022-09-22 12:30,0.865037
2022-09-22 12:35,0.865898
2022-09-22 12:40,0.867046
2022-09-22 12:45,0.868194
2022-09-22 12:50,0.869343
2022-09-22 12:55,0.870204
2022-09-22 13:00,0.871065
2022-09-22 13:05,0.872501
2022-09-22 13:10,0.874222
2022-09-22 13:15,0.875944
2022-09-22 13:20,0.877379
2022-09-22 13:25,0.879388
2022-09-22 13:30,0.881397
2022-09-22 13:35,0.883406
2022-09-22 13:40,0.885415
2022-09-22 13:45,0.887136
2022-09-22 13:50,0.888857
2022-09-22 13:55,0.890578
2022-09-22 14:00,0.892586
2022-09-22 14:05,0.894594
2022-09-22 14:10,0.896602
2022-09-22 14:15,0.898609
2022-09-22 14:20,0.900617
2022-09-22 14:25,0.902625
2022-09-22 14:30,0.904060
2022-09-22 14:35,0.905494
2022-09-22 14:40,0.906928
2022-09-22 14:45,0.908362
2022-09-22 14:50,0.910002
2022-09-22 14:55,0.911642
2022-09-22 15:00,0.913282
2022-09-22 15:05,0.914703
2022-09-22 15:10,0.916056
2022-09-22 15:15,0.917122
2022-09-22 15:20,0.917902
2022-09-22 15:25,0.918463
2022-09-22 15:30,0.919024
2022-09-22 15:35,0.919598
2022-09-22 15:40,0.920745
2022-09-22 15:45,0.921891
2022-09-22 15:50,0.923040
2022-09-22 15:55,0.923982
2022-09-22 16:00,0.924925
2022-09-22 16:05,0.925867
2022-09-22 16:10,0.926742
2022-09-22 16:15,0.927684
2022-09-22 16:20,0.928627
2022-09-22 16:25,0.929283
2022-09-22 16:30,0.930443
2022-09-22 16:35,0.931604
2022-09-22 16:40,0.932752
2022-09-22 16:45,0.932753
2022-09-22 16:50,0.933329
2022-09-22 16:55,0.933903
2022-09-22 17:00,0.934189
2022-09-22 17:05,0.934476
2022-09-22 17:10,0.934763
2022-09-22 17:15,0.935337
2022-09-22 17:20,0.936197
2022-09-22 17:25,0.937058
2022-09-22 17:30,0.938780
2022-09-22 17:35,0.939928
2022-09-22 17:40,0.941076
2022-09-22 17:45,0.942224
2022-09-22 17:50,0.944233
2022-09-22 17:55,0.945668
2022-09-22 18:00,0.947103
2022-09-22 18:05,0.948538
2022-09-22 18:10,0.949974
2022-09-22 18:15,0.951695
2022-09-22 18:20,0.953131
2022-09-22 18:25,0.954279
2022-09-22 18:30,0.955427
2022-09-22 18:35,0.956001
2022-09-22 18:40,0.956574
2022-09-22 18:45,0.957148
2022-09-22 18:50,0.957722
2022-09-22 18:55,0.958009
2022-09-22 19:00,0.958295
2022-09-22 19:05,0.958582
2022-09-22 19:10,0.958869
2022-09-22 19:15,0.959156
2022-09-22 19:20,0.958869
2022-09-22 19:25,0.958295
2022-09-22 19:30,0.957722
2022-09-22 19:35,0.957148
2022-09-22 19:40,0.956574
2022-09-22 19:45,0.956001
2022-09-22 19:50,0.955427
2022-09-22 19:55,0.954853
2022-09-22 20:00,0.954280
2022-09-22 20:05,0.953706
2022-09-22 20:10,0.953132
2022-09-22 20:15,0.952559
2022-09-22 20:20,0.951985
2022-09-22 20:25,0.951985
2022-09-22 20:30,0.952272
2022-09-22 20:35,0.952559
2022-09-22 20:40,0.952845
2022-09-22 20:45,0.953132
2022-09-22 20:50,0.953419
2022-09-22 20:55,0.953419
2022-09-22 21:00,0.953419
2022-09-22 21:05,0.953419
2022-09-22 21:10,0.953419
2022-09-22 21:15,0.953419
2022-09-22 21:20,0.952845
2022-09-22 21:25,0.951696
2022-09-22 21:30,0.950261
2022-09-22 21:35,0.948826
2022-09-22 21:40,0.947391
2022-09-22 21:45,0.945669
2022-09-22 21:50,0.943947
2022-09-22 21:55,0.942225
2022-09-22 22:00,0.940790
2022-09-22 22:05,0.939642
2022-09-22 22:10,0.938781
2022-09-22 22:15,0.937632
2022-09-22 22:20,0.936484
2022-09-22 22:25,0.936197
2022-09-22 22:30,0.936484
2022-09-22 22:35,0.936771
2022-09-22 22:40,0.937058
2022-09-22 22:45,0.937345
2022-09-22 22:50,0.937918
2022-09-22 22:55,0.938492
2022-09-22 23:00,0.939066
2022-09-22 23:05,0.939639
2022-09-22 23:10,0.939926
2022-09-22 23:15,0.939926
2022-09-22 23:20,0.940213
2022-09-22 23:25,0.940500
2022-09-22 23:30,0.940213
2022-09-22 23:35,0.940213
2022-09-22 23:40,0.940213
2022-09-22 23:45,0.940213
2022-09-22 23:50,0.940213
2022-09-22 23:55,0.940213
2022-09-23 00:00,0.939926
2022-09-23 00:05,0.939639
2022-09-23 00:10,0.939353
2022-09-23 00:15,0.939066
2022-09-23 00:20,0.938779
2022-09-23 00:25,0.938492
2022-09-23 00:30,0.937918
2022-09-23 00:35,0.937632
2022-09-23 00:40,0.937058
2022-09-23 00:45,0.936484
2022-09-23 00:50,0.935910
2022-09-23 00:55,0.935337
2022-09-23 01:00,0.934763
2022-09-23 01:05,0.934476
2022-09-23 01:10,0.934189
2022-09-23 01:15,0.933903
2022-09-23 01:20,0.933616
2022-09-23 01:25,0.933329
2022-09-23 01:30,0.933042
2022-09-23 01:35,0.933042
2022-09-23 01:40,0.933042
2022-09-23 01:45,0.933042
2022-09-23 01:50,0.932755
2022-09-23 01:55,0.931895
2022-09-23 02:00,0.931034
2022-09-23 02:05,0.930174
2022-09-23 02:10,0.929313
2022-09-23 02:15,0.928452
2022-09-23 02:20,0.927592
2022-09-23 02:25,0.926731
2022-09-23 02:30,0.925871
2022-09-23 02:35,0.925010
2022-09-23 02:40,0.924150
2022-09-23 02:45,0.923289
2022-09-23 02:50,0.922142
2022-09-23 02:55,0.921281
2022-09-23 03:00,0.920994
2022-09-23 03:05,0.920708
2022-09-23 03:10,0.920421
2022-09-23 03:15,0.920134
2022-09-23 03:20,0.919847
2022-09-23 03:25,0.919560
2022-09-23 03:30,0.918699
2022-09-23 03:35,0.917551
2022-09-23 03:40,0.916402
2022-09-23 03:45,0.915254
2022-09-23 03:50,0.914106
2022-09-23 03:55,0.913245
2022-09-23 04:00,0.912096
2022-09-23 04:05,0.910948
2022-09-23 04:10,0.909513
2022-09-23 04:15,0.908078
2022-09-23 04:20,0.906643
2022-09-23 04:25,0.905208
2022-09-23 04:30,0.903773
2022-09-23 04:35,0.902912
2022-09-23 04:40,0.902912
2022-09-23 04:45,0.902338
2022-09-23 04:50,0.901765
2022-09-23 04:55,0.901191
2022-09-23 05:00,0.900617
2022-09-23 05:05,0.900331
2022-09-23 05:10,0.900617
2022-09-23 05:15,0.901191
2022-09-23 05:20,0.901478
2022-09-23 05:25,0.901765
2022-09-23 05:30,0.902052
2022-09-23 05:35,0.902338
2022-09-23 05:40,0.902625
2022-09-23 05:45,0.902052
2022-09-23 05:50,0.901765
2022-09-23 05:55,0.901478
2022-09-23 06:00,0.901191
2022-09-23 06:05,0.900904
2022-09-23 06:10,0.900617
2022-09-23 06:15,0.899757
2022-09-23 06:20,0.898896
2022-09-23 06:25,0.898323
2022-09-23 06:30,0.897749
2022-09-23 06:35,0.897175
2022-09-23 06:40,0.897175
2022-09-23 06:45,0.897175
2022-09-23 06:50,0.897749
2022-09-23 06:55,0.898609
2022-09-23 07:00,0.899470
2022-09-23 07:05,0.900331
2022-09-23 07:10,0.901478
2022-09-23 07:15,0.903774
2022-09-23 07:20,0.906069
2022-09-23 07:25,0.908365
2022-09-23 07:30,0.910660
2022-09-23 07:35,0.912956
2022-09-23 07:40,0.915252
2022-09-23 07:45,0.916974
2022-09-23 07:50,0.918409
2022-09-23 07:55,0.919557
2022-09-23 08:00,0.920705
2022-09-23 08:05,0.922140
2022-09-23 08:10,0.923288
2022-09-23 08:15,0.924150
2022-09-23 08:20,0.923576
2022-09-23 08:25,0.923002
2022-09-23 08:30,0.922429
2022-09-23 08:35,0.921855
2022-09-23 08:40,0.921281
2022-09-23 08:45,0.920708
2022-09-23 08:50,0.920134
2022-09-23 08:55,0.919847
2022-09-23 09:00,0.919560
2022-09-23 09:05,0.919273
2022-09-23 09:10,0.918700
2022-09-23 09:15,0.918413
2022-09-23 09:20,0.918413
2022-09-23 09:25,0.918700
2022-09-23 09:30,0.918987
2022-09-23 09:35,0.919273
2022-09-23 09:40,0.919560
2022-09-23 09:45,0.919847
2022-09-23 09:50,0.920134
2022-09-23 09:55,0.920421
2022-09-23 10:00,0.920708
2022-09-23 10:05,0.920994
2022-09-23 10:10,0.921281
2022-09-23 10:15,0.921855
2022-09-23 10:20,0.922429
2022-09-23 10:25,0.922716
2022-09-23 10:30,0.923576
2022-09-23 10:35,0.924723
2022-09-23 10:40,0.925871
2022-09-23 10:45,0.927018
2022-09-23 10:50,0.928739
2022-09-23 10:55,0.930460
2022-09-23 11:00,0.932181
2022-09-23 11:05,0.933903
2022-09-23 11:10,0.935624
2022-09-23 11:15,0.938206
2022-09-23 11:20,0.940502
2022-09-23 11:25,0.943084
2022-09-23 11:30,0.945380
2022-09-23 11:35,0.946240
2022-09-23 11:40,0.946814
2022-09-23 11:45,0.947388
2022-09-23 11:50,0.947961
2022-09-23 11:55,0.947961
2022-09-23 12:00,0.947961
2022-09-23 12:05,0.948536
2022-09-23 12:10,0.949110
2022-09-23 12:15,0.949972
2022-09-23 12:20,0.950546
2022-09-23 12:25,0.951119
2022-09-23 12:30,0.951693
2022-09-23 12:35,0.952553
2022-09-23 12:40,0.954275
2022-09-23 12:45,0.956571
2022-09-23 12:50,0.958867
2022-09-23 12:55,0.962023
2022-09-23 13:00,0.965179
2022-09-23 13:05,0.968335
2022-09-23 13:10,0.970917
2022-09-23 13:15,0.973498
2022-09-23 13:20,0.976080
2022-09-23 13:25,0.978662
2022-09-23 13:30,0.981532
2022-09-23 13:35,0.984114
2022-09-23 13:40,0.986697
2022-09-23 13:45,0.989279
2022-09-23 13:50,0.991288
2022-09-23 13:55,0.993297
2022-09-23 14:00,0.994445
2022-09-23 14:05,0.996167
2022-09-23 14:10,0.998176
2022-09-23 14:15,1.000471
2022-09-23 14:20,1.002480
2022-09-23 14:25,1.004489
2022-09-23 14:30,1.005923
2022-09-23 14:35,1.006783
2022-09-23 14:40,1.007644
2022-09-23 14:45,1.008505
2022-09-23 14:50,1.009652
2022-09-23 14:55,1.010512
2022-09-23 15:00,1.011373
2022-09-23 15:05,1.011660
2022-09-23 15:10,1.011373
2022-09-23 15:15,1.010799
2022-09-23 15:20,1.009939
2022-09-23 15:25,1.009365
2022-09-23 15:30,1.008505
2022-09-23 15:35,1.007357
2022-09-23 15:40,1.006497
2022-09-23 15:45,1.005923
2022-09-23 15:50,1.005636
2022-09-23 15:55,1.004776
2022-09-23 16:00,1.004489
2022-09-23 16:05,1.004202
2022-09-23 16:10,1.004489
2022-09-23 16:15,1.004776
2022-09-23 16:20,1.005062
2022-09-23 16:25,1.005349
2022-09-23 16:30,1.005636
2022-09-23 16:35,1.005923
2022-09-23 16:40,1.006497
2022-09-23 16:45,1.007070
2022-09-23 16:50,1.008218
2022-09-23 16:55,1.008218
2022-09-23 17:00,1.009652
2022-09-23 17:05,1.010799
2022-09-23 17:10,1.011947
2022-09-23 17:15,1.013094
2022-09-23 17:20,1.014529
2022-09-23 17:25,1.015964
2022-09-23 17:30,1.017686
2022-09-23 17:35,1.019408
2022-09-23 17:40,1.021130
2022-09-23 17:45,1.023139
2022-09-23 17:50,1.025148
2022-09-23 17:55,1.026296
2022-09-23 18:00,1.028305
2022-09-23 18:05,1.029166
2022-09-23 18:10,1.030027
2022-09-23 18:15,1.030889
2022-09-23 18:20,1.031750
2022-09-23 18:25,1.032324
2022-09-23 18:30,1.032897
2022-09-23 18:35,1.033184
2022-09-23 18:40,1.034619
2022-09-23 18:45,1.036053
2022-09-23 18:50,1.036053
2022-09-23 18:55,1.036053
2022-09-23 19:00,1.035766
2022-09-23 19:05,1.035479
2022-09-23 19:10,1.035192
2022-09-23 19:15,1.034619
2022-09-23 19:20,1.034045
2022-09-23 19:25,1.033471
2022-09-23 19:30,1.032897
2022-09-23 19:35,1.032324
2022-09-23 19:40,1.031462
2022-09-23 19:45,1.029454
2022-09-23 19:50,1.027445
2022-09-23 19:55,1.026583
2022-09-23 20:00,1.025722
2022-09-23 20:05,1.025148
2022-09-23 20:10,1.024573
2022-09-23 20:15,1.023998
2022-09-23 20:20,1.023711
2022-09-23 20:25,1.023423
2022-09-23 20:30,1.023135
2022-09-23 20:35,1.022848
2022-09-23 20:40,1.023708
2022-09-23 20:45,1.025430
2022-09-23 20:50,1.027152
2022-09-23 20:55,1.028874
2022-09-23 21:00,1.030596
2022-09-23 21:05,1.032605
2022-09-23 21:10,1.034613
2022-09-23 21:15,1.036622
2022-09-23 21:20,1.038918
2022-09-23 21:25,1.041213
2022-09-23 21:30,1.043796
2022-09-23 21:35,1.046378
2022-09-23 21:40,1.048961
2022-09-23 21:45,1.050108
2022-09-23 21:50,1.050969
2022-09-23 21:55,1.051829
2022-09-23 22:00,1.052690
2022-09-23 22:05,1.053550
2022-09-23 22:10,1.054124
2022-09-23 22:15,1.054698
2022-09-23 22:20,1.054985
2022-09-23 22:25,1.054985
2022-09-23 22:30,1.055271
2022-09-23 22:35,1.054985
2022-09-23 22:40,1.054985
2022-09-23 22:45,1.054985
2022-09-23 22:50,1.055271
2022-09-23 22:55,1.055271
2022-09-23 23:00,1.055271
2022-09-23 23:05,1.055558
2022-09-23 23:10,1.055558
2022-09-23 23:15,1.055845
2022-09-23 23:20,1.056132
2022-09-23 23:25,1.056706
2022-09-23 23:30,1.057279
2022-09-23 23:35,1.057853
2022-09-23 23:40,1.058714
2022-09-23 23:45,1.059287
2022-09-23 23:50,1.059861
2022-09-23 23:55,1.060722
2022-09-24 00:00,1.061584
2022-09-24 00:05,1.062445
2022-09-24 00:10,1.062732
2022-09-24 00:15,1.063593
2022-09-24 00:20,1.064168
2022-09-24 00:25,1.064742
2022-09-24 00:30,1.065029
2022-09-24 00:35,1.065316
2022-09-24 00:40,1.065316
2022-09-24 00:45,1.065316
2022-09-24 00:50,1.064742
2022-09-24 00:55,1.064169
2022-09-24 01:00,1.063307
2022-09-24 01:05,1.062159
2022-09-24 01:10,1.061011
2022-09-24 01:15,1.060150
2022-09-24 01:20,1.058715
2022-09-24 01:25,1.057567
2022-09-24 01:30,1.056419
2022-09-24 01:35,1.055271
2022-09-24 01:40,1.053837
2022-09-24 01:45,1.052403
2022-09-24 01:50,1.050682
2022-09-24 01:55,1.049248
2022-09-24 02:00,1.047527
2022-09-24 02:05,1.045806
2022-09-24 02:10,1.044371
2022-09-24 02:15,1.042937
2022-09-24 02:20,1.041503
2022-09-24 02:25,1.040355
2022-09-24 02:30,1.038921
2022-09-24 02:35,1.037774
2022-09-24 02:40,1.037487
2022-09-24 02:45,1.038348
2022-09-24 02:50,1.039208
2022-09-24 02:55,1.040642
2022-09-24 03:00,1.042363
2022-09-24 03:05,1.044371
2022-09-24 03:10,1.046379
2022-09-24 03:15,1.048674
2022-09-24 03:20,1.050682
2022-09-24 03:25,1.052690
2022-09-24 03:30,1.054411
2022-09-24 03:35,1.056132
2022-09-24 03:40,1.057566
2022-09-24 03:45,1.058427
2022-09-24 03:50,1.058427
2022-09-24 03:55,1.058427
2022-09-24 04:00,1.058140
2022-09-24 04:05,1.057853
2022-09-24 04:10,1.057566
2022-09-24 04:15,1.057853
2022-09-24 04:20,1.057279
2022-09-24 04:25,1.056706
2022-09-24 04:30,1.056993
2022-09-24 04:35,1.057566
2022-09-24 04:40,1.058140
2022-09-24 04:45,1.058427
2022-09-24 04:50,1.058714
2022-09-24 04:55,1.059287
2022-09-24 05:00,1.059574
2022-09-24 05:05,1.060148
2022-09-24 05:10,1.060722
2022-09-24 05:15,1.061295
2022-09-24 05:20,1.061295
2022-09-24 05:25,1.061869
2022-09-24 05:30,1.063304
2022-09-24 05:35,1.063304
2022-09-24 05:40,1.063592
2022-09-24 05:45,1.063879
2022-09-24 05:50,1.064454
2022-09-24 05:55,1.065028
2022-09-24 06:00,1.064742
2022-09-24 06:05,1.064742
2022-09-24 06:10,1.064455
2022-09-24 06:15,1.063881
2022-09-24 06:20,1.063307
2022-09-24 06:25,1.062734
2022-09-24 06:30,1.062447
2022-09-24 06:35,1.061585
2022-09-24 06:40,1.061299
2022-09-24 06:45,1.060437
2022-09-24 06:50,1.059576
2022-09-24 06:55,1.058714
2022-09-24 07:00,1.057853
2022-09-24 07:05,1.057566
2022-09-24 07:10,1.057279
2022-09-24 07:15,1.056993
2022-09-24 07:20,1.055845
2022-09-24 07:25,1.054124
2022-09-24 07:30,1.052403
2022-09-24 07:35,1.050395
2022-09-24 07:40,1.048100
2022-09-24 07:45,1.038058
2022-09-24 07:50,1.027155
2022-09-24 07:55,1.016251
2022-09-24 08:00,1.005348
2022-09-24 08:05,0.993583
2022-09-24 08:10,0.981819
2022-09-24 08:15,0.970055
2022-09-24 08:20,0.958291
2022-09-24 08:25,0.947101
2022-09-24 08:30,0.937058
2022-09-24 08:35,0.927015
2022-09-24 08:40,0.916972
2022-09-24 08:45,0.907216
2022-09-24 08:50,0.905494
2022-09-24 08:55,0.904633
2022-09-24 09:00,0.903773
2022-09-24 09:05,0.902625
2022-09-24 09:10,0.902338
2022-09-24 09:15,0.901765
2022-09-24 09:20,0.901191
2022-09-24 09:25,0.900617
2022-09-24 09:30,0.900044
2022-09-24 09:35,0.898609
2022-09-24 09:40,0.896314
2022-09-24 09:45,0.893731
2022-09-24 09:50,0.891149
2022-09-24 09:55,0.888280
2022-09-24 10:00,0.885697
2022-09-24 10:05,0.883115
2022-09-24 10:10,0.880819
2022-09-24 10:15,0.878523
2022-09-24 10:20,0.876515
2022-09-24 10:25,0.874506
2022-09-24 10:30,0.872497
2022-09-24 10:35,0.871062
2022-09-24 10:40,0.869914
2022-09-24 10:45,0.869340
2022-09-24 10:50,0.869053
2022-09-24 10:55,0.868766
2022-09-24 11:00,0.867906
2022-09-24 11:05,0.866185
2022-09-24 11:10,0.865324
2022-09-24 11:15,0.864464
2022-09-24 11:20,0.863603
2022-09-24 11:25,0.862169
2022-09-24 11:30,0.860735
2022-09-24 11:35,0.859014
2022-09-24 11:40,0.857293
2022-09-24 11:45,0.855572
2022-09-24 11:50,0.854424
2022-09-24 11:55,0.853564
2022-09-24 12:00,0.852703
2022-09-24 12:05,0.852416
2022-09-24 12:10,0.852990
2022-09-24 12:15,0.852703
2022-09-24 12:20,0.852416
2022-09-24 12:25,0.852129
2022-09-24 12:30,0.852416
2022-09-24 12:35,0.852416
2022-09-24 12:40,0.852703
2022-09-24 12:45,0.852990
2022-09-24 12:50,0.853277
2022-09-24 12:55,0.853277
2022-09-24 13:00,0.852703
2022-09-24 13:05,0.851843
2022-09-24 13:10,0.851269
2022-09-24 13:15,0.850695
2022-09-24 13:20,0.850121
2022-09-24 13:25,0.849548
2022-09-24 13:30,0.848974
2022-09-24 13:35,0.848400
2022-09-24 13:40,0.848114
2022-09-24 13:45,0.848400
2022-09-24 13:50,0.848687
2022-09-24 13:55,0.848974
2022-09-24 14:00,0.849261
2022-09-24 14:05,0.849835
2022-09-24 14:10,0.850982
2022-09-24 14:15,0.852129
2022-09-24 14:20,0.853277
2022-09-24 14:25,0.854711
2022-09-24 14:30,0.856145
2022-09-24 14:35,0.857866
2022-09-24 14:40,0.860162
2022-09-24 14:45,0.863605
2022-09-24 14:50,0.866474
2022-09-24 14:55,0.869344
2022-09-24 15:00,0.872500
2022-09-24 15:05,0.875656
2022-09-24 15:10,0.878812
2022-09-24 15:15,0.881968
2022-09-24 15:20,0.884837
2022-09-24 15:25,0.887420
2022-09-24 15:30,0.890002
2022-09-24 15:35,0.892585
2022-09-24 15:40,0.894880
2022-09-24 15:45,0.897175
2022-09-24 15:50,0.898323
2022-09-24 15:55,0.900044
2022-09-24 16:00,0.902052
2022-09-24 16:05,0.903774
2022-09-24 16:10,0.905496
2022-09-24 16:15,0.907218
2022-09-24 16:20,0.909227
2022-09-24 16:25,0.911236
2022-09-24 16:30,0.913531
2022-09-24 16:35,0.915827
2022-09-24 16:40,0.918123
2022-09-24 16:45,0.920705
2022-09-24 16:50,0.922714
2022-09-24 16:55,0.924723
2022-09-24 17:00,0.926445
2022-09-24 17:05,0.928452
2022-09-24 17:10,0.930747
2022-09-24 17:15,0.933042
2022-09-24 17:20,0.935624
2022-09-24 17:25,0.938207
2022-09-24 17:30,0.940789
2022-09-24 17:35,0.943946
2022-09-24 17:40,0.946815
2022-09-24 17:45,0.949684
2022-09-24 17:50,0.952267
2022-09-24 17:55,0.954849
2022-09-24 18:00,0.957432
2022-09-24 18:05,0.959727
2022-09-24 18:10,0.961736
2022-09-24 18:15,0.963458
2022-09-24 18:20,0.965467
2022-09-24 18:25,0.967188
2022-09-24 18:30,0.968335
2022-09-24 18:35,0.969196
2022-09-24 18:40,0.969482
2022-09-24 18:45,0.970056
2022-09-24 18:50,0.970630
2022-09-24 18:55,0.971777
2022-09-24 19:00,0.973211
2022-09-24 19:05,0.974359
2022-09-24 19:10,0.975219
2022-09-24 19:15,0.976080
2022-09-24 19:20,0.976940
2022-09-24 19:25,0.977514
2022-09-24 19:30,0.977801
2022-09-24 19:35,0.978088
2022-09-24 19:40,0.978662
2022-09-24 19:45,0.979235
2022-09-24 19:50,0.979522
2022-09-24 19:55,0.980096
2022-09-24 20:00,0.980096
2022-09-24 20:05,0.979809
2022-09-24 20:10,0.980383
2022-09-24 20:15,0.981243
2022-09-24 20:20,0.981243
2022-09-24 20:25,0.981817
2022-09-24 20:30,0.983252
2022-09-24 20:35,0.984974
2022-09-24 20:40,0.986983
2022-09-24 20:45,0.988991
2022-09-24 20:50,0.992148
2022-09-24 20:55,0.995304
2022-09-24 21:00,0.998173
2022-09-24 21:05,1.002191
2022-09-24 21:10,1.006495
2022-09-24 21:15,1.010226
2022-09-24 21:20,1.014530
2022-09-24 21:25,1.019408
2022-09-24 21:30,1.023712
2022-09-24 21:35,1.027155
2022-09-24 21:40,1.030598
2022-09-24 21:45,1.033755
2022-09-24 21:50,1.036911
2022-09-24 21:55,1.038920
2022-09-24 22:00,1.040928
2022-09-24 22:05,1.042937
2022-09-24 22:10,1.043798
2022-09-24 22:15,1.044371
2022-09-24 22:20,1.044945
2022-09-24 22:25,1.044945
2022-09-24 22:30,1.044658
2022-09-24 22:35,1.044371
2022-09-24 22:40,1.044084
2022-09-24 22:45,1.044084
2022-09-24 22:50,1.043798
2022-09-24 22:55,1.043224
2022-09-24 23:00,1.042937
2022-09-24 23:05,1.042650
2022-09-24 23:10,1.042363
2022-09-24 23:15,1.042077
2022-09-24 23:20,1.042363
2022-09-24 23:25,1.042650
2022-09-24 23:30,1.042937
2022-09-24 23:35,1.043511
2022-09-24 23:40,1.044084
2022-09-24 23:45,1.044658
2022-09-24 23:50,1.044945
2022-09-24 23:55,1.045519
2022-09-25 00:00,1.046379
2022-09-25 00:05,1.046953
2022-09-25 00:10,1.047527
2022-09-25 00:15,1.048100
2022-09-25 00:20,1.048674
2022-09-25 00:25,1.048387
2022-09-25 00:30,1.048387
2022-09-25 00:35,1.048387
2022-09-25 00:40,1.048100
2022-09-25 00:45,1.047813
2022-09-25 00:50,1.047527
2022-09-25 00:55,1.047240
2022-09-25 01:00,1.046953
2022-09-25 01:05,1.046666
2022-09-25 01:10,1.046379
2022-09-25 01:15,1.046092
2022-09-25 01:20,1.045806
2022-09-25 01:25,1.045519
2022-09-25 01:30,1.045519
2022-09-25 01:35,1.045232
2022-09-25 01:40,1.044945
2022-09-25 01:45,1.044945
2022-09-25 01:50,1.044945
2022-09-25 01:55,1.044945
2022-09-25 02:00,1.044945
2022-09-25 02:05,1.044945
2022-09-25 02:10,1.044945
2022-09-25 02:15,1.045232
2022-09-25 02:20,1.045519
2022-09-25 02:25,1.045519
2022-09-25 02:30,1.045806
2022-09-25 02:35,1.046092
2022-09-25 02:40,1.046379
2022-09-25 02:45,1.046953
2022-09-25 02:50,1.047240
2022-09-25 02:55,1.047527
2022-09-25 03:00,1.047813
2022-09-25 03:05,1.048100
2022-09-25 03:10,1.048387
2022-09-25 03:15,1.048674
2022-09-25 03:20,1.048674
2022-09-25 03:25,1.048674
2022-09-25 03:30,1.049248
2022-09-25 03:35,1.049248
2022-09-25 03:40,1.049248
2022-09-25 03:45,1.049248
2022-09-25 03:50,1.048961
2022-09-25 03:55,1.048961
2022-09-25 04:00,1.048961
2022-09-25 04:05,1.048961
2022-09-25 04:10,1.048961
2022-09-25 04:15,1.048961
2022-09-25 04:20,1.048961
2022-09-25 04:25,1.048961
2022-09-25 04:30,1.048961
2022-09-25 04:35,1.048674
2022-09-25 04:40,1.048674
2022-09-25 04:45,1.048674
2022-09-25 04:50,1.048674
2022-09-25 04:55,1.048387
2022-09-25 05:00,1.048100
2022-09-25 05:05,1.047527
2022-09-25 05:10,1.046666
2022-09-25 05:15,1.045519
2022-09-25 05:20,1.044371
2022-09-25 05:25,1.042937
2022-09-25 05:30,1.041503
2022-09-25 05:35,1.040069
2022-09-25 05:40,1.038634
2022-09-25 05:45,1.037487
2022-09-25 05:50,1.036340
2022-09-25 05:55,1.034905
2022-09-25 06:00,1.033758
2022-09-25 06:05,1.032611
2022-09-25 06:10,1.031750
2022-09-25 06:15,1.031176
2022-09-25 06:20,1.030890
2022-09-25 06:25,1.030603
2022-09-25 06:30,1.030603
2022-09-25 06:35,1.030603
2022-09-25 06:40,1.030603
2022-09-25 06:45,1.030603
2022-09-25 06:50,1.030316
2022-09-25 06:55,1.030029
2022-09-25 07:00,1.030603
2022-09-25 07:05,1.031463
2022-09-25 07:10,1.032324
2022-09-25 07:15,1.033184
2022-09-25 07:20,1.033758
2022-09-25 07:25,1.034332
2022-09-25 07:30,1.034905
2022-09-25 07:35,1.035479
2022-09-25 07:40,1.035192
2022-09-25 07:45,1.034618
2022-09-25 07:50,1.033469
2022-09-25 07:55,1.032321
2022-09-25 08:00,1.030886
2022-09-25 08:05,1.028877
2022-09-25 08:10,1.026295
2022-09-25 08:15,1.023712
2022-09-25 08:20,1.021130
2022-09-25 08:25,1.018834
2022-09-25 08:30,1.016826
2022-09-25 08:35,1.014817
2022-09-25 08:40,1.012808
2022-09-25 08:45,1.011660
2022-09-25 08:50,1.010799
2022-09-25 08:55,1.010512
2022-09-25 09:00,1.010226
2022-09-25 09:05,1.010799
2022-09-25 09:10,1.011373
2022-09-25 09:15,1.012234
2022-09-25 09:20,1.012520
2022-09-25 09:25,1.012807
2022-09-25 09:30,1.013094
2022-09-25 09:35,1.012234
2022-09-25 09:40,1.011373
2022-09-25 09:45,1.010226
2022-09-25 09:50,1.009078
2022-09-25 09:55,1.007644
2022-09-25 10:00,1.006210
2022-09-25 10:05,1.004776
2022-09-25 10:10,1.002480
2022-09-25 10:15,0.999897
2022-09-25 10:20,0.997028
2022-09-25 10:25,0.994446
2022-09-25 10:30,0.991576
2022-09-25 10:35,0.987273
2022-09-25 10:40,0.983255
2022-09-25 10:45,0.978377
2022-09-25 10:50,0.973212
2022-09-25 10:55,0.968047
2022-09-25 11:00,0.962882
2022-09-25 11:05,0.957431
2022-09-25 11:10,0.951979
2022-09-25 11:15,0.946528
2022-09-25 11:20,0.940789
2022-09-25 11:25,0.935912
2022-09-25 11:30,0.931322
2022-09-25 11:35,0.927018
2022-09-25 11:40,0.923574
2022-09-25 11:45,0.920418
2022-09-25 11:50,0.917836
2022-09-25 11:55,0.915540
2022-09-25 12:00,0.912958
2022-09-25 12:05,0.910662
2022-09-25 12:10,0.908080
2022-09-25 12:15,0.905497
2022-09-25 12:20,0.902341
2022-09-25 12:25,0.899759
2022-09-25 12:30,0.896603
2022-09-25 12:35,0.893447
2022-09-25 12:40,0.889716
2022-09-25 12:45,0.886560
2022-09-25 12:50,0.883691
2022-09-25 12:55,0.881108
2022-09-25 13:00,0.879387
2022-09-25 13:05,0.877953
2022-09-25 13:10,0.876519
2022-09-25 13:15,0.875658
2022-09-25 13:20,0.875372
2022-09-25 13:25,0.876806
2022-09-25 13:30,0.878240
2022-09-25 13:35,0.879674
2022-09-25 13:40,0.881969
2022-09-25 13:45,0.884838
2022-09-25 13:50,0.887708
2022-09-25 13:55,0.890577
2022-09-25 14:00,0.892873
2022-09-25 14:05,0.894307
2022-09-25 14:10,0.895741
2022-09-25 14:15,0.897175
2022-09-25 14:20,0.898036
2022-09-25 14:25,0.898896
2022-09-25 14:30,0.898896
2022-09-25 14:35,0.899183
2022-09-25 14:40,0.899470
2022-09-25 14:45,0.898896
2022-09-25 14:50,0.898609
2022-09-25 14:55,0.898609
2022-09-25 15:00,0.899183
2022-09-25 15:05,0.900331
2022-09-25 15:10,0.902052
2022-09-25 15:15,0.903774
2022-09-25 15:20,0.906357
2022-09-25 15:25,0.909513
2022-09-25 15:30,0.912095
2022-09-25 15:35,0.914678
2022-09-25 15:40,0.916974
2022-09-25 15:45,0.919269
2022-09-25 15:50,0.921565
2022-09-25 15:55,0.923860
2022-09-25 16:00,0.925869
2022-09-25 16:05,0.927304
2022-09-25 16:10,0.929026
2022-09-25 16:15,0.930460
2022-09-25 16:20,0.931895
2022-09-25 16:25,0.932468
2022-09-25 16:30,0.933042
2022-09-25 16:35,0.933616
2022-09-25 16:40,0.934189
2022-09-25 16:45,0.935050
2022-09-25 16:50,0.935910
2022-09-25 16:55,0.936771
2022-09-25 17:00,0.937345
2022-09-25 17:05,0.937918
2022-09-25 17:10,0.939066
2022-09-25 17:15,0.940214
2022-09-25 17:20,0.941362
2022-09-25 17:25,0.943084
2022-09-25 17:30,0.945380
2022-09-25 17:35,0.948823
2022-09-25 17:40,0.952839
2022-09-25 17:45,0.956856
2022-09-25 17:50,0.960586
2022-09-25 17:55,0.964604
2022-09-25 18:00,0.969482
2022-09-25 18:05,0.974647
2022-09-25 18:10,0.979811
2022-09-25 18:15,0.984403
2022-09-25 18:20,0.988706
2022-09-25 18:25,0.993010
2022-09-25 18:30,0.996740
2022-09-25 18:35,0.999896
2022-09-25 18:40,1.002478
2022-09-25 18:45,1.004774
2022-09-25 18:50,1.007356
2022-09-25 18:55,1.009939
2022-09-25 19:00,1.012234
2022-09-25 19:05,1.013668
2022-09-25 19:10,1.014815
2022-09-25 19:15,1.015963
2022-09-25 19:20,1.017110
2022-09-25 19:25,1.018257
2022-09-25 19:30,1.019405
2022-09-25 19:35,1.020840
2022-09-25 19:40,1.022562
2022-09-25 19:45,1.023423
2022-09-25 19:50,1.023998
2022-09-25 19:55,1.024285
2022-09-25 20:00,1.024573
2022-09-25 20:05,1.025148
2022-09-25 20:10,1.025722
2022-09-25 20:15,1.026297
2022-09-25 20:20,1.026871
2022-09-25 20:25,1.027446
2022-09-25 20:30,1.027733
2022-09-25 20:35,1.028021
2022-09-25 20:40,1.027733
2022-09-25 20:45,1.026872
2022-09-25 20:50,1.026297
2022-09-25 20:55,1.024576
2022-09-25 21:00,1.022854
2022-09-25 21:05,1.020558
2022-09-25 21:10,1.017976
2022-09-25 21:15,1.015393
2022-09-25 21:20,1.011949
2022-09-25 21:25,1.008505
2022-09-25 21:30,1.005062
2022-09-25 21:35,1.001618
2022-09-25 21:40,0.998461
2022-09-25 21:45,0.995591
2022-09-25 21:50,0.993296
2022-09-25 21:55,0.992148
2022-09-25 22:00,0.992148
2022-09-25 22:05,0.991862
2022-09-25 22:10,0.992435
2022-09-25 22:15,0.993009
2022-09-25 22:20,0.993296
2022-09-25 22:25,0.994444
2022-09-25 22:30,0.995305
2022-09-25 22:35,0.996167
2022-09-25 22:40,0.997315
2022-09-25 22:45,0.998176
2022-09-25 22:50,0.999038
2022-09-25 22:55,0.999325
2022-09-25 23:00,0.998465
2022-09-25 23:05,0.997604
2022-09-25 23:10,0.997031
2022-09-25 23:15,0.995882
2022-09-25 23:20,0.993013
2022-09-25 23:25,0.989857
2022-09-25 23:30,0.987275
2022-09-25 23:35,0.986700
2022-09-25 23:40,0.986413
2022-09-25 23:45,0.986126
2022-09-25 23:50,0.986413
2022-09-25 23:55,0.988134
2022-09-26 00:00,0.990142
2022-09-26 00:05,0.992437
2022-09-26 00:10,0.995306
2022-09-26 00:15,0.998176
2022-09-26 00:20,1.001333
2022-09-26 00:25,1.006497
2022-09-26 00:30,1.012236
2022-09-26 00:35,1.017401
2022-09-26 00:40,1.020845
2022-09-26 00:45,1.024001
2022-09-26 00:50,1.026870
2022-09-26 00:55,1.029166
2022-09-26 01:00,1.030027
2022-09-26 01:05,1.030889
2022-09-26 01:10,1.031463
2022-09-26 01:15,1.031463
2022-09-26 01:20,1.031463
2022-09-26 01:25,1.031463
2022-09-26 01:30,1.031176
2022-09-26 01:35,1.030890
2022-09-26 01:40,1.031176
2022-09-26 01:45,1.032897
2022-09-26 01:50,1.036340
2022-09-26 01:55,1.040357
2022-09-26 02:00,1.044661
2022-09-26 02:05,1.049251
2022-09-26 02:10,1.053841
2022-09-26 02:15,1.058432
2022-09-26 02:20,1.063022
2022-09-26 02:25,1.067613
2022-09-26 02:30,1.072203
2022-09-26 02:35,1.076793
2022-09-26 02:40,1.081384
2022-09-26 02:45,1.085114
2022-09-26 02:50,1.087409
2022-09-26 02:55,1.086549
2022-09-26 03:00,1.084540
2022-09-26 03:05,1.081957
2022-09-26 03:10,1.079088
2022-09-26 03:15,1.076219
2022-09-26 03:20,1.073350
2022-09-26 03:25,1.070193
2022-09-26 03:30,1.067037
2022-09-26 03:35,1.064168
2022-09-26 03:40,1.061585
2022-09-26 03:45,1.059003
2022-09-26 03:50,1.056994
2022-09-26 03:55,1.054985
2022-09-26 04:00,1.054411
2022-09-26 04:05,1.054698
2022-09-26 04:10,1.055271
2022-09-26 04:15,1.055558
2022-09-26 04:20,1.055558
2022-09-26 04:25,1.055271
2022-09-26 04:30,1.055558
2022-09-26 04:35,1.055271
2022-09-26 04:40,1.054124
2022-09-26 04:45,1.052690
2022-09-26 04:50,1.051256
2022-09-26 04:55,1.049535
2022-09-26 05:00,1.047813
2022-09-26 05:05,1.046666
2022-09-26 05:10,1.045519
2022-09-26 05:15,1.044371
2022-09-26 05:20,1.043511
2022-09-26 05:25,1.042937
2022-09-26 05:30,1.042650
2022-09-26 05:35,1.042077
2022-09-26 05:40,1.042077
2022-09-26 05:45,1.042650
2022-09-26 05:50,1.042650
2022-09-26 05:55,1.042363
2022-09-26 06:00,1.042077
2022-09-26 06:05,1.041790
2022-09-26 06:10,1.040355
2022-09-26 06:15,1.038347
2022-09-26 06:20,1.036338
2022-09-26 06:25,1.034329
2022-09-26 06:30,1.032320
2022-09-26 06:35,1.030312
2022-09-26 06:40,1.028303
2022-09-26 06:45,1.026007
2022-09-26 06:50,1.023425
2022-09-26 06:55,1.021416
2022-09-26 07:00,1.019981
2022-09-26 07:05,1.018259
2022-09-26 07:10,1.016537
2022-09-26 07:15,1.015389
2022-09-26 07:20,1.014815
2022-09-26 07:25,1.014241
2022-09-26 07:30,1.013955
2022-09-26 07:35,1.013668
2022-09-26 07:40,1.013381
2022-09-26 07:45,1.013094
2022-09-26 07:50,1.013381
2022-09-26 07:55,1.013955
2022-09-26 08:00,1.014528
2022-09-26 08:05,1.015390
2022-09-26 08:10,1.016538
2022-09-26 08:15,1.017686
2022-09-26 08:20,1.018834
2022-09-26 08:25,1.019983
2022-09-26 08:30,1.021131
2022-09-26 08:35,1.021992
2022-09-26 08:40,1.022854
2022-09-26 08:45,1.023715
2022-09-26 08:50,1.024863
2022-09-26 08:55,1.025438
2022-09-26 09:00,1.026012
2022-09-26 09:05,1.026012
2022-09-26 09:10,1.025151
2022-09-26 09:15,1.024290
2022-09-26 09:20,1.023141
2022-09-26 09:25,1.021706
2022-09-26 09:30,1.020271
2022-09-26 09:35,1.018836
2022-09-26 09:40,1.015679
2022-09-26 09:45,1.011662
2022-09-26 09:50,1.007644
2022-09-26 09:55,1.003340
2022-09-26 10:00,0.999035
2022-09-26 10:05,0.993297
2022-09-26 10:10,0.987558
2022-09-26 10:15,0.980385
2022-09-26 10:20,0.973212
2022-09-26 10:25,0.966039
2022-09-26 10:30,0.959153
2022-09-26 10:35,0.951980
2022-09-26 10:40,0.944806
2022-09-26 10:45,0.939067
2022-09-26 10:50,0.934189
2022-09-26 10:55,0.929311
2022-09-26 11:00,0.924720
2022-09-26 11:05,0.920129
2022-09-26 11:10,0.916972
2022-09-26 11:15,0.913816
2022-09-26 11:20,0.912667
2022-09-26 11:25,0.911519
2022-09-26 11:30,0.910658
2022-09-26 11:35,0.910083
2022-09-26 11:40,0.909796
2022-09-26 11:45,0.909510
2022-09-26 11:50,0.909223
2022-09-26 11:55,0.908936
2022-09-26 12:00,0.908649
2022-09-26 12:05,0.907502
2022-09-26 12:10,0.907215
2022-09-26 12:15,0.906928
2022-09-26 12:20,0.907215
2022-09-26 12:25,0.906641
2022-09-26 12:30,0.906067
2022-09-26 12:35,0.905494
2022-09-26 12:40,0.904633
2022-09-26 12:45,0.903773
2022-09-26 12:50,0.904921
2022-09-26 12:55,0.907790
2022-09-26 13:00,0.909512
2022-09-26 13:05,0.910947
2022-09-26 13:10,0.912956
2022-09-26 13:15,0.914678
2022-09-26 13:20,0.917260
2022-09-26 13:25,0.919843
2022-09-26 13:30,0.924147
2022-09-26 13:35,0.928452
2022-09-26 13:40,0.932756
2022-09-26 13:45,0.935912
2022-09-26 13:50,0.938781
2022-09-26 13:55,0.939642
2022-09-26 14:00,0.938781
2022-09-26 14:05,0.939068
2022-09-26 14:10,0.939642
2022-09-26 14:15,0.940216
2022-09-26 14:20,0.940503
2022-09-26 14:25,0.939355
2022-09-26 14:30,0.938781
2022-09-26 14:35,0.936486
2022-09-26 14:40,0.934190
2022-09-26 14:45,0.931895
2022-09-26 14:50,0.931321
2022-09-26 14:55,0.931034
2022-09-26 15:00,0.930747
2022-09-26 15:05,0.931321
2022-09-26 15:10,0.932756
2022-09-26 15:15,0.934765
2022-09-26 15:20,0.938495
2022-09-26 15:25,0.943373
2022-09-26 15:30,0.949111
2022-09-26 15:35,0.954563
2022-09-26 15:40,0.960589
2022-09-26 15:45,0.966614
2022-09-26 15:50,0.972639
2022-09-26 15:55,0.978091
2022-09-26 16:00,0.983543
2022-09-26 16:05,0.989282
2022-09-26 16:10,0.994733
2022-09-26 16:15,0.999037
2022-09-26 16:20,1.002767
2022-09-26 16:25,1.004489
2022-09-26 16:30,1.005062
2022-09-26 16:35,1.005349
2022-09-26 16:40,1.005062
2022-09-26 16:45,1.003914
2022-09-26 16:50,1.002766
2022-09-26 16:55,1.000470
2022-09-26 17:00,0.997314
2022-09-26 17:05,0.993584
2022-09-26 17:10,0.989568
2022-09-26 17:15,0.985264
2022-09-26 17:20,0.981247
2022-09-26 17:25,0.977231
2022-09-26 17:30,0.973501
2022-09-26 17:35,0.969771
2022-09-26 17:40,0.966328
2022-09-26 17:45,0.964606
2022-09-26 17:50,0.963746
2022-09-26 17:55,0.962885
2022-09-26 18:00,0.963459
2022-09-26 18:05,0.965754
2022-09-26 18:10,0.969771
2022-09-26 18:15,0.973788
2022-09-26 18:20,0.977804
2022-09-26 18:25,0.984977
2022-09-26 18:30,0.993011
2022-09-26 18:35,1.001044
2022-09-26 18:40,1.009077
2022-09-26 18:45,1.016824
2022-09-26 18:50,1.023423
2022-09-26 18:55,1.030022
2022-09-26 19:00,1.036621
2022-09-26 19:05,1.042934
2022-09-26 19:10,1.048385
2022-09-26 19:15,1.052688
2022-09-26 19:20,1.056992
2022-09-26 19:25,1.061295
2022-09-26 19:30,1.062443
2022-09-26 19:35,1.062443
2022-09-26 19:40,1.062156
2022-09-26 19:45,1.061008
2022-09-26 19:50,1.058138
2022-09-26 19:55,1.052676
2022-09-26 20:00,1.047214
2022-09-26 20:05,1.040899
2022-09-26 20:10,1.034300
2022-09-26 20:15,1.027699
2022-09-26 20:20,1.021098
2022-09-26 20:25,1.014497
2022-09-26 20:30,1.007898
2022-09-26 20:35,1.001299
2022-09-26 20:40,0.995270
2022-09-26 20:45,0.989244
2022-09-26 20:50,0.984079
2022-09-26 20:55,0.980637
2022-09-26 21:00,0.979500
2022-09-26 21:05,0.978363
2022-09-26 21:10,0.979801
2022-09-26 21:15,0.981523
2022-09-26 21:20,0.983534
2022-09-26 21:25,0.985544
2022-09-26 21:30,0.987841
2022-09-26 21:35,0.990137
2022-09-26 21:40,0.992433
2022-09-26 21:45,0.994445
2022-09-26 21:50,0.997027
2022-09-26 21:55,0.999610
2022-09-26 22:00,1.002192
2022-09-26 22:05,1.004775
2022-09-26 22:10,1.007357
2022-09-26 22:15,1.008218
2022-09-26 22:20,1.009365
2022-09-26 22:25,1.010226
2022-09-26 22:30,1.011086
2022-09-26 22:35,1.011660
2022-09-26 22:40,1.012234
2022-09-26 22:45,1.012807
2022-09-26 22:50,1.013381
2022-09-26 22:55,1.013668
2022-09-26 23:00,1.013955
2022-09-26 23:05,1.014241
2022-09-26 23:10,1.014528
2022-09-26 23:15,1.014815
2022-09-26 23:20,1.015102
2022-09-26 23:25,1.015102
2022-09-26 23:30,1.015102
2022-09-26 23:35,1.015102
2022-09-26 23:40,1.015102
2022-09-26 23:45,1.015102
2022-09-26 23:50,1.015102
2022-09-26 23:55,1.015102
2022-09-27 00:00,1.015102
2022-09-27 00:05,1.015389
2022-09-27 00:10,1.015676
2022-09-27 00:15,1.015963
2022-09-27 00:20,1.016536
2022-09-27 00:25,1.017684
2022-09-27 00:30,1.019406
2022-09-27 00:35,1.021415
2022-09-27 00:40,1.023424
2022-09-27 00:45,1.025433
2022-09-27 00:50,1.027441
2022-09-27 00:55,1.029450
2022-09-27 01:00,1.031459
2022-09-27 01:05,1.033181
2022-09-27 01:10,1.033468
2022-09-27 01:15,1.032607
2022-09-27 01:20,1.031460
2022-09-27 01:25,1.030026
2022-09-27 01:30,1.028017
2022-09-27 01:35,1.025434
2022-09-27 01:40,1.022565
2022-09-27 01:45,1.019696
2022-09-27 01:50,1.016826
2022-09-27 01:55,1.013957
2022-09-27 02:00,1.010514
2022-09-27 02:05,1.006784
2022-09-27 02:10,1.003054
2022-09-27 02:15,1.000471
2022-09-27 02:20,0.999036
2022-09-27 02:25,0.997888
2022-09-27 02:30,0.996740
2022-09-27 02:35,0.995591
2022-09-27 02:40,0.994443
2022-09-27 02:45,0.993008
2022-09-27 02:50,0.991860
2022-09-27 02:55,0.990712
2022-09-27 03:00,0.989563
2022-09-27 03:05,0.988989
2022-09-27 03:10,0.988701
2022-09-27 03:15,0.988989
2022-09-27 03:20,0.989277
2022-09-27 03:25,0.989564
2022-09-27 03:30,0.990426
2022-09-27 03:35,0.991574
2022-09-27 03:40,0.993583
2022-09-27 03:45,0.996165
2022-09-27 03:50,0.999322
2022-09-27 03:55,1.002479
2022-09-27 04:00,1.005636
2022-09-27 04:05,1.009940
2022-09-27 04:10,1.014245
2022-09-27 04:15,1.018549
2022-09-27 04:20,1.022566
2022-09-27 04:25,1.025435
2022-09-27 04:30,1.028018
2022-09-27 04:35,1.030026
2022-09-27 04:40,1.033183
2022-09-27 04:45,1.035478
2022-09-27 04:50,1.037200
2022-09-27 04:55,1.038634
2022-09-27 05:00,1.039782
2022-09-27 05:05,1.040929
2022-09-27 05:10,1.040929
2022-09-27 05:15,1.042363
2022-09-27 05:20,1.043798
2022-09-27 05:25,1.045232
2022-09-27 05:30,1.047813
2022-09-27 05:35,1.050682
2022-09-27 05:40,1.053550
2022-09-27 05:45,1.054985
2022-09-27 05:50,1.056419
2022-09-27 05:55,1.057279
2022-09-27 06:00,1.058140
2022-09-27 06:05,1.058427
2022-09-27 06:10,1.058427
2022-09-27 06:15,1.058140
2022-09-27 06:20,1.056419
2022-09-27 06:25,1.054698
2022-09-27 06:30,1.052977
2022-09-27 06:35,1.051542
2022-09-27 06:40,1.050395
2022-09-27 06:45,1.049248
2022-09-27 06:50,1.048674
2022-09-27 06:55,1.049249
2022-09-27 07:00,1.050684
2022-09-27 07:05,1.052406
2022-09-27 07:10,1.054988
2022-09-27 07:15,1.057857
2022-09-27 07:20,1.061013
2022-09-27 07:25,1.064743
2022-09-27 07:30,1.068473
2022-09-27 07:35,1.072203
2022-09-27 07:40,1.075646
2022-09-27 07:45,1.078228
2022-09-27 07:50,1.080811
2022-09-27 07:55,1.082820
2022-09-27 08:00,1.083680
2022-09-27 08:05,1.083967
2022-09-27 08:10,1.078802
2022-09-27 08:15,1.072490
2022-09-27 08:20,1.066178
2022-09-27 08:25,1.059292
2022-09-27 08:30,1.051544
2022-09-27 08:35,1.042936
2022-09-27 08:40,1.034041
2022-09-27 08:45,1.024860
2022-09-27 08:50,1.015678
2022-09-27 08:55,1.006497
2022-09-27 09:00,0.997315
2022-09-27 09:05,0.988133
2022-09-27 09:10,0.978665
2022-09-27 09:15,0.974361
2022-09-27 09:20,0.970918
2022-09-27 09:25,0.967475
2022-09-27 09:30,0.965180
2022-09-27 09:35,0.962885
2022-09-27 09:40,0.961451
2022-09-27 09:45,0.960303
2022-09-27 09:50,0.959443
2022-09-27 09:55,0.959156
2022-09-27 10:00,0.958869
2022-09-27 10:05,0.959156
2022-09-27 10:10,0.959443
2022-09-27 10:15,0.960303
2022-09-27 10:20,0.961164
2022-09-27 10:25,0.962024
2022-09-27 10:30,0.962885
2022-09-27 10:35,0.963172
2022-09-27 10:40,0.963746
2022-09-27 10:45,0.963746
2022-09-27 10:50,0.963746
2022-09-27 10:55,0.963746
2022-09-27 11:00,0.958867
2022-09-27 11:05,0.953989
2022-09-27 11:10,0.948538
2022-09-27 11:15,0.943086
2022-09-27 11:20,0.940503
2022-09-27 11:25,0.938781
2022-09-27 11:30,0.937060
2022-09-27 11:35,0.935624
2022-09-27 11:40,0.934189
2022-09-27 11:45,0.933042
2022-09-27 11:50,0.933042
2022-09-27 11:55,0.933042
2022-09-27 12:00,0.933042
2022-09-27 12:05,0.938494
2022-09-27 12:10,0.943372
2022-09-27 12:15,0.947963
2022-09-27 12:20,0.952554
2022-09-27 12:25,0.953989
2022-09-27 12:30,0.954564
2022-09-27 12:35,0.955425
2022-09-27 12:40,0.955713
2022-09-27 12:45,0.956001
2022-09-27 12:50,0.956001
2022-09-27 12:55,0.955139
2022-09-27 13:00,0.953417
2022-09-27 13:05,0.951695
2022-09-27 13:10,0.948539
2022-09-27 13:15,0.945957
2022-09-27 13:20,0.943661
2022-09-27 13:25,0.941366
2022-09-27 13:30,0.939357
2022-09-27 13:35,0.935626
2022-09-27 13:40,0.931609
2022-09-27 13:45,0.927878
2022-09-27 13:50,0.924147
2022-09-27 13:55,0.918982
2022-09-27 14:00,0.913244
2022-09-27 14:05,0.906931
2022-09-27 14:10,0.900619
2022-09-27 14:15,0.895167
2022-09-27 14:20,0.889716
2022-09-27 14:25,0.884264
2022-09-27 14:30,0.878812
2022-09-27 14:35,0.873360
2022-09-27 14:40,0.870204
2022-09-27 14:45,0.867048
2022-09-27 14:50,0.863892
2022-09-27 14:55,0.860736
2022-09-27 15:00,0.859014
2022-09-27 15:05,0.858727
2022-09-27 15:10,0.860161
2022-09-27 15:15,0.862744
2022-09-27 15:20,0.865613
2022-09-27 15:25,0.868482
2022-09-27 15:30,0.871351
2022-09-27 15:35,0.875081
2022-09-27 15:40,0.879098
2022-09-27 15:45,0.882541
2022-09-27 15:50,0.888280
2022-09-27 15:55,0.894592
2022-09-27 16:00,0.901191
2022-09-27 16:05,0.907790
2022-09-27 16:10,0.913529
2022-09-27 16:15,0.919267
2022-09-27 16:20,0.923858
2022-09-27 16:25,0.928161
2022-09-27 16:30,0.933326
2022-09-27 16:35,0.937630
2022-09-27 16:40,0.941073
2022-09-27 16:45,0.944229
2022-09-27 16:50,0.947385
2022-09-27 16:55,0.948246
2022-09-27 17:00,0.949681
2022-09-27 17:05,0.954272
2022-09-27 17:10,0.958863
2022-09-27 17:15,0.963741
2022-09-27 17:20,0.968333
2022-09-27 17:25,0.972924
2022-09-27 17:30,0.978950
2022-09-27 17:35,0.984115
2022-09-27 17:40,0.990141
2022-09-27 17:45,0.996168
2022-09-27 17:50,1.000759
2022-09-27 17:55,1.003915
2022-09-27 18:00,1.007071
2022-09-27 18:05,1.008792
2022-09-27 18:10,1.007070
2022-09-27 18:15,1.005348
2022-09-27 18:20,1.003913
2022-09-27 18:25,1.003053
2022-09-27 18:30,1.001905
2022-09-27 18:35,0.998748
2022-09-27 18:40,0.996166
2022-09-27 18:45,0.993870
2022-09-27 18:50,0.991862
2022-09-27 18:55,0.991288
2022-09-27 19:00,0.992149
2022-09-27 19:05,0.993011
2022-09-27 19:10,0.994446
2022-09-27 19:15,0.996168
2022-09-27 19:20,0.997890
2022-09-27 19:25,1.002481
2022-09-27 19:30,1.006784
2022-09-27 19:35,1.012523
2022-09-27 19:40,1.018836
2022-09-27 19:45,1.023426
2022-09-27 19:50,1.027730
2022-09-27 19:55,1.031747
2022-09-27 20:00,1.036912
2022-09-27 20:05,1.041502
2022-09-27 20:10,1.047814
2022-09-27 20:15,1.052118
2022-09-27 20:20,1.057283
2022-09-27 20:25,1.063308
2022-09-27 20:30,1.066178
2022-09-27 20:35,1.068760
2022-09-27 20:40,1.070194
2022-09-27 20:45,1.071628
2022-09-27 20:50,1.074211
2022-09-27 20:55,1.077367
2022-09-27 21:00,1.079950
2022-09-27 21:05,1.081384
2022-09-27 21:10,1.083393
2022-09-27 21:15,1.083679
2022-09-27 21:20,1.085688
2022-09-27 21:25,1.087409
2022-09-27 21:30,1.087409
2022-09-27 21:35,1.087409
2022-09-27 21:40,1.087409
2022-09-27 21:45,1.087122
2022-09-27 21:50,1.086549
2022-09-27 21:55,1.086262
2022-09-27 22:00,1.085401
2022-09-27 22:05,1.086262
2022-09-27 22:10,1.087122
2022-09-27 22:15,1.087983
2022-09-27 22:20,1.087983
2022-09-27 22:25,1.087983
2022-09-27 22:30,1.087122
2022-09-27 22:35,1.087409
2022-09-27 22:40,1.087696
2022-09-27 22:45,1.087983
2022-09-27 22:50,1.088557
2022-09-27 22:55,1.089417
2022-09-27 23:00,1.089991
2022-09-27 23:05,1.090278
2022-09-27 23:10,1.089417
2022-09-27 23:15,1.088557
2022-09-27 23:20,1.087696
2022-09-27 23:25,1.087983
2022-09-27 23:30,1.088270
2022-09-27 23:35,1.088270
2022-09-27 23:40,1.087696
2022-09-27 23:45,1.087122
2022-09-27 23:50,1.086262
2022-09-27 23:55,1.085401
2022-09-28 00:00,1.084541
2022-09-28 00:05,1.083680
2022-09-28 00:10,1.083107
2022-09-28 00:15,1.082533
2022-09-28 00:20,1.081959
2022-09-28 00:25,1.080525
2022-09-28 00:30,1.078516
2022-09-28 00:35,1.075647
2022-09-28 00:40,1.073064
2022-09-28 00:45,1.070769
2022-09-28 00:50,1.067899
2022-09-28 00:55,1.064456
2022-09-28 01:00,1.059865
2022-09-28 01:05,1.054987
2022-09-28 01:10,1.050109
2022-09-28 01:15,1.045231
2022-09-28 01:20,1.040353
2022-09-28 01:25,1.035475
2022-09-28 01:30,1.031457
2022-09-28 01:35,1.027727
2022-09-28 01:40,1.024858
2022-09-28 01:45,1.021989
2022-09-28 01:50,1.019120
2022-09-28 01:55,1.016824
2022-09-28 02:00,1.014815
2022-09-28 02:05,1.013381
2022-09-28 02:10,1.012234
2022-09-28 02:15,1.009077
2022-09-28 02:20,1.005348
2022-09-28 02:25,1.000757
2022-09-28 02:30,0.996167
2022-09-28 02:35,0.991576
2022-09-28 02:40,0.986986
2022-09-28 02:45,0.982109
2022-09-28 02:50,0.977232
2022-09-28 02:55,0.972641
2022-09-28 03:00,0.968051
2022-09-28 03:05,0.964034
2022-09-28 03:10,0.960591
2022-09-28 03:15,0.957148
2022-09-28 03:20,0.955714
2022-09-28 03:25,0.954853
2022-09-28 03:30,0.954279
2022-09-28 03:35,0.953417
2022-09-28 03:40,0.952843
2022-09-28 03:45,0.952268
2022-09-28 03:50,0.951981
2022-09-28 03:55,0.952554
2022-09-28 04:00,0.951980
2022-09-28 04:05,0.951405
2022-09-28 04:10,0.950544
2022-09-28 04:15,0.949682
2022-09-28 04:20,0.948821
2022-09-28 04:25,0.947960
2022-09-28 04:30,0.947385
2022-09-28 04:35,0.947960
2022-09-28 04:40,0.948821
2022-09-28 04:45,0.949396
2022-09-28 04:50,0.949970
2022-09-28 04:55,0.950545
2022-09-28 05:00,0.950258
2022-09-28 05:05,0.950832
2022-09-28 05:10,0.951407
2022-09-28 05:15,0.952268
2022-09-28 05:20,0.953130
2022-09-28 05:25,0.954852
2022-09-28 05:30,0.956574
2022-09-28 05:35,0.958009
2022-09-28 05:40,0.960017
2022-09-28 05:45,0.962024
2022-09-28 05:50,0.964032
2022-09-28 05:55,0.966040
2022-09-28 06:00,0.968048
2022-09-28 06:05,0.968622
2022-09-28 06:10,0.969196
2022-09-28 06:15,0.971490
2022-09-28 06:20,0.976368
2022-09-28 06:25,0.981245
2022-09-28 06:30,0.982679
2022-09-28 06:35,0.982392
2022-09-28 06:40,0.982105
2022-09-28 06:45,0.980671
2022-09-28 06:50,0.979237
2022-09-28 06:55,0.976654
2022-09-28 07:00,0.974072
2022-09-28 07:05,0.976941
2022-09-28 07:10,0.981245
2022-09-28 07:15,0.980097
2022-09-28 07:20,0.977227
2022-09-28 07:25,0.971776
2022-09-28 07:30,0.966324
2022-09-28 07:35,0.964890
2022-09-28 07:40,0.969193
2022-09-28 07:45,0.974071
2022-09-28 07:50,0.976654
2022-09-28 07:55,0.979236
2022-09-28 08:00,0.986123
2022-09-28 08:05,0.993010
2022-09-28 08:10,0.994445
2022-09-28 08:15,0.996740
2022-09-28 08:20,1.004488
2022-09-28 08:25,1.012235
2022-09-28 08:30,1.019983
2022-09-28 08:35,1.027730
2022-09-28 08:40,1.034903
2022-09-28 08:45,1.037198
2022-09-28 08:50,1.038059
2022-09-28 08:55,1.041215
2022-09-28 09:00,1.044371
2022-09-28 09:05,1.044371
2022-09-28 09:10,1.043798
2022-09-28 09:15,1.043224
2022-09-28 09:20,1.039781
2022-09-28 09:25,1.038347
2022-09-28 09:30,1.037486
2022-09-28 09:35,1.036626
2022-09-28 09:40,1.035765
2022-09-28 09:45,1.034044
2022-09-28 09:50,1.033183
2022-09-28 09:55,1.033757
2022-09-28 10:00,1.034618
2022-09-28 10:05,1.036339
2022-09-28 10:10,1.038060
2022-09-28 10:15,1.040929
2022-09-28 10:20,1.043798
2022-09-28 10:25,1.048677
2022-09-28 10:30,1.051833
2022-09-28 10:35,1.054415
2022-09-28 10:40,1.056711
2022-09-28 10:45,1.059006
2022-09-28 10:50,1.060727
2022-09-28 10:55,1.062449
2022-09-28 11:00,1.063596
2022-09-28 11:05,1.064170
2022-09-28 11:10,1.063883
2022-09-28 11:15,1.063596
2022-09-28 11:20,1.061874
2022-09-28 11:25,1.059865
2022-09-28 11:30,1.057570
2022-09-28 11:35,1.054987
2022-09-28 11:40,1.052118
2022-09-28 11:45,1.050109
2022-09-28 11:50,1.047527
2022-09-28 11:55,1.045519
2022-09-28 12:00,1.043511
2022-09-28 12:05,1.041503
2022-09-28 12:10,1.038634
2022-09-28 12:15,1.035764
2022-09-28 12:20,1.032895
2022-09-28 12:25,1.030886
2022-09-28 12:30,1.029164
2022-09-28 12:35,1.027729
2022-09-28 12:40,1.026294
2022-09-28 12:45,1.027728
2022-09-28 12:50,1.028876
2022-09-28 12:55,1.031458
2022-09-28 13:00,1.036049
2022-09-28 13:05,1.040639
2022-09-28 13:10,1.045229
2022-09-28 13:15,1.051255
2022-09-28 13:20,1.056993
2022-09-28 13:25,1.062732
2022-09-28 13:30,1.068471
2022-09-28 13:35,1.075357
2022-09-28 13:40,1.082531
2022-09-28 13:45,1.089705
2022-09-28 13:50,1.094583
2022-09-28 13:55,1.099174
2022-09-28 14:00,1.102904
2022-09-28 14:05,1.104626
2022-09-28 14:10,1.106635
2022-09-28 14:15,1.108643
2022-09-28 14:20,1.110365
2022-09-28 14:25,1.112374
2022-09-28 14:30,1.114383
2022-09-28 14:35,1.116392
2022-09-28 14:40,1.117252
2022-09-28 14:45,1.118113
2022-09-28 14:50,1.119260
2022-09-28 14:55,1.120121
2022-09-28 15:00,1.120981
2022-09-28 15:05,1.122129
2022-09-28 15:10,1.123276
2022-09-28 15:15,1.124137
2022-09-28 15:20,1.124710
2022-09-28 15:25,1.124997
2022-09-28 15:30,1.125571
2022-09-28 15:35,1.125858
2022-09-28 15:40,1.125571
2022-09-28 15:45,1.125284
2022-09-28 15:50,1.124710
2022-09-28 15:55,1.123850
2022-09-28 16:00,1.123563
2022-09-28 16:05,1.123276
2022-09-28 16:10,1.122702
2022-09-28 16:15,1.121555
2022-09-28 16:20,1.120408
2022-09-28 16:25,1.122990
2022-09-28 16:30,1.126146
2022-09-28 16:35,1.129302
2022-09-28 16:40,1.132745
2022-09-28 16:45,1.136762
2022-09-28 16:50,1.141353
2022-09-28 16:55,1.145944
2022-09-28 17:00,1.150536
2022-09-28 17:05,1.154553
2022-09-28 17:10,1.159431
2022-09-28 17:15,1.164309
2022-09-28 17:20,1.170048
2022-09-28 17:25,1.175787
2022-09-28 17:30,1.178369
2022-09-28 17:35,1.180665
2022-09-28 17:40,1.183247
2022-09-28 17:45,1.185830
2022-09-28 17:50,1.188412
2022-09-28 17:55,1.190420
2022-09-28 18:00,1.192428
2022-09-28 18:05,1.193862
2022-09-28 18:10,1.195010
2022-09-28 18:15,1.192427
2022-09-28 18:20,1.188123
2022-09-28 18:25,1.183531
2022-09-28 18:30,1.178940
2022-09-28 18:35,1.174062
2022-09-28 18:40,1.169184
2022-09-28 18:45,1.163732
2022-09-28 18:50,1.158281
2022-09-28 18:55,1.152829
2022-09-28 19:00,1.147377
2022-09-28 19:05,1.143360
2022-09-28 19:10,1.139917
2022-09-28 19:15,1.137909
2022-09-28 19:20,1.138769
2022-09-28 19:25,1.141352
2022-09-28 19:30,1.143934
2022-09-28 19:35,1.146516
2022-09-28 19:40,1.149099
2022-09-28 19:45,1.151681
2022-09-28 19:50,1.154264
2022-09-28 19:55,1.156846
2022-09-28 20:00,1.160290
2022-09-28 20:05,1.163159
2022-09-28 20:10,1.165168
2022-09-28 20:15,1.168611
2022-09-28 20:20,1.169473
2022-09-28 20:25,1.169759
2022-09-28 20:30,1.170046
2022-09-28 20:35,1.170908
2022-09-28 20:40,1.171769
2022-09-28 20:45,1.172630
2022-09-28 20:50,1.172917
2022-09-28 20:55,1.170622
2022-09-28 21:00,1.168039
2022-09-28 21:05,1.164595
2022-09-28 21:10,1.161726
2022-09-28 21:15,1.158282
2022-09-28 21:20,1.152830
2022-09-28 21:25,1.149387
2022-09-28 21:30,1.146517
2022-09-28 21:35,1.143935
2022-09-28 21:40,1.140778
2022-09-28 21:45,1.138482
2022-09-28 21:50,1.138482
2022-09-28 21:55,1.143360
2022-09-28 22:00,1.151108
2022-09-28 22:05,1.159429
2022-09-28 22:10,1.167750
2022-09-28 22:15,1.176071
2022-09-28 22:20,1.184105
2022-09-28 22:25,1.193000
2022-09-28 22:30,1.201608
2022-09-28 22:35,1.210216
2022-09-28 22:40,1.218537
2022-09-28 22:45,1.226571
2022-09-28 22:50,1.232310
2022-09-28 22:55,1.235753
2022-09-28 23:00,1.234604
2022-09-28 23:05,1.232309
2022-09-28 23:10,1.229726
2022-09-28 23:15,1.225997
2022-09-28 23:20,1.222267
2022-09-28 23:25,1.218249
2022-09-28 23:30,1.213945
2022-09-28 23:35,1.207059
2022-09-28 23:40,1.202468
2022-09-28 23:45,1.197876
2022-09-28 23:50,1.193572
2022-09-28 23:55,1.188694
2022-09-29 00:00,1.183816
2022-09-29 00:05,1.179225
2022-09-29 00:10,1.175496
2022-09-29 00:15,1.170331
2022-09-29 00:20,1.166313
2022-09-29 00:25,1.162296
2022-09-29 00:30,1.159714
2022-09-29 00:35,1.157132
2022-09-29 00:40,1.156845
2022-09-29 00:45,1.154264
2022-09-29 00:50,1.151682
2022-09-29 00:55,1.149101
2022-09-29 01:00,1.148527
2022-09-29 01:05,1.147953
2022-09-29 01:10,1.147380
2022-09-29 01:15,1.146806
2022-09-29 01:20,1.147667
2022-09-29 01:25,1.148529
2022-09-29 01:30,1.149390
2022-09-29 01:35,1.149390
2022-09-29 01:40,1.148816
2022-09-29 01:45,1.148243
2022-09-29 01:50,1.146808
2022-09-29 01:55,1.145372
2022-09-29 02:00,1.143937
2022-09-29 02:05,1.142502
2022-09-29 02:10,1.140780
2022-09-29 02:15,1.139058
2022-09-29 02:20,1.137337
2022-09-29 02:25,1.135615
2022-09-29 02:30,1.134180
2022-09-29 02:35,1.132744
2022-09-29 02:40,1.131309
2022-09-29 02:45,1.131022
2022-09-29 02:50,1.130734
2022-09-29 02:55,1.131595
2022-09-29 03:00,1.133891
2022-09-29 03:05,1.141925
2022-09-29 03:10,1.149959
2022-09-29 03:15,1.158567
2022-09-29 03:20,1.167462
2022-09-29 03:25,1.176357
2022-09-29 03:30,1.185252
2022-09-29 03:35,1.193573
2022-09-29 03:40,1.201894
2022-09-29 03:45,1.210215
2022-09-29 03:50,1.217962
2022-09-29 03:55,1.225710
2022-09-29 04:00,1.232883
2022-09-29 04:05,1.232022
2022-09-29 04:10,1.223988
2022-09-29 04:15,1.215954
2022-09-29 04:20,1.207632
2022-09-29 04:25,1.199025
2022-09-29 04:30,1.190417
2022-09-29 04:35,1.182096
2022-09-29 04:40,1.174061
2022-09-29 04:45,1.166027
2022-09-29 04:50,1.157993
2022-09-29 04:55,1.151107
2022-09-29 05:00,1.143934
2022-09-29 05:05,1.137048
2022-09-29 05:10,1.136761
2022-09-29 05:15,1.137909
2022-09-29 05:20,1.140492
2022-09-29 05:25,1.141640
2022-09-29 05:30,1.142788
2022-09-29 05:35,1.143937
2022-09-29 05:40,1.146232
2022-09-29 05:45,1.148528
2022-09-29 05:50,1.150823
2022-09-29 05:55,1.153119
2022-09-29 06:00,1.154266
2022-09-29 06:05,1.156848
2022-09-29 06:10,1.159430
2022-09-29 06:15,1.162011
2022-09-29 06:20,1.165454
2022-09-29 06:25,1.167463
2022-09-29 06:30,1.172053
2022-09-29 06:35,1.176644
2022-09-29 06:40,1.181808
2022-09-29 06:45,1.187260
2022-09-29 06:50,1.193572
2022-09-29 06:55,1.200171
2022-09-29 07:00,1.207057
2022-09-29 07:05,1.214230
2022-09-29 07:10,1.220255
2022-09-29 07:15,1.226281
2022-09-29 07:20,1.232306
2022-09-29 07:25,1.237758
2022-09-29 07:30,1.243497
2022-09-29 07:35,1.248088
2022-09-29 07:40,1.252679
2022-09-29 07:45,1.256697
2022-09-29 07:50,1.258992
2022-09-29 07:55,1.260427
2022-09-29 08:00,1.261862
2022-09-29 08:05,1.263011
2022-09-29 08:10,1.263872
2022-09-29 08:15,1.264733
2022-09-29 08:20,1.265595
2022-09-29 08:25,1.266456
2022-09-29 08:30,1.267030
2022-09-29 08:35,1.267030
2022-09-29 08:40,1.267030
2022-09-29 08:45,1.265595
2022-09-29 08:50,1.263586
2022-09-29 08:55,1.260430
2022-09-29 09:00,1.256699
2022-09-29 09:05,1.252395
2022-09-29 09:10,1.248090
2022-09-29 09:15,1.243499
2022-09-29 09:20,1.238334
2022-09-29 09:25,1.232883
2022-09-29 09:30,1.227431
2022-09-29 09:35,1.220258
2022-09-29 09:40,1.213372
2022-09-29 09:45,1.205911
2022-09-29 09:50,1.199599
2022-09-29 09:55,1.193860
2022-09-29 10:00,1.187835
2022-09-29 10:05,1.182384
2022-09-29 10:10,1.177220
2022-09-29 10:15,1.172056
2022-09-29 10:20,1.164309
2022-09-29 10:25,1.157137
2022-09-29 10:30,1.152833
2022-09-29 10:35,1.145947
2022-09-29 10:40,1.140782
2022-09-29 10:45,1.138200
2022-09-29 10:50,1.136192
2022-09-29 10:55,1.131888
2022-09-29 11:00,1.127585
2022-09-29 11:05,1.124715
2022-09-29 11:10,1.121846
2022-09-29 11:15,1.118403
2022-09-29 11:20,1.114960
2022-09-29 11:25,1.114099
2022-09-29 11:30,1.112664
2022-09-29 11:35,1.108646
2022-09-29 11:40,1.107211
2022-09-29 11:45,1.105776
2022-09-29 11:50,1.101758
2022-09-29 11:55,1.097741
2022-09-29 12:00,1.096306
2022-09-29 12:05,1.094871
2022-09-29 12:10,1.093436
2022-09-29 12:15,1.092000
2022-09-29 12:20,1.090565
2022-09-29 12:25,1.089704
2022-09-29 12:30,1.089130
2022-09-29 12:35,1.090279
2022-09-29 12:40,1.091427
2022-09-29 12:45,1.091427
2022-09-29 12:50,1.090853
2022-09-29 12:55,1.092001
2022-09-29 13:00,1.094010
2022-09-29 13:05,1.095158
2022-09-29 13:10,1.096880
2022-09-29 13:15,1.096020
2022-09-29 13:20,1.094299
2022-09-29 13:25,1.092577
2022-09-29 13:30,1.089421
2022-09-29 13:35,1.086264
2022-09-29 13:40,1.081960
2022-09-29 13:45,1.078229
2022-09-29 13:50,1.076508
2022-09-29 13:55,1.075361
2022-09-29 14:00,1.072492
2022-09-29 14:05,1.068762
2022-09-29 14:10,1.065892
2022-09-29 14:15,1.062449
2022-09-29 14:20,1.061589
2022-09-29 14:25,1.061876
2022-09-29 14:30,1.062737
2022-09-29 14:35,1.064459
2022-09-29 14:40,1.066181
2022-09-29 14:45,1.068190
2022-09-29 14:50,1.070198
2022-09-29 14:55,1.071346
2022-09-29 15:00,1.072493
2022-09-29 15:05,1.073641
2022-09-29 15:10,1.074788
2022-09-29 15:15,1.077944
2022-09-29 15:20,1.081100
2022-09-29 15:25,1.084830
2022-09-29 15:30,1.089707
2022-09-29 15:35,1.095159
2022-09-29 15:40,1.100611
2022-09-29 15:45,1.106063
2022-09-29 15:50,1.111228
2022-09-29 15:55,1.116106
2022-09-29 16:00,1.122131
2022-09-29 16:05,1.128157
2022-09-29 16:10,1.134182
2022-09-29 16:15,1.140208
2022-09-29 16:20,1.144224
2022-09-29 16:25,1.148241
2022-09-29 16:30,1.151971
2022-09-29 16:35,1.155128
2022-09-29 16:40,1.157996
2022-09-29 16:45,1.160865
2022-09-29 16:50,1.163733
2022-09-29 16:55,1.167463
2022-09-29 17:00,1.170906
2022-09-29 17:05,1.174923
2022-09-29 17:10,1.180374
2022-09-29 17:15,1.186113
2022-09-29 17:20,1.192399
2022-09-29 17:25,1.198685
2022-09-29 17:30,1.204971
2022-09-29 17:35,1.210971
2022-09-29 17:40,1.215845
2022-09-29 17:45,1.220697
2022-09-29 17:50,1.225549
2022-09-29 17:55,1.230401
2022-09-29 18:00,1.234375
2022-09-29 18:05,1.238102
2022-09-29 18:10,1.240109
2022-09-29 18:15,1.240680
2022-09-29 18:20,1.240964
2022-09-29 18:25,1.240701
2022-09-29 18:30,1.240440
2022-09-29 18:35,1.240180
2022-09-29 18:40,1.239919
2022-09-29 18:45,1.239922
2022-09-29 18:50,1.238514
2022-09-29 18:55,1.237106
2022-09-29 19:00,1.233976
2022-09-29 19:05,1.230862
2022-09-29 19:10,1.227995
2022-09-29 19:15,1.224555
2022-09-29 19:20,1.221114
2022-09-29 19:25,1.217674
2022-09-29 19:30,1.213946
2022-09-29 19:35,1.210217
2022-09-29 19:40,1.206200
2022-09-29 19:45,1.202470
2022-09-29 19:50,1.198740
2022-09-29 19:55,1.195871
2022-09-29 20:00,1.193002
2022-09-29 20:05,1.191854
2022-09-29 20:10,1.190994
2022-09-29 20:15,1.190994
2022-09-29 20:20,1.191854
2022-09-29 20:25,1.192715
2022-09-29 20:30,1.193575
2022-09-29 20:35,1.194723
2022-09-29 20:40,1.195870
2022-09-29 20:45,1.197304
2022-09-29 20:50,1.198452
2022-09-29 20:55,1.199599
2022-09-29 21:00,1.201033
2022-09-29 21:05,1.204763
2022-09-29 21:10,1.208493
2022-09-29 21:15,1.211936
2022-09-29 21:20,1.212223
2022-09-29 21:25,1.212223
2022-09-29 21:30,1.212223
2022-09-29 21:35,1.212223
2022-09-29 21:40,1.212223
2022-09-29 21:45,1.212797
2022-09-29 21:50,1.213370
2022-09-29 21:55,1.213657
2022-09-29 22:00,1.213944
2022-09-29 22:05,1.214231
2022-09-29 22:10,1.212222
2022-09-29 22:15,1.210213
2022-09-29 22:20,1.208204
2022-09-29 22:25,1.208491
2022-09-29 22:30,1.208778
2022-09-29 22:35,1.208778
2022-09-29 22:40,1.208778
2022-09-29 22:45,1.208778
2022-09-29 22:50,1.207057
2022-09-29 22:55,1.205049
2022-09-29 23:00,1.203328
2022-09-29 23:05,1.201319
2022-09-29 23:10,1.199024
2022-09-29 23:15,1.196154
2022-09-29 23:20,1.190703
2022-09-29 23:25,1.185251
2022-09-29 23:30,1.179799
2022-09-29 23:35,1.174347
2022-09-29 23:40,1.168896
2022-09-29 23:45,1.162870
2022-09-29 23:50,1.156845
2022-09-29 23:55,1.151967
2022-09-30 00:00,1.147375
2022-09-30 00:05,1.142784
2022-09-30 00:10,1.138481
2022-09-30 00:15,1.134464
2022-09-30 00:20,1.129300
2022-09-30 00:25,1.126718
2022-09-30 00:30,1.124137
2022-09-30 00:35,1.121268
2022-09-30 00:40,1.115817
2022-09-30 00:45,1.110365
2022-09-30 00:50,1.105200
2022-09-30 00:55,1.100036
2022-09-30 01:00,1.094871
2022-09-30 01:05,1.089706
2022-09-30 01:10,1.084541
2022-09-30 01:15,1.079376
2022-09-30 01:20,1.073924
2022-09-30 01:25,1.069333
2022-09-30 01:30,1.064742
2022-09-30 01:35,1.061011
2022-09-30 01:40,1.057567
2022-09-30 01:45,1.055558
2022-09-30 01:50,1.053837
2022-09-30 01:55,1.052403
2022-09-30 02:00,1.050969
2022-09-30 02:05,1.049535
2022-09-30 02:10,1.048100
2022-09-30 02:15,1.045519
2022-09-30 02:20,1.042363
2022-09-30 02:25,1.039493
2022-09-30 02:30,1.037484
2022-09-30 02:35,1.032320
2022-09-30 02:40,1.026294
2022-09-30 02:45,1.021991
2022-09-30 02:50,1.020269
2022-09-30 02:55,1.018547
2022-09-30 03:00,1.015391
2022-09-30 03:05,1.012234
2022-09-30 03:10,1.009078
2022-09-30 03:15,1.014530
2022-09-30 03:20,1.021990
2022-09-30 03:25,1.030024
2022-09-30 03:30,1.038058
2022-09-30 03:35,1.046379
2022-09-30 03:40,1.057856
2022-09-30 03:45,1.069334
2022-09-30 03:50,1.079089
2022-09-30 03:55,1.087410
2022-09-30 04:00,1.096879
2022-09-30 04:05,1.108070
2022-09-30 04:10,1.119834
2022-09-30 04:15,1.131598
2022-09-30 04:20,1.135328
2022-09-30 04:25,1.138197
2022-09-30 04:30,1.141066
2022-09-30 04:35,1.143936
2022-09-30 04:40,1.146518
2022-09-30 04:45,1.149101
2022-09-30 04:50,1.151683
2022-09-30 04:55,1.154266
2022-09-30 05:00,1.157135
2022-09-30 05:05,1.158856
2022-09-30 05:10,1.160290
2022-09-30 05:15,1.160864
2022-09-30 05:20,1.161724
2022-09-30 05:25,1.161724
2022-09-30 05:30,1.160864
2022-09-30 05:35,1.160003
2022-09-30 05:40,1.159143
2022-09-30 05:45,1.158282
2022-09-30 05:50,1.157422
2022-09-30 05:55,1.157709
2022-09-30 06:00,1.157995
2022-09-30 06:05,1.157422
2022-09-30 06:10,1.157422
2022-09-30 06:15,1.156848
2022-09-30 06:20,1.157135
2022-09-30 06:25,1.156561
2022-09-30 06:30,1.156848
2022-09-30 06:35,1.157995
2022-09-30 06:40,1.159143
2022-09-30 06:45,1.159716
2022-09-30 06:50,1.160290
2022-09-30 06:55,1.160864
2022-09-30 07:00,1.160290
2022-09-30 07:05,1.158569
2022-09-30 07:10,1.157422
2022-09-30 07:15,1.155413
2022-09-30 07:20,1.154266
2022-09-30 07:25,1.152257
2022-09-30 07:30,1.150822
2022-09-30 07:35,1.148526
2022-09-30 07:40,1.146230
2022-09-30 07:45,1.143935
2022-09-30 07:50,1.142213
2022-09-30 07:55,1.140491
2022-09-30 08:00,1.138769
2022-09-30 08:05,1.137047
2022-09-30 08:10,1.136473
2022-09-30 08:15,1.135898
2022-09-30 08:20,1.135611
2022-09-30 08:25,1.135037
2022-09-30 08:30,1.134750
2022-09-30 08:35,1.134750
2022-09-30 08:40,1.135037
2022-09-30 08:45,1.135037
2022-09-30 08:50,1.135037
2022-09-30 08:55,1.135037
2022-09-30 09:00,1.135037
2022-09-30 09:05,1.135037
2022-09-30 09:10,1.134750
2022-09-30 09:15,1.132742
2022-09-30 09:20,1.129586
2022-09-30 09:25,1.126430
2022-09-30 09:30,1.122700
2022-09-30 09:35,1.117823
2022-09-30 09:40,1.112084
2022-09-30 09:45,1.104624
2022-09-30 09:50,1.097451
2022-09-30 09:55,1.090279
2022-09-30 10:00,1.083106
2022-09-30 10:05,1.075933
2022-09-30 10:10,1.068760
2022-09-30 10:15,1.062161
2022-09-30 10:20,1.057283
2022-09-30 10:25,1.052692
2022-09-30 10:30,1.048963
2022-09-30 10:35,1.045806
2022-09-30 10:40,1.043798
2022-09-30 10:45,1.042363
2022-09-30 10:50,1.042650
2022-09-30 10:55,1.042650
2022-09-30 11:00,1.042650
2022-09-30 11:05,1.041790
2022-09-30 11:10,1.040929
2022-09-30 11:15,1.040069
2022-09-30 11:20,1.038921
2022-09-30 11:25,1.038061
2022-09-30 11:30,1.038634
2022-09-30 11:35,1.038348
2022-09-30 11:40,1.038634
2022-09-30 11:45,1.040069
2022-09-30 11:50,1.041503
2022-09-30 11:55,1.042937
2022-09-30 12:00,1.044658
2022-09-30 12:05,1.046379
2022-09-30 12:10,1.048961
2022-09-30 12:15,1.051542
2022-09-30 12:20,1.053550
2022-09-30 12:25,1.055558
2022-09-30 12:30,1.057279
2022-09-30 12:35,1.058427
2022-09-30 12:40,1.059287
2022-09-30 12:45,1.059574
2022-09-30 12:50,1.058714
2022-09-30 12:55,1.057566
2022-09-30 13:00,1.056419
2022-09-30 13:05,1.055271
2022-09-30 13:10,1.054124
2022-09-30 13:15,1.052977
2022-09-30 13:20,1.052116
2022-09-30 13:25,1.051829
2022-09-30 13:30,1.052691
2022-09-30 13:35,1.053552
2022-09-30 13:40,1.054413
2022-09-30 13:45,1.055562
2022-09-30 13:50,1.056997
2022-09-30 13:55,1.058432
2022-09-30 14:00,1.060154
2022-09-30 14:05,1.061876
2022-09-30 14:10,1.064171
2022-09-30 14:15,1.066467
2022-09-30 14:20,1.067614
2022-09-30 14:25,1.067614
2022-09-30 14:30,1.066754
2022-09-30 14:35,1.063884
2022-09-30 14:40,1.060728
2022-09-30 14:45,1.057572
2022-09-30 14:50,1.054416
2022-09-30 14:55,1.050973
2022-09-30 15:00,1.047817
2022-09-30 15:05,1.045521
2022-09-30 15:10,1.043226
2022-09-30 15:15,1.040356
2022-09-30 15:20,1.038061
2022-09-30 15:25,1.037200
2022-09-30 15:30,1.038348
2022-09-30 15:35,1.040357
2022-09-30 15:40,1.043226
2022-09-30 15:45,1.046383
2022-09-30 15:50,1.050112
2022-09-30 15:55,1.054416
2022-09-30 16:00,1.059293
2022-09-30 16:05,1.063884
2022-09-30 16:10,1.067613
2022-09-30 16:15,1.071917
2022-09-30 16:20,1.075647
2022-09-30 16:25,1.078803
2022-09-30 16:30,1.081672
2022-09-30 16:35,1.083393
2022-09-30 16:40,1.085114
2022-09-30 16:45,1.086836
2022-09-30 16:50,1.089130
2022-09-30 16:55,1.091139
2022-09-30 17:00,1.092574
2022-09-30 17:05,1.092574
2022-09-30 17:10,1.093436
2022-09-30 17:15,1.096305
2022-09-30 17:20,1.098600
2022-09-30 17:25,1.101470
2022-09-30 17:30,1.104339
2022-09-30 17:35,1.107208
2022-09-30 17:40,1.110651
2022-09-30 17:45,1.114381
2022-09-30 17:50,1.118399
2022-09-30 17:55,1.122129
2022-09-30 18:00,1.126146
2022-09-30 18:05,1.130163
2022-09-30 18:10,1.135041
2022-09-30 18:15,1.139058
2022-09-30 18:20,1.141353
2022-09-30 18:25,1.143649
2022-09-30 18:30,1.145944
2022-09-30 18:35,1.148814
2022-09-30 18:40,1.151683
2022-09-30 18:45,1.155413
2022-09-30 18:50,1.159717
2022-09-30 18:55,1.162873
2022-09-30 19:00,1.166602
2022-09-30 19:05,1.170332
2022-09-30 19:10,1.174062
2022-09-30 19:15,1.177792
2022-09-30 19:20,1.181522
2022-09-30 19:25,1.184965
2022-09-30 19:30,1.187547
2022-09-30 19:35,1.190130
2022-09-30 19:40,1.191852
2022-09-30 19:45,1.193860
2022-09-30 19:50,1.194435
2022-09-30 19:55,1.193861
2022-09-30 20:00,1.194436
2022-09-30 20:05,1.194149
2022-09-30 20:10,1.193288
2022-09-30 20:15,1.192428
2022-09-30 20:20,1.191567
2022-09-30 20:25,1.190707
2022-09-30 20:30,1.190133
2022-09-30 20:35,1.190420
2022-09-30 20:40,1.191281
2022-09-30 20:45,1.192428
2022-09-30 20:50,1.193288
2022-09-30 20:55,1.194149
2022-09-30 21:00,1.195583
2022-09-30 21:05,1.197879
2022-09-30 21:10,1.200174
2022-09-30 21:15,1.202470
2022-09-30 21:20,1.202470
2022-09-30 21:25,1.201609
2022-09-30 21:30,1.200747
2022-09-30 21:35,1.199599
2022-09-30 21:40,1.198451
2022-09-30 21:45,1.196729
2022-09-30 21:50,1.195007
2022-09-30 21:55,1.193285
2022-09-30 22:00,1.192138
2022-09-30 22:05,1.190703
2022-09-30 22:10,1.188121
2022-09-30 22:15,1.185539
2022-09-30 22:20,1.184677
2022-09-30 22:25,1.186111
2022-09-30 22:30,1.188407
2022-09-30 22:35,1.190703
2022-09-30 22:40,1.192998
2022-09-30 22:45,1.195294
2022-09-30 22:50,1.197589
2022-09-30 22:55,1.199885
2022-09-30 23:00,1.203616
2022-09-30 23:05,1.206772
2022-09-30 23:10,1.208206
2022-09-30 23:15,1.209067
2022-09-30 23:20,1.209927
2022-09-30 23:25,1.209067
2022-09-30 23:30,1.208493
2022-09-30 23:35,1.208206
2022-09-30 23:40,1.209641
2022-09-30 23:45,1.211076
2022-09-30 23:50,1.210503
2022-09-30 23:55,1.209642
2022-10-01 00:00,1.208495
2022-10-01 00:05,1.205625
2022-10-01 00:10,1.203043
2022-10-01 00:15,1.202182
2022-10-01 00:20,1.201609
2022-10-01 00:25,1.200174
2022-10-01 00:30,1.197878
2022-10-01 00:35,1.195296
2022-10-01 00:40,1.192426
2022-10-01 00:45,1.187835
2022-10-01 00:50,1.183244
2022-10-01 00:55,1.180374
2022-10-01 01:00,1.177792
2022-10-01 01:05,1.175496
2022-10-01 01:10,1.173774
2022-10-01 01:15,1.171766
2022-10-01 01:20,1.169757
2022-10-01 01:25,1.168322
2022-10-01 01:30,1.168036
2022-10-01 01:35,1.168610
2022-10-01 01:40,1.168897
2022-10-01 01:45,1.169184
2022-10-01 01:50,1.169471
2022-10-01 01:55,1.169758
2022-10-01 02:00,1.170331
2022-10-01 02:05,1.171193
2022-10-01 02:10,1.173488
2022-10-01 02:15,1.175497
2022-10-01 02:20,1.176072
2022-10-01 02:25,1.178081
2022-10-01 02:30,1.178941
2022-10-01 02:35,1.179514
2022-10-01 02:40,1.180948
2022-10-01 02:45,1.182670
2022-10-01 02:50,1.184392
2022-10-01 02:55,1.185253
2022-10-01 03:00,1.185253
2022-10-01 03:05,1.185253
2022-10-01 03:10,1.184391
2022-10-01 03:15,1.182096
2022-10-01 03:20,1.179800
2022-10-01 03:25,1.178939
2022-10-01 03:30,1.176643
2022-10-01 03:35,1.175209
2022-10-01 03:40,1.173774
2022-10-01 03:45,1.171479
2022-10-01 03:50,1.169183
2022-10-01 03:55,1.166888
2022-10-01 04:00,1.165740
2022-10-01 04:05,1.165453
2022-10-01 04:10,1.165741
2022-10-01 04:15,1.166602
2022-10-01 04:20,1.166889
2022-10-01 04:25,1.167176
2022-10-01 04:30,1.167463
2022-10-01 04:35,1.167750
2022-10-01 04:40,1.168037
2022-10-01 04:45,1.168324
2022-10-01 04:50,1.168610
2022-10-01 04:55,1.170045
2022-10-01 05:00,1.171479
2022-10-01 05:05,1.172626
2022-10-01 05:10,1.173774
2022-10-01 05:15,1.174346
2022-10-01 05:20,1.174919
2022-10-01 05:25,1.176067
2022-10-01 05:30,1.177214
2022-10-01 05:35,1.178361
2022-10-01 05:40,1.179509
2022-10-01 05:45,1.180656
2022-10-01 05:50,1.181517
2022-10-01 05:55,1.182377
2022-10-01 06:00,1.181230
2022-10-01 06:05,1.180083
2022-10-01 06:10,1.178935
2022-10-01 06:15,1.177501
2022-10-01 06:20,1.176067
2022-10-01 06:25,1.174632
2022-10-01 06:30,1.172625
2022-10-01 06:35,1.170617
2022-10-01 06:40,1.168609
2022-10-01 06:45,1.166601
2022-10-01 06:50,1.164880
2022-10-01 06:55,1.163732
2022-10-01 07:00,1.162585
2022-10-01 07:05,1.162298
2022-10-01 07:10,1.161724
2022-10-01 07:15,1.161151
2022-10-01 07:20,1.160864
2022-10-01 07:25,1.160577
2022-10-01 07:30,1.160577
2022-10-01 07:35,1.161151
2022-10-01 07:40,1.161438
2022-10-01 07:45,1.162011
2022-10-01 07:50,1.161724
2022-10-01 07:55,1.161151
2022-10-01 08:00,1.160290
2022-10-01 08:05,1.159143
2022-10-01 08:10,1.158282
2022-10-01 08:15,1.157709
2022-10-01 08:20,1.157135
2022-10-01 08:25,1.156561
2022-10-01 08:30,1.155701
2022-10-01 08:35,1.154266
2022-10-01 08:40,1.152258
2022-10-01 08:45,1.149962
2022-10-01 08:50,1.145658
2022-10-01 08:55,1.142215
2022-10-01 09:00,1.138772
2022-10-01 09:05,1.135043
2022-10-01 09:10,1.131600
2022-10-01 09:15,1.127870
2022-10-01 09:20,1.124140
2022-10-01 09:25,1.120410
2022-10-01 09:30,1.116680
2022-10-01 09:35,1.112376
2022-10-01 09:40,1.108358
2022-10-01 09:45,1.105490
2022-10-01 09:50,1.102621
2022-10-01 09:55,1.101472
2022-10-01 10:00,1.099750
2022-10-01 10:05,1.097455
2022-10-01 10:10,1.095446
2022-10-01 10:15,1.093437
2022-10-01 10:20,1.091142
2022-10-01 10:25,1.088559
2022-10-01 10:30,1.085977
2022-10-01 10:35,1.082533
2022-10-01 10:40,1.079950
2022-10-01 10:45,1.077368
2022-10-01 10:50,1.074211
2022-10-01 10:55,1.070481
2022-10-01 11:00,1.066178
2022-10-01 11:05,1.061587
2022-10-01 11:10,1.057283
2022-10-01 11:15,1.052978
2022-10-01 11:20,1.048674
2022-10-01 11:25,1.044656
2022-10-01 11:30,1.040639
2022-10-01 11:35,1.036908
2022-10-01 11:40,1.033752
2022-10-01 11:45,1.030596
2022-10-01 11:50,1.027440
2022-10-01 11:55,1.024284
2022-10-01 12:00,1.022275
2022-10-01 12:05,1.020840
2022-10-01 12:10,1.020552
2022-10-01 12:15,1.021700
2022-10-01 12:20,1.023709
2022-10-01 12:25,1.025718
2022-10-01 12:30,1.028300
2022-10-01 12:35,1.032031
2022-10-01 12:40,1.035475
2022-10-01 12:45,1.039492
2022-10-01 12:50,1.043510
2022-10-01 12:55,1.047527
2022-10-01 13:00,1.051545
2022-10-01 13:05,1.055563
2022-10-01 13:10,1.059580
2022-10-01 13:15,1.063311
2022-10-01 13:20,1.065893
2022-10-01 13:25,1.067615
2022-10-01 13:30,1.069016
2022-10-01 13:35,1.069016
2022-10-01 13:40,1.067868
2022-10-01 13:45,1.066720
2022-10-01 13:50,1.065285
2022-10-01 13:55,1.064137
2022-10-01 14:00,1.063816
2022-10-01 14:05,1.063495
2022-10-01 14:10,1.063175
2022-10-01 14:15,1.063172
2022-10-01 14:20,1.063169
2022-10-01 14:25,1.063169
2022-10-01 14:30,1.063742
2022-10-01 14:35,1.065784
2022-10-01 14:40,1.068653
2022-10-01 14:45,1.072671
2022-10-01 14:50,1.076688
2022-10-01 14:55,1.080706
2022-10-01 15:00,1.085584
2022-10-01 15:05,1.089921
2022-10-01 15:10,1.094259
2022-10-01 15:15,1.099170
2022-10-01 15:20,1.103763
2022-10-01 15:25,1.108356
2022-10-01 15:30,1.113234
2022-10-01 15:35,1.117537
2022-10-01 15:40,1.120694
2022-10-01 15:45,1.123850
2022-10-01 15:50,1.126719
2022-10-01 15:55,1.129875
2022-10-01 16:00,1.133031
2022-10-01 16:05,1.135040
2022-10-01 16:10,1.136762
2022-10-01 16:15,1.138771
2022-10-01 16:20,1.140493
2022-10-01 16:25,1.142788
2022-10-01 16:30,1.145084
2022-10-01 16:35,1.147093
2022-10-01 16:40,1.149101
2022-10-01 16:45,1.151397
2022-10-01 16:50,1.153693
2022-10-01 16:55,1.155414
2022-10-01 17:00,1.157422
2022-10-01 17:05,1.159430
2022-10-01 17:10,1.161438
2022-10-01 17:15,1.163445
2022-10-01 17:20,1.165454
2022-10-01 17:25,1.167176
2022-10-01 17:30,1.168610
2022-10-01 17:35,1.169759
2022-10-01 17:40,1.171193
2022-10-01 17:45,1.172627
2022-10-01 17:50,1.173488
2022-10-01 17:55,1.174636
2022-10-01 18:00,1.176070
2022-10-01 18:05,1.176931
2022-10-01 18:10,1.177791
2022-10-01 18:15,1.178652
2022-10-01 18:20,1.180947
2022-10-01 18:25,1.182955
2022-10-01 18:30,1.185454
2022-10-01 18:35,1.187410
2022-10-01 18:40,1.189653
2022-10-01 18:45,1.191865
2022-10-01 18:50,1.194078
2022-10-01 18:55,1.197229
2022-10-01 19:00,1.199523
2022-10-01 19:05,1.202101
2022-10-01 19:10,1.204684
2022-10-01 19:15,1.208119
2022-10-01 19:20,1.210697
2022-10-01 19:25,1.211269
2022-10-01 19:30,1.211841
2022-10-01 19:35,1.211922
2022-10-01 19:40,1.212831
2022-10-01 19:45,1.214597
2022-10-01 19:50,1.216107
2022-10-01 19:55,1.218198
2022-10-01 20:00,1.219924
2022-10-01 20:05,1.225664
2022-10-01 20:10,1.233416
2022-10-01 20:15,1.241450
2022-10-01 20:20,1.248631
2022-10-01 20:25,1.256670
2022-10-01 20:30,1.265566
2022-10-01 20:35,1.275611
2022-10-01 20:40,1.285655
2022-10-01 20:45,1.295129
2022-10-01 20:50,1.302597
2022-10-01 20:55,1.310065
2022-10-01 21:00,1.316952
2022-10-01 21:05,1.323551
2022-10-01 21:10,1.326707
2022-10-01 21:15,1.327281
2022-10-01 21:20,1.327568
2022-10-01 21:25,1.327855
2022-10-01 21:30,1.328429
2022-10-01 21:35,1.328429
2022-10-01 21:40,1.327280
2022-10-01 21:45,1.326419
2022-10-01 21:50,1.326132
2022-10-01 21:55,1.326993
2022-10-01 22:00,1.328142
2022-10-01 22:05,1.329290
2022-10-01 22:10,1.330438
2022-10-01 22:15,1.331873
2022-10-01 22:20,1.333308
2022-10-01 22:25,1.334743
2022-10-01 22:30,1.335892
2022-10-01 22:35,1.336753
2022-10-01 22:40,1.338188
2022-10-01 22:45,1.339623
2022-10-01 22:50,1.340485
2022-10-01 22:55,1.340771
2022-10-01 23:00,1.341058
2022-10-01 23:05,1.341058
2022-10-01 23:10,1.341058
2022-10-01 23:15,1.341058
2022-10-01 23:20,1.340485
2022-10-01 23:25,1.340198
2022-10-01 23:30,1.339911
2022-10-01 23:35,1.339911
2022-10-01 23:40,1.339911
2022-10-01 23:45,1.339624
2022-10-01 23:50,1.339337
2022-10-01 23:55,1.339337
2022-10-02 00:00,1.339337
2022-10-02 00:05,1.339337
2022-10-02 00:10,1.339050
2022-10-02 00:15,1.339050
2022-10-02 00:20,1.338763
2022-10-02 00:25,1.338763
2022-10-02 00:30,1.337902
2022-10-02 00:35,1.337041
2022-10-02 00:40,1.336179
2022-10-02 00:45,1.335031
2022-10-02 00:50,1.333883
2022-10-02 00:55,1.333021
2022-10-02 01:00,1.332160
2022-10-02 01:05,1.331299
2022-10-02 01:10,1.329864
2022-10-02 01:15,1.328715
2022-10-02 01:20,1.327280
2022-10-02 01:25,1.326132
2022-10-02 01:30,1.324984
2022-10-02 01:35,1.324984
2022-10-02 01:40,1.325271
2022-10-02 01:45,1.324697
2022-10-02 01:50,1.324697
2022-10-02 01:55,1.324984
2022-10-02 02:00,1.324984
2022-10-02 02:05,1.324697
2022-10-02 02:10,1.324410
2022-10-02 02:15,1.324984
2022-10-02 02:20,1.325271
2022-10-02 02:25,1.325844
2022-10-02 02:30,1.326131
2022-10-02 02:35,1.326418
2022-10-02 02:40,1.326131
2022-10-02 02:45,1.325558
2022-10-02 02:50,1.325844
2022-10-02 02:55,1.325844
2022-10-02 03:00,1.325558
2022-10-02 03:05,1.325271
2022-10-02 03:10,1.325271
2022-10-02 03:15,1.325271
2022-10-02 03:20,1.324984
2022-10-02 03:25,1.324984
2022-10-02 03:30,1.324697
2022-10-02 03:35,1.324984
2022-10-02 03:40,1.325271
2022-10-02 03:45,1.325558
2022-10-02 03:50,1.325844
2022-10-02 03:55,1.325844
2022-10-02 04:00,1.325844
2022-10-02 04:05,1.325844
2022-10-02 04:10,1.326131
2022-10-02 04:15,1.326418
2022-10-02 04:20,1.326705
2022-10-02 04:25,1.326705
2022-10-02 04:30,1.326705
2022-10-02 04:35,1.326705
2022-10-02 04:40,1.326418
2022-10-02 04:45,1.326131
2022-10-02 04:50,1.325844
2022-10-02 04:55,1.325558
2022-10-02 05:00,1.325558
2022-10-02 05:05,1.324984
2022-10-02 05:10,1.324984
2022-10-02 05:15,1.324697
2022-10-02 05:20,1.323836
2022-10-02 05:25,1.322976
2022-10-02 05:30,1.322976
2022-10-02 05:35,1.322976
2022-10-02 05:40,1.322976
2022-10-02 05:45,1.322402
2022-10-02 05:50,1.321829
2022-10-02 05:55,1.321255
2022-10-02 06:00,1.320681
2022-10-02 06:05,1.320681
2022-10-02 06:10,1.321255
2022-10-02 06:15,1.321255
2022-10-02 06:20,1.321255
2022-10-02 06:25,1.321829
2022-10-02 06:30,1.322402
2022-10-02 06:35,1.322402
2022-10-02 06:40,1.322402
2022-10-02 06:45,1.322402
2022-10-02 06:50,1.322976
2022-10-02 06:55,1.323550
2022-10-02 07:00,1.324410
2022-10-02 07:05,1.325271
2022-10-02 07:10,1.325271
2022-10-02 07:15,1.325271
2022-10-02 07:20,1.325271
2022-10-02 07:25,1.325271
2022-10-02 07:30,1.325271
2022-10-02 07:35,1.325271
2022-10-02 07:40,1.325271
2022-10-02 07:45,1.325271
2022-10-02 07:50,1.325271
2022-10-02 07:55,1.325271
2022-10-02 08:00,1.325271
2022-10-02 08:05,1.324984
2022-10-02 08:10,1.324697
2022-10-02 08:15,1.324697
2022-10-02 08:20,1.324697
2022-10-02 08:25,1.324697
2022-10-02 08:30,1.324123
2022-10-02 08:35,1.323263
2022-10-02 08:40,1.322402
2022-10-02 08:45,1.321542
2022-10-02 08:50,1.320681
2022-10-02 08:55,1.319247
2022-10-02 09:00,1.317813
2022-10-02 09:05,1.316665
2022-10-02 09:10,1.315231
2022-10-02 09:15,1.313797
2022-10-02 09:20,1.312363
2022-10-02 09:25,1.310928
2022-10-02 09:30,1.309494
2022-10-02 09:35,1.308634
2022-10-02 09:40,1.308060
2022-10-02 09:45,1.307486
2022-10-02 09:50,1.306339
2022-10-02 09:55,1.305191
2022-10-02 10:00,1.304618
2022-10-02 10:05,1.304044
2022-10-02 10:10,1.302322
2022-10-02 10:15,1.300887
2022-10-02 10:20,1.299165
2022-10-02 10:25,1.297443
2022-10-02 10:30,1.295148
2022-10-02 10:35,1.292852
2022-10-02 10:40,1.290270
2022-10-02 10:45,1.287687
2022-10-02 10:50,1.284818
2022-10-02 10:55,1.282235
2022-10-02 11:00,1.279653
2022-10-02 11:05,1.276496
2022-10-02 11:10,1.273339
2022-10-02 11:15,1.271043
2022-10-02 11:20,1.268461
2022-10-02 11:25,1.266165
2022-10-02 11:30,1.263870
2022-10-02 11:35,1.262148
2022-10-02 11:40,1.260426
2022-10-02 11:45,1.258991
2022-10-02 11:50,1.257269
2022-10-02 11:55,1.256120
2022-10-02 12:00,1.255259
2022-10-02 12:05,1.255833
2022-10-02 12:10,1.256981
2022-10-02 12:15,1.258129
2022-10-02 12:20,1.259277
2022-10-02 12:25,1.260713
2022-10-02 12:30,1.261861
2022-10-02 12:35,1.263009
2022-10-02 12:40,1.263009
2022-10-02 12:45,1.262722
2022-10-02 12:50,1.261862
2022-10-02 12:55,1.261288
2022-10-02 13:00,1.260427
2022-10-02 13:05,1.259567
2022-10-02 13:10,1.257271
2022-10-02 13:15,1.256984
2022-10-02 13:20,1.256698
2022-10-02 13:25,1.256411
2022-10-02 13:30,1.256124
2022-10-02 13:35,1.256124
2022-10-02 13:40,1.255837
2022-10-02 13:45,1.256985
2022-10-02 13:50,1.258420
2022-10-02 13:55,1.260429
2022-10-02 14:00,1.262438
2022-10-02 14:05,1.264447
2022-10-02 14:10,1.266169
2022-10-02 14:15,1.267029
2022-10-02 14:20,1.265881
2022-10-02 14:25,1.264446
2022-10-02 14:30,1.263011
2022-10-02 14:35,1.261289
2022-10-02 14:40,1.259567
2022-10-02 14:45,1.258132
2022-10-02 14:50,1.256410
2022-10-02 14:55,1.254688
2022-10-02 15:00,1.253253
2022-10-02 15:05,1.251818
2022-10-02 15:10,1.250383
2022-10-02 15:15,1.249521
2022-10-02 15:20,1.249521
2022-10-02 15:25,1.249234
2022-10-02 15:30,1.249521
2022-10-02 15:35,1.249808
2022-10-02 15:40,1.250382
2022-10-02 15:45,1.250956
2022-10-02 15:50,1.251242
2022-10-02 15:55,1.251529
2022-10-02 16:00,1.251816
2022-10-02 16:05,1.251816
2022-10-02 16:10,1.251816
2022-10-02 16:15,1.251816
2022-10-02 16:20,1.251529
2022-10-02 16:25,1.251242
2022-10-02 16:30,1.251529
2022-10-02 16:35,1.251529
2022-10-02 16:40,1.252391
2022-10-02 16:45,1.253252
2022-10-02 16:50,1.254113
2022-10-02 16:55,1.255262
2022-10-02 17:00,1.256984
2022-10-02 17:05,1.258992
2022-10-02 17:10,1.261575
2022-10-02 17:15,1.264444
2022-10-02 17:20,1.267313
2022-10-02 17:25,1.270183
2022-10-02 17:30,1.273052
2022-10-02 17:35,1.275921
2022-10-02 17:40,1.278504
2022-10-02 17:45,1.280512
2022-10-02 17:50,1.282520
2022-10-02 17:55,1.284528
2022-10-02 18:00,1.286823
2022-10-02 18:05,1.288545
2022-10-02 18:10,1.289980
2022-10-02 18:15,1.290554
2022-10-02 18:20,1.290841
2022-10-02 18:25,1.291415
2022-10-02 18:30,1.291990
2022-10-02 18:35,1.291703
2022-10-02 18:40,1.291129
2022-10-02 18:45,1.291704
2022-10-02 18:50,1.291991
2022-10-02 18:55,1.293140
2022-10-02 19:00,1.294288
2022-10-02 19:05,1.295148
2022-10-02 19:10,1.296009
2022-10-02 19:15,1.296583
2022-10-02 19:20,1.297444
2022-10-02 19:25,1.298305
2022-10-02 19:30,1.297731
2022-10-02 19:35,1.298305
2022-10-02 19:40,1.300027
2022-10-02 19:45,1.301748
2022-10-02 19:50,1.302609
2022-10-02 19:55,1.303183
2022-10-02 20:00,1.302896
2022-10-02 20:05,1.302609
2022-10-02 20:10,1.301174
2022-10-02 20:15,1.299452
2022-10-02 20:20,1.298017
2022-10-02 20:25,1.296582
2022-10-02 20:30,1.295434
2022-10-02 20:35,1.296008
2022-10-02 20:40,1.294573
2022-10-02 20:45,1.292277
2022-10-02 20:50,1.289982
2022-10-02 20:55,1.287686
2022-10-02 21:00,1.285677
2022-10-02 21:05,1.283669
2022-10-02 21:10,1.281947
2022-10-02 21:15,1.281660
2022-10-02 21:20,1.282521
2022-10-02 21:25,1.283956
2022-10-02 21:30,1.285391
2022-10-02 21:35,1.286540
2022-10-02 21:40,1.287113
2022-10-02 21:45,1.288548
2022-10-02 21:50,1.290844
2022-10-02 21:55,1.293140
2022-10-02 22:00,1.295435
2022-10-02 22:05,1.297731
2022-10-02 22:10,1.300027
2022-10-02 22:15,1.303470
2022-10-02 22:20,1.306626
2022-10-02 22:25,1.307486
2022-10-02 22:30,1.307199
2022-10-02 22:35,1.307199
2022-10-02 22:40,1.306626
2022-10-02 22:45,1.306052
2022-10-02 22:50,1.305191
2022-10-02 22:55,1.304042
2022-10-02 23:00,1.302894
2022-10-02 23:05,1.301746
2022-10-02 23:10,1.300598
2022-10-02 23:15,1.299449
2022-10-02 23:20,1.295146
2022-10-02 23:25,1.290842
2022-10-02 23:30,1.287973
2022-10-02 23:35,1.287973
2022-10-02 23:40,1.285391
2022-10-02 23:45,1.282520
2022-10-02 23:50,1.280225
2022-10-02 23:55,1.279364
2022-10-03 00:00,1.277356
2022-10-03 00:05,1.276496
2022-10-03 00:10,1.275062
2022-10-03 00:15,1.273054
2022-10-03 00:20,1.271046
2022-10-03 00:25,1.270759
2022-10-03 00:30,1.271046
2022-10-03 00:35,1.270759
2022-10-03 00:40,1.267890
2022-10-03 00:45,1.267316
2022-10-03 00:50,1.267604
2022-10-03 00:55,1.267317
2022-10-03 01:00,1.265883
2022-10-03 01:05,1.265596
2022-10-03 01:10,1.264161
2022-10-03 01:15,1.263301
2022-10-03 01:20,1.263014
2022-10-03 01:25,1.262727
2022-10-03 01:30,1.262153
2022-10-03 01:35,1.261004
2022-10-03 01:40,1.259856
2022-10-03 01:45,1.258995
2022-10-03 01:50,1.258133
2022-10-03 01:55,1.257272
2022-10-03 02:00,1.256411
2022-10-03 02:05,1.255549
2022-10-03 02:10,1.254688
2022-10-03 02:15,1.253540
2022-10-03 02:20,1.252105
2022-10-03 02:25,1.250956
2022-10-03 02:30,1.250095
2022-10-03 02:35,1.249808
2022-10-03 02:40,1.249521
2022-10-03 02:45,1.249808
2022-10-03 02:50,1.250095
2022-10-03 02:55,1.250095
2022-10-03 03:00,1.250382
2022-10-03 03:05,1.250669
2022-10-03 03:10,1.250956
2022-10-03 03:15,1.251529
2022-10-03 03:20,1.252390
2022-10-03 03:25,1.253825
2022-10-03 03:30,1.254685
2022-10-03 03:35,1.255547
2022-10-03 03:40,1.256408
2022-10-03 03:45,1.257270
2022-10-03 03:50,1.258131
2022-10-03 03:55,1.258992
2022-10-03 04:00,1.260141
2022-10-03 04:05,1.261289
2022-10-03 04:10,1.262724
2022-10-03 04:15,1.264159
2022-10-03 04:20,1.265020
2022-10-03 04:25,1.265882
2022-10-03 04:30,1.266455
2022-10-03 04:35,1.267604
2022-10-03 04:40,1.268177
2022-10-03 04:45,1.268464
2022-10-03 04:50,1.268751
2022-10-03 04:55,1.270472
2022-10-03 05:00,1.272193
2022-10-03 05:05,1.273914
2022-10-03 05:10,1.275348
2022-10-03 05:15,1.275062
2022-10-03 05:20,1.274488
2022-10-03 05:25,1.274201
2022-10-03 05:30,1.272766
2022-10-03 05:35,1.271331
2022-10-03 05:40,1.268748
2022-10-03 05:45,1.266453
2022-10-03 05:50,1.264157
2022-10-03 05:55,1.261575
2022-10-03 06:00,1.257558
2022-10-03 06:05,1.253541
2022-10-03 06:10,1.249525
2022-10-03 06:15,1.245508
2022-10-03 06:20,1.242926
2022-10-03 06:25,1.240630
2022-10-03 06:30,1.238621
2022-10-03 06:35,1.237761
2022-10-03 06:40,1.236900
2022-10-03 06:45,1.236900
2022-10-03 06:50,1.237187
2022-10-03 06:55,1.237474
2022-10-03 07:00,1.238621
2022-10-03 07:05,1.239195
2022-10-03 07:10,1.239769
2022-10-03 07:15,1.240342
2022-10-03 07:20,1.240916
2022-10-03 07:25,1.241490
2022-10-03 07:30,1.240055
2022-10-03 07:35,1.238333
2022-10-03 07:40,1.238333
2022-10-03 07:45,1.238333
2022-10-03 07:50,1.238619
2022-10-03 07:55,1.238333
2022-10-03 08:00,1.236898
2022-10-03 08:05,1.234890
2022-10-03 08:10,1.233456
2022-10-03 08:15,1.232883
2022-10-03 08:20,1.232309
2022-10-03 08:25,1.231735
2022-10-03 08:30,1.231161
2022-10-03 08:35,1.232597
2022-10-03 08:40,1.233745
2022-10-03 08:45,1.232597
2022-10-03 08:50,1.231450
2022-10-03 08:55,1.230016
2022-10-03 09:00,1.229442
2022-10-03 09:05,1.230016
2022-10-03 09:10,1.230589
2022-10-03 09:15,1.231163
2022-10-03 09:20,1.230589
2022-10-03 09:25,1.230016
2022-10-03 09:30,1.228581
2022-10-03 09:35,1.226859
2022-10-03 09:40,1.224563
2022-10-03 09:45,1.222554
2022-10-03 09:50,1.221119
2022-10-03 09:55,1.219397
2022-10-03 10:00,1.217675
2022-10-03 10:05,1.215380
2022-10-03 10:10,1.213084
2022-10-03 10:15,1.210789
2022-10-03 10:20,1.208493
2022-10-03 10:25,1.206484
2022-10-03 10:30,1.204475
2022-10-03 10:35,1.203328
2022-10-03 10:40,1.202468
2022-10-03 10:45,1.202468
2022-10-03 10:50,1.203903
2022-10-03 10:55,1.205338
2022-10-03 11:00,1.207920
2022-10-03 11:05,1.210789
2022-10-03 11:10,1.213659
2022-10-03 11:15,1.216528
2022-10-03 11:20,1.219684
2022-10-03 11:25,1.223127
2022-10-03 11:30,1.226570
2022-10-03 11:35,1.229726
2022-10-03 11:40,1.232883
2022-10-03 11:45,1.236326
2022-10-03 11:50,1.239195
2022-10-03 11:55,1.239195
2022-10-03 12:00,1.239195
2022-10-03 12:05,1.238334
2022-10-03 12:10,1.237187
2022-10-03 12:15,1.236040
2022-10-03 12:20,1.234605
2022-10-03 12:25,1.232884
2022-10-03 12:30,1.230876
2022-10-03 12:35,1.228868
2022-10-03 12:40,1.227434
2022-10-03 12:45,1.226000
2022-10-03 12:50,1.224279
2022-10-03 12:55,1.222845
2022-10-03 13:00,1.222558
2022-10-03 13:05,1.222558
2022-10-03 13:10,1.222558
2022-10-03 13:15,1.222845
2022-10-03 13:20,1.223131
2022-10-03 13:25,1.225139
2022-10-03 13:30,1.227147
2022-10-03 13:35,1.229155
2022-10-03 13:40,1.231450
2022-10-03 13:45,1.233171
2022-10-03 13:50,1.234892
2022-10-03 13:55,1.236613
2022-10-03 14:00,1.238334
2022-10-03 14:05,1.240342
2022-10-03 14:10,1.242063
2022-10-03 14:15,1.241202
2022-10-03 14:20,1.239193
2022-10-03 14:25,1.237184
2022-10-03 14:30,1.233455
2022-10-03 14:35,1.229151
2022-10-03 14:40,1.224847
2022-10-03 14:45,1.219970
2022-10-03 14:50,1.215380
2022-10-03 14:55,1.210789
2022-10-03 15:00,1.206199
2022-10-03 15:05,1.201609
2022-10-03 15:10,1.197018
2022-10-03 15:15,1.192428
2022-10-03 15:20,1.190132
2022-10-03 15:25,1.187550
2022-10-03 15:30,1.184967
2022-10-03 15:35,1.183819
2022-10-03 15:40,1.183245
2022-10-03 15:45,1.182670
2022-10-03 15:50,1.182382
2022-10-03 15:55,1.182956
2022-10-03 16:00,1.183530
2022-10-03 16:05,1.184390
2022-10-03 16:10,1.184964
2022-10-03 16:15,1.185538
2022-10-03 16:20,1.186111
2022-10-03 16:25,1.187260
2022-10-03 16:30,1.189555
2022-10-03 16:35,1.191851
2022-10-03 16:40,1.192999
2022-10-03 16:45,1.194147
2022-10-03 16:50,1.195582
2022-10-03 16:55,1.197304
2022-10-03 17:00,1.197878
2022-10-03 17:05,1.198739
2022-10-03 17:10,1.199886
2022-10-03 17:15,1.201607
2022-10-03 17:20,1.203328
2022-10-03 17:25,1.205337
2022-10-03 17:30,1.206771
2022-10-03 17:35,1.208205
2022-10-03 17:40,1.209640
2022-10-03 17:45,1.211648
2022-10-03 17:50,1.213657
2022-10-03 17:55,1.215379
2022-10-03 18:00,1.217388
2022-10-03 18:05,1.219683
2022-10-03 18:10,1.220544
2022-10-03 18:15,1.220544
2022-10-03 18:20,1.219970
2022-10-03 18:25,1.219397
2022-10-03 18:30,1.218535
2022-10-03 18:35,1.218248
2022-10-03 18:40,1.217675
2022-10-03 18:45,1.217101
2022-10-03 18:50,1.215953
2022-10-03 18:55,1.214804
2022-10-03 19:00,1.213656
2022-10-03 19:05,1.211934
2022-10-03 19:10,1.211074
2022-10-03 19:15,1.211361
2022-10-03 19:20,1.211936
2022-10-03 19:25,1.212797
2022-10-03 19:30,1.213659
2022-10-03 19:35,1.214520
2022-10-03 19:40,1.214807
2022-10-03 19:45,1.215668
2022-10-03 19:50,1.216530
2022-10-03 19:55,1.217103
2022-10-03 20:00,1.217677
2022-10-03 20:05,1.218251
2022-10-03 20:10,1.218825
2022-10-03 20:15,1.218537
2022-10-03 20:20,1.217962
2022-10-03 20:25,1.217675
2022-10-03 20:30,1.217100
2022-10-03 20:35,1.216526
2022-10-03 20:40,1.215951
2022-10-03 20:45,1.215664
2022-10-03 20:50,1.215090
2022-10-03 20:55,1.214802
2022-10-03 21:00,1.214802
2022-10-03 21:05,1.214802
2022-10-03 21:10,1.214802
2022-10-03 21:15,1.214802
2022-10-03 21:20,1.214802
2022-10-03 21:25,1.215089
2022-10-03 21:30,1.215950
2022-10-03 21:35,1.217385
2022-10-03 21:40,1.218820
2022-10-03 21:45,1.220255
2022-10-03 21:50,1.221404
2022-10-03 21:55,1.221690
2022-10-03 22:00,1.221404
2022-10-03 22:05,1.220543
2022-10-03 22:10,1.219396
2022-10-03 22:15,1.218535
2022-10-03 22:20,1.217388
2022-10-03 22:25,1.215093
2022-10-03 22:30,1.212798
2022-10-03 22:35,1.209642
2022-10-03 22:40,1.206199
2022-10-03 22:45,1.202140
2022-10-03 22:50,1.197826
2022-10-03 22:55,1.193809
2022-10-03 23:00,1.190654
2022-10-03 23:05,1.187785
2022-10-03 23:10,1.185490
2022-10-03 23:15,1.183471
2022-10-03 23:20,1.181166
2022-10-03 23:25,1.177716
2022-10-03 23:30,1.176855
2022-10-03 23:35,1.174273
2022-10-03 23:40,1.171117
2022-10-03 23:45,1.167961
2022-10-03 23:50,1.165420
2022-10-03 23:55,1.163423
2022-10-04 00:00,1.161414
2022-10-04 00:05,1.158257
2022-10-04 00:10,1.156248
2022-10-04 00:15,1.154526
2022-10-04 00:20,1.153897
2022-10-04 00:25,1.152471
2022-10-04 00:30,1.153272
2022-10-04 00:35,1.152632
2022-10-04 00:40,1.153737
2022-10-04 00:45,1.155415
2022-10-04 00:50,1.157094
2022-10-04 00:55,1.158773
2022-10-04 01:00,1.160165
2022-10-04 01:05,1.161599
2022-10-04 01:10,1.164182
2022-10-04 01:15,1.165616
2022-10-04 01:20,1.166763
2022-10-04 01:25,1.166829
2022-10-04 01:30,1.167691
2022-10-04 01:35,1.167757
2022-10-04 01:40,1.168398
2022-10-04 01:45,1.169015
2022-10-04 01:50,1.169632
2022-10-04 01:55,1.170249
2022-10-04 02:00,1.170865
2022-10-04 02:05,1.171482
2022-10-04 02:10,1.172057
2022-10-04 02:15,1.172057
2022-10-04 02:20,1.171770
2022-10-04 02:25,1.170909
2022-10-04 02:30,1.169762
2022-10-04 02:35,1.168328
2022-10-04 02:40,1.166320
2022-10-04 02:45,1.163737
2022-10-04 02:50,1.161155
2022-10-04 02:55,1.158572
2022-10-04 03:00,1.155990
2022-10-04 03:05,1.152833
2022-10-04 03:10,1.149676
2022-10-04 03:15,1.146232
2022-10-04 03:20,1.143076
2022-10-04 03:25,1.140207
2022-10-04 03:30,1.137911
2022-10-04 03:35,1.135329
2022-10-04 03:40,1.133033
2022-10-04 03:45,1.131311
2022-10-04 03:50,1.129589
2022-10-04 03:55,1.127867
2022-10-04 04:00,1.126145
2022-10-04 04:05,1.124423
2022-10-04 04:10,1.123276
2022-10-04 04:15,1.122129
2022-10-04 04:20,1.121268
2022-10-04 04:25,1.120694
2022-10-04 04:30,1.120121
2022-10-04 04:35,1.119547
2022-10-04 04:40,1.119547
2022-10-04 04:45,1.118686
2022-10-04 04:50,1.117539
2022-10-04 04:55,1.116392
2022-10-04 05:00,1.115244
2022-10-04 05:05,1.114097
2022-10-04 05:10,1.112950
2022-10-04 05:15,1.112089
2022-10-04 05:20,1.110942
2022-10-04 05:25,1.109794
2022-10-04 05:30,1.108934
2022-10-04 05:35,1.108073
2022-10-04 05:40,1.107213
2022-10-04 05:45,1.106352
2022-10-04 05:50,1.106639
2022-10-04 05:55,1.107213
2022-10-04 06:00,1.107499
2022-10-04 06:05,1.107786
2022-10-04 06:10,1.108073
2022-10-04 06:15,1.108647
2022-10-04 06:20,1.108934
2022-10-04 06:25,1.110655
2022-10-04 06:30,1.111228
2022-10-04 06:35,1.111515
2022-10-04 06:40,1.111802
2022-10-04 06:45,1.112089
2022-10-04 06:50,1.112376
2022-10-04 06:55,1.112376
2022-10-04 07:00,1.112376
2022-10-04 07:05,1.112663
2022-10-04 07:10,1.112950
2022-10-04 07:15,1.113236
2022-10-04 07:20,1.112376
2022-10-04 07:25,1.111515
2022-10-04 07:30,1.109220
2022-10-04 07:35,1.108071
2022-10-04 07:40,1.107211
2022-10-04 07:45,1.106350
2022-10-04 07:50,1.105490
2022-10-04 07:55,1.105490
2022-10-04 08:00,1.105490
2022-10-04 08:05,1.105490
2022-10-04 08:10,1.105490
2022-10-04 08:15,1.105490
2022-10-04 08:20,1.105490
2022-10-04 08:25,1.106637
2022-10-04 08:30,1.108071
2022-10-04 08:35,1.110080
2022-10-04 08:40,1.112376
2022-10-04 08:45,1.114671
2022-10-04 08:50,1.118114
2022-10-04 08:55,1.121557
2022-10-04 09:00,1.125286
2022-10-04 09:05,1.129016
2022-10-04 09:10,1.133320
2022-10-04 09:15,1.137623
2022-10-04 09:20,1.141927
2022-10-04 09:25,1.146230
2022-10-04 09:30,1.150247
2022-10-04 09:35,1.153403
2022-10-04 09:40,1.154838
2022-10-04 09:45,1.155987
2022-10-04 09:50,1.156273
2022-10-04 09:55,1.155412
2022-10-04 10:00,1.154838
2022-10-04 10:05,1.152829
2022-10-04 10:10,1.151107
2022-10-04 10:15,1.148524
2022-10-04 10:20,1.145655
2022-10-04 10:25,1.142786
2022-10-04 10:30,1.139916
2022-10-04 10:35,1.137047
2022-10-04 10:40,1.135038
2022-10-04 10:45,1.134751
2022-10-04 10:50,1.133889
2022-10-04 10:55,1.133602
2022-10-04 11:00,1.133029
2022-10-04 11:05,1.132168
2022-10-04 11:10,1.131881
2022-10-04 11:15,1.131021
2022-10-04 11:20,1.130734
2022-10-04 11:25,1.131021
2022-10-04 11:30,1.131308
2022-10-04 11:35,1.131595
2022-10-04 11:40,1.131881
2022-10-04 11:45,1.131881
2022-10-04 11:50,1.131595
2022-10-04 11:55,1.131881
2022-10-04 12:00,1.132455
2022-10-04 12:05,1.133890
2022-10-04 12:10,1.135325
2022-10-04 12:15,1.136473
2022-10-04 12:20,1.138195
2022-10-04 12:25,1.140491
2022-10-04 12:30,1.142500
2022-10-04 12:35,1.144509
2022-10-04 12:40,1.146517
2022-10-04 12:45,1.149100
2022-10-04 12:50,1.151682
2022-10-04 12:55,1.154265
2022-10-04 13:00,1.156847
2022-10-04 13:05,1.159143
2022-10-04 13:10,1.160864
2022-10-04 13:15,1.162011
2022-10-04 13:20,1.163159
2022-10-04 13:25,1.164019
2022-10-04 13:30,1.164019
2022-10-04 13:35,1.163445
2022-10-04 13:40,1.162872
2022-10-04 13:45,1.162298
2022-10-04 13:50,1.161151
2022-10-04 13:55,1.160003
2022-10-04 14:00,1.158856
2022-10-04 14:05,1.157709
2022-10-04 14:10,1.157709
2022-10-04 14:15,1.157709
2022-10-04 14:20,1.158282
2022-10-04 14:25,1.159143
2022-10-04 14:30,1.159716
2022-10-04 14:35,1.160003
2022-10-04 14:40,1.161151
2022-10-04 14:45,1.162298
2022-10-04 14:50,1.163445
2022-10-04 14:55,1.164593
2022-10-04 15:00,1.165740
2022-10-04 15:05,1.166888
2022-10-04 15:10,1.168035
2022-10-04 15:15,1.168035
2022-10-04 15:20,1.168035
2022-10-04 15:25,1.168896
2022-10-04 15:30,1.169469
2022-10-04 15:35,1.170330
2022-10-04 15:40,1.171764
2022-10-04 15:45,1.172911
2022-10-04 15:50,1.173772
2022-10-04 15:55,1.174346
2022-10-04 16:00,1.173486
2022-10-04 16:05,1.172625
2022-10-04 16:10,1.171765
2022-10-04 16:15,1.170904
2022-10-04 16:20,1.169183
2022-10-04 16:25,1.168323
2022-10-04 16:30,1.165741
2022-10-04 16:35,1.162873
2022-10-04 16:40,1.159716
2022-10-04 16:45,1.156273
2022-10-04 16:50,1.152830
2022-10-04 16:55,1.150249
2022-10-04 17:00,1.146518
2022-10-04 17:05,1.145658
2022-10-04 17:10,1.148240
2022-10-04 17:15,1.151109
2022-10-04 17:20,1.153692
2022-10-04 17:25,1.157422
2022-10-04 17:30,1.160291
2022-10-04 17:35,1.164021
2022-10-04 17:40,1.168038
2022-10-04 17:45,1.172342
2022-10-04 17:50,1.176646
2022-10-04 17:55,1.180951
2022-10-04 18:00,1.184681
2022-10-04 18:05,1.190993
2022-10-04 18:10,1.195870
2022-10-04 18:15,1.198166
2022-10-04 18:20,1.204191
2022-10-04 18:25,1.210503
2022-10-04 18:30,1.217103
2022-10-04 18:35,1.223702
2022-10-04 18:40,1.230588
2022-10-04 18:45,1.237474
2022-10-04 18:50,1.244360
2022-10-04 18:55,1.251246
2022-10-04 19:00,1.258132
2022-10-04 19:05,1.265018
2022-10-04 19:10,1.270756
2022-10-04 19:15,1.276495
2022-10-04 19:20,1.281372
2022-10-04 19:25,1.282233
2022-10-04 19:30,1.283093
2022-10-04 19:35,1.283380
2022-10-04 19:40,1.283667
2022-10-04 19:45,1.283667
2022-10-04 19:50,1.283667
2022-10-04 19:55,1.283380
2022-10-04 20:00,1.282806
2022-10-04 20:05,1.282520
2022-10-04 20:10,1.282233
2022-10-04 20:15,1.282233
2022-10-04 20:20,1.282233
2022-10-04 20:25,1.282233
2022-10-04 20:30,1.282233
2022-10-04 20:35,1.282233
2022-10-04 20:40,1.282233
2022-10-04 20:45,1.282233
2022-10-04 20:50,1.282233
2022-10-04 20:55,1.282806
2022-10-04 21:00,1.283955
2022-10-04 21:05,1.285390
2022-10-04 21:10,1.286538
2022-10-04 21:15,1.287973
2022-10-04 21:20,1.289982
2022-10-04 21:25,1.291991
2022-10-04 21:30,1.294286
2022-10-04 21:35,1.296869
2022-10-04 21:40,1.299738
2022-10-04 21:45,1.303756
2022-10-04 21:50,1.308347
2022-10-04 21:55,1.313225
2022-10-04 22:00,1.317529
2022-10-04 22:05,1.321546
2022-10-04 22:10,1.326136
2022-10-04 22:15,1.330727
2022-10-04 22:20,1.335317
2022-10-04 22:25,1.339047
2022-10-04 22:30,1.342777
2022-10-04 22:35,1.346220
2022-10-04 22:40,1.349376
2022-10-04 22:45,1.352245
2022-10-04 22:50,1.354253
2022-10-04 22:55,1.355687
2022-10-04 23:00,1.356835
2022-10-04 23:05,1.357982
2022-10-04 23:10,1.358843
2022-10-04 23:15,1.359130
2022-10-04 23:20,1.358843
2022-10-04 23:25,1.357982
2022-10-04 23:30,1.357122
2022-10-04 23:35,1.356548
2022-10-04 23:40,1.355687
2022-10-04 23:45,1.355401
2022-10-04 23:50,1.355114
2022-10-04 23:55,1.353966
2022-10-05 00:00,1.352819
2022-10-05 00:05,1.351672
2022-10-05 00:10,1.350524
2022-10-05 00:15,1.349664
2022-10-05 00:20,1.348803
2022-10-05 00:25,1.349090
2022-10-05 00:30,1.349664
2022-10-05 00:35,1.350237
2022-10-05 00:40,1.350524
2022-10-05 00:45,1.351958
2022-10-05 00:50,1.351958
2022-10-05 00:55,1.351958
2022-10-05 01:00,1.353106
2022-10-05 01:05,1.354540
2022-10-05 01:10,1.356549
2022-10-05 01:15,1.357983
2022-10-05 01:20,1.359130
2022-10-05 01:25,1.359704
2022-10-05 01:30,1.359704
2022-10-05 01:35,1.359704
2022-10-05 01:40,1.359704
2022-10-05 01:45,1.359704
2022-10-05 01:50,1.358557
2022-10-05 01:55,1.358270
2022-10-05 02:00,1.357983
2022-10-05 02:05,1.357122
2022-10-05 02:10,1.355975
2022-10-05 02:15,1.354253
2022-10-05 02:20,1.353393
2022-10-05 02:25,1.352819
2022-10-05 02:30,1.353106
2022-10-05 02:35,1.353393
2022-10-05 02:40,1.353966
2022-10-05 02:45,1.355115
2022-10-05 02:50,1.356263
2022-10-05 02:55,1.357985
2022-10-05 03:00,1.359707
2022-10-05 03:05,1.361429
2022-10-05 03:10,1.363150
2022-10-05 03:15,1.364872
2022-10-05 03:20,1.366020
2022-10-05 03:25,1.366880
2022-10-05 03:30,1.367741
2022-10-05 03:35,1.368315
2022-10-05 03:40,1.368888
2022-10-05 03:45,1.369175
2022-10-05 03:50,1.368601
2022-10-05 03:55,1.367739
2022-10-05 04:00,1.366591
2022-10-05 04:05,1.365443
2022-10-05 04:10,1.364581
2022-10-05 04:15,1.364007
2022-10-05 04:20,1.363432
2022-10-05 04:25,1.363432
2022-10-05 04:30,1.363432
2022-10-05 04:35,1.363432
2022-10-05 04:40,1.363432
2022-10-05 04:45,1.363145
2022-10-05 04:50,1.362572
2022-10-05 04:55,1.362285
2022-10-05 05:00,1.362285
2022-10-05 05:05,1.362285
2022-10-05 05:10,1.361998
2022-10-05 05:15,1.361424
2022-10-05 05:20,1.360564
2022-10-05 05:25,1.359703
2022-10-05 05:30,1.358843
2022-10-05 05:35,1.357408
2022-10-05 05:40,1.355974
2022-10-05 05:45,1.354540
2022-10-05 05:50,1.353393
2022-10-05 05:55,1.352532
2022-10-05 06:00,1.351672
2022-10-05 06:05,1.350811
2022-10-05 06:10,1.350237
2022-10-05 06:15,1.349950
2022-10-05 06:20,1.349664
2022-10-05 06:25,1.349377
2022-10-05 06:30,1.349090
2022-10-05 06:35,1.348803
2022-10-05 06:40,1.349090
2022-10-05 06:45,1.349950
2022-10-05 06:50,1.350811
2022-10-05 06:55,1.351098
2022-10-05 07:00,1.351385
2022-10-05 07:05,1.351385
2022-10-05 07:10,1.351098
2022-10-05 07:15,1.350524
2022-10-05 07:20,1.349950
2022-10-05 07:25,1.349377
2022-10-05 07:30,1.348803
2022-10-05 07:35,1.348229
2022-10-05 07:40,1.347656
2022-10-05 07:45,1.347082
2022-10-05 07:50,1.345648
2022-10-05 07:55,1.344500
2022-10-05 08:00,1.343927
2022-10-05 08:05,1.343353
2022-10-05 08:10,1.343066
2022-10-05 08:15,1.343353
2022-10-05 08:20,1.343927
2022-10-05 08:25,1.344787
2022-10-05 08:30,1.345648
2022-10-05 08:35,1.346508
2022-10-05 08:40,1.347656
2022-10-05 08:45,1.348803
2022-10-05 08:50,1.349950
2022-10-05 08:55,1.351958
2022-10-05 09:00,1.353679
2022-10-05 09:05,1.355401
2022-10-05 09:10,1.357122
2022-10-05 09:15,1.358843
2022-10-05 09:20,1.359703
2022-10-05 09:25,1.360277
2022-10-05 09:30,1.361137
2022-10-05 09:35,1.361998
2022-10-05 09:40,1.362859
2022-10-05 09:45,1.362859
2022-10-05 09:50,1.362859
2022-10-05 09:55,1.362859
2022-10-05 10:00,1.361998
2022-10-05 10:05,1.361137
2022-10-05 10:10,1.360277
2022-10-05 10:15,1.359416
2022-10-05 10:20,1.357982
2022-10-05 10:25,1.357122
2022-10-05 10:30,1.349662
2022-10-05 10:35,1.341629
2022-10-05 10:40,1.333595
2022-10-05 10:45,1.325562
2022-10-05 10:50,1.318102
2022-10-05 10:55,1.310642
2022-10-05 11:00,1.303183
2022-10-05 11:05,1.296010
2022-10-05 11:10,1.289124
2022-10-05 11:15,1.283098
2022-10-05 11:20,1.277360
2022-10-05 11:25,1.272769
2022-10-05 11:30,1.269326
2022-10-05 11:35,1.272482
2022-10-05 11:40,1.275638
2022-10-05 11:45,1.278220
2022-10-05 11:50,1.280803
2022-10-05 11:55,1.283385
2022-10-05 12:00,1.285680
2022-10-05 12:05,1.287688
2022-10-05 12:10,1.289696
2022-10-05 12:15,1.289696
2022-10-05 12:20,1.288835
2022-10-05 12:25,1.287688
2022-10-05 12:30,1.285105
2022-10-05 12:35,1.281375
2022-10-05 12:40,1.277644
2022-10-05 12:45,1.273913
2022-10-05 12:50,1.270756
2022-10-05 12:55,1.267599
2022-10-05 13:00,1.264156
2022-10-05 13:05,1.260999
2022-10-05 13:10,1.258130
2022-10-05 13:15,1.255548
2022-10-05 13:20,1.254686
2022-10-05 13:25,1.254399
2022-10-05 13:30,1.254113
2022-10-05 13:35,1.254687
2022-10-05 13:40,1.255262
2022-10-05 13:45,1.255836
2022-10-05 13:50,1.256411
2022-10-05 13:55,1.256985
2022-10-05 14:00,1.257560
2022-10-05 14:05,1.258421
2022-10-05 14:10,1.259283
2022-10-05 14:15,1.260718
2022-10-05 14:20,1.262153
2022-10-05 14:25,1.263875
2022-10-05 14:30,1.265309
2022-10-05 14:35,1.266743
2022-10-05 14:40,1.268464
2022-10-05 14:45,1.269898
2022-10-05 14:50,1.271333
2022-10-05 14:55,1.272767
2022-10-05 15:00,1.274201
2022-10-05 15:05,1.275922
2022-10-05 15:10,1.277643
2022-10-05 15:15,1.279651
2022-10-05 15:20,1.281085
2022-10-05 15:25,1.282807
2022-10-05 15:30,1.284242
2022-10-05 15:35,1.285677
2022-10-05 15:40,1.287399
2022-10-05 15:45,1.288834
2022-10-05 15:50,1.291130
2022-10-05 15:55,1.293999
2022-10-05 16:00,1.296869
2022-10-05 16:05,1.300885
2022-10-05 16:10,1.303755
2022-10-05 16:15,1.307485
2022-10-05 16:20,1.310928
2022-10-05 16:25,1.314658
2022-10-05 16:30,1.317814
2022-10-05 16:35,1.320971
2022-10-05 16:40,1.323840
2022-10-05 16:45,1.326422
2022-10-05 16:50,1.329292
2022-10-05 16:55,1.331587
2022-10-05 17:00,1.333309
2022-10-05 17:05,1.335031
2022-10-05 17:10,1.336179
2022-10-05 17:15,1.338475
2022-10-05 17:20,1.339910
2022-10-05 17:25,1.341345
2022-10-05 17:30,1.342779
2022-10-05 17:35,1.344500
2022-10-05 17:40,1.346221
2022-10-05 17:45,1.347943
2022-10-05 17:50,1.349664
2022-10-05 17:55,1.351098
2022-10-05 18:00,1.352819
2022-10-05 18:05,1.354827
2022-10-05 18:10,1.357122
2022-10-05 18:15,1.359131
2022-10-05 18:20,1.361714
2022-10-05 18:25,1.364870
2022-10-05 18:30,1.368313
2022-10-05 18:35,1.371469
2022-10-05 18:40,1.374338
2022-10-05 18:45,1.377208
2022-10-05 18:50,1.380364
2022-10-05 18:55,1.383520
2022-10-05 19:00,1.386963
2022-10-05 19:05,1.390694
2022-10-05 19:10,1.394137
2022-10-05 19:15,1.397294
2022-10-05 19:20,1.400163
2022-10-05 19:25,1.402172
2022-10-05 19:30,1.403607
2022-10-05 19:35,1.405042
2022-10-05 19:40,1.406477
2022-10-05 19:45,1.407625
2022-10-05 19:50,1.408773
2022-10-05 19:55,1.409635
2022-10-05 20:00,1.410496
2022-10-05 20:05,1.411071
2022-10-05 20:10,1.410783
2022-10-05 20:15,1.410208
2022-10-05 20:20,1.409634
2022-10-05 20:25,1.409059
2022-10-05 20:30,1.407911
2022-10-05 20:35,1.407050
2022-10-05 20:40,1.405902
2022-10-05 20:45,1.405040
2022-10-05 20:50,1.404752
2022-10-05 20:55,1.404465
2022-10-05 21:00,1.404177
2022-10-05 21:05,1.403889
2022-10-05 21:10,1.403602
2022-10-05 21:15,1.403602
2022-10-05 21:20,1.404463
2022-10-05 21:25,1.405324
2022-10-05 21:30,1.406186
2022-10-05 21:35,1.407908
2022-10-05 21:40,1.409343
2022-10-05 21:45,1.410778
2022-10-05 21:50,1.411926
2022-10-05 21:55,1.412788
2022-10-05 22:00,1.413649
2022-10-05 22:05,1.414510
2022-10-05 22:10,1.415659
2022-10-05 22:15,1.416807
2022-10-05 22:20,1.417955
2022-10-05 22:25,1.418529
2022-10-05 22:30,1.418816
2022-10-05 22:35,1.419102
2022-10-05 22:40,1.419102
2022-10-05 22:45,1.419102
2022-10-05 22:50,1.419102
2022-10-05 22:55,1.419102
2022-10-05 23:00,1.419102
2022-10-05 23:05,1.419102
2022-10-05 23:10,1.418529
2022-10-05 23:15,1.417668
2022-10-05 23:20,1.416233
2022-10-05 23:25,1.414798
2022-10-05 23:30,1.413363
2022-10-05 23:35,1.412215
2022-10-05 23:40,1.411066
2022-10-05 23:45,1.409918
2022-10-05 23:50,1.408770
2022-10-05 23:55,1.407622
2022-10-06 00:00,1.406474
2022-10-06 00:05,1.404465
2022-10-06 00:10,1.402456
2022-10-06 00:15,1.400734
2022-10-06 00:20,1.398725
2022-10-06 00:25,1.397291
2022-10-06 00:30,1.395283
2022-10-06 00:35,1.393275
2022-10-06 00:40,1.391267
2022-10-06 00:45,1.389259
2022-10-06 00:50,1.387251
2022-10-06 00:55,1.385244
2022-10-06 01:00,1.383236
2022-10-06 01:05,1.381228
2022-10-06 01:10,1.380080
2022-10-06 01:15,1.380080
2022-10-06 01:20,1.380367
2022-10-06 01:25,1.381228
2022-10-06 01:30,1.382088
2022-10-06 01:35,1.383522
2022-10-06 01:40,1.385244
2022-10-06 01:45,1.386965
2022-10-06 01:50,1.388686
2022-10-06 01:55,1.390407
2022-10-06 02:00,1.392128
2022-10-06 02:05,1.393849
2022-10-06 02:10,1.394996
2022-10-06 02:15,1.395857
2022-10-06 02:20,1.395570
2022-10-06 02:25,1.395283
2022-10-06 02:30,1.394136
2022-10-06 02:35,1.392702
2022-10-06 02:40,1.390406
2022-10-06 02:45,1.387823
2022-10-06 02:50,1.385241
2022-10-06 02:55,1.382659
2022-10-06 03:00,1.380076
2022-10-06 03:05,1.377494
2022-10-06 03:10,1.374911
2022-10-06 03:15,1.372902
2022-10-06 03:20,1.371180
2022-10-06 03:25,1.369459
2022-10-06 03:30,1.368024
2022-10-06 03:35,1.367451
2022-10-06 03:40,1.367737
2022-10-06 03:45,1.369173
2022-10-06 03:50,1.371181
2022-10-06 03:55,1.373477
2022-10-06 04:00,1.375773
2022-10-06 04:05,1.378068
2022-10-06 04:10,1.380364
2022-10-06 04:15,1.382659
2022-10-06 04:20,1.384955
2022-10-06 04:25,1.387251
2022-10-06 04:30,1.389546
2022-10-06 04:35,1.391554
2022-10-06 04:40,1.392415
2022-10-06 04:45,1.392702
2022-10-06 04:50,1.392702
2022-10-06 04:55,1.392128
2022-10-06 05:00,1.390980
2022-10-06 05:05,1.388973
2022-10-06 05:10,1.386965
2022-10-06 05:15,1.384957
2022-10-06 05:20,1.382949
2022-10-06 05:25,1.380653
2022-10-06 05:30,1.377210
2022-10-06 05:35,1.373767
2022-10-06 05:40,1.370324
2022-10-06 05:45,1.367455
2022-10-06 05:50,1.364586
2022-10-06 05:55,1.361716
2022-10-06 06:00,1.358847
2022-10-06 06:05,1.356838
2022-10-06 06:10,1.355977
2022-10-06 06:15,1.354829
2022-10-06 06:20,1.353107
2022-10-06 06:25,1.351958
2022-10-06 06:30,1.351385
2022-10-06 06:35,1.351958
2022-10-06 06:40,1.352532
2022-10-06 06:45,1.353106
2022-10-06 06:50,1.353966
2022-10-06 06:55,1.354827
2022-10-06 07:00,1.355687
2022-10-06 07:05,1.356548
2022-10-06 07:10,1.355974
2022-10-06 07:15,1.354827
2022-10-06 07:20,1.353393
2022-10-06 07:25,1.351958
2022-10-06 07:30,1.349949
2022-10-06 07:35,1.347653
2022-10-06 07:40,1.345358
2022-10-06 07:45,1.343062
2022-10-06 07:50,1.340766
2022-10-06 07:55,1.339045
2022-10-06 08:00,1.337611
2022-10-06 08:05,1.336464
2022-10-06 08:10,1.335029
2022-10-06 08:15,1.334456
2022-10-06 08:20,1.334456
2022-10-06 08:25,1.335029
2022-10-06 08:30,1.336178
2022-10-06 08:35,1.337039
2022-10-06 08:40,1.337900
2022-10-06 08:45,1.339335
2022-10-06 08:50,1.341057
2022-10-06 08:55,1.345075
2022-10-06 09:00,1.348518
2022-10-06 09:05,1.351387
2022-10-06 09:10,1.353108
2022-10-06 09:15,1.355691
2022-10-06 09:20,1.358560
2022-10-06 09:25,1.361143
2022-10-06 09:30,1.363725
2022-10-06 09:35,1.366307
2022-10-06 09:40,1.369177
2022-10-06 09:45,1.371759
2022-10-06 09:50,1.373768
2022-10-06 09:55,1.375203
2022-10-06 10:00,1.374055
2022-10-06 10:05,1.371186
2022-10-06 10:10,1.367168
2022-10-06 10:15,1.364012
2022-10-06 10:20,1.360281
2022-10-06 10:25,1.356264
2022-10-06 10:30,1.352246
2022-10-06 10:35,1.347942
2022-10-06 10:40,1.343637
2022-10-06 10:45,1.339333
2022-10-06 10:50,1.335315
2022-10-06 10:55,1.331298
2022-10-06 11:00,1.328141
2022-10-06 11:05,1.325846
2022-10-06 11:10,1.325272
2022-10-06 11:15,1.326707
2022-10-06 11:20,1.328716
2022-10-06 11:25,1.330725
2022-10-06 11:30,1.332734
2022-10-06 11:35,1.335029
2022-10-06 11:40,1.339047
2022-10-06 11:45,1.343351
2022-10-06 11:50,1.347656
2022-10-06 11:55,1.351960
2022-10-06 12:00,1.356551
2022-10-06 12:05,1.361429
2022-10-06 12:10,1.366020
2022-10-06 12:15,1.370897
2022-10-06 12:20,1.375201
2022-10-06 12:25,1.379504
2022-10-06 12:30,1.383808
2022-10-06 12:35,1.388399
2022-10-06 12:40,1.392703
2022-10-06 12:45,1.395573
2022-10-06 12:50,1.398729
2022-10-06 12:55,1.401885
2022-10-06 13:00,1.405615
2022-10-06 13:05,1.409058
2022-10-06 13:10,1.411927
2022-10-06 13:15,1.414509
2022-10-06 13:20,1.417092
2022-10-06 13:25,1.419961
2022-10-06 13:30,1.422257
2022-10-06 13:35,1.424839
2022-10-06 13:40,1.427995
2022-10-06 13:45,1.431152
2022-10-06 13:50,1.434308
2022-10-06 13:55,1.437177
2022-10-06 14:00,1.440046
2022-10-06 14:05,1.442916
2022-10-06 14:10,1.445785
2022-10-06 14:15,1.448367
2022-10-06 14:20,1.450950
2022-10-06 14:25,1.453532
2022-10-06 14:30,1.455828
2022-10-06 14:35,1.458124
2022-10-06 14:40,1.460132
2022-10-06 14:45,1.461280
2022-10-06 14:50,1.462427
2022-10-06 14:55,1.463575
2022-10-06 15:00,1.464435
2022-10-06 15:05,1.465296
2022-10-06 15:10,1.465582
2022-10-06 15:15,1.465869
2022-10-06 15:20,1.466156
2022-10-06 15:25,1.465296
2022-10-06 15:30,1.464148
2022-10-06 15:35,1.463001
2022-10-06 15:40,1.461567
2022-10-06 15:45,1.460132
2022-10-06 15:50,1.458698
2022-10-06 15:55,1.457264
2022-10-06 16:00,1.455830
2022-10-06 16:05,1.454395
2022-10-06 16:10,1.452961
2022-10-06 16:15,1.451527
2022-10-06 16:20,1.449231
2022-10-06 16:25,1.446936
2022-10-06 16:30,1.446649
2022-10-06 16:35,1.446362
2022-10-06 16:40,1.446362
2022-10-06 16:45,1.446936
2022-10-06 16:50,1.447509
2022-10-06 16:55,1.448370
2022-10-06 17:00,1.449517
2022-10-06 17:05,1.450665
2022-10-06 17:10,1.451812
2022-10-06 17:15,1.452960
2022-10-06 17:20,1.454107
2022-10-06 17:25,1.456116
2022-10-06 17:30,1.458124
2022-10-06 17:35,1.459272
2022-10-06 17:40,1.460419
2022-10-06 17:45,1.461280
2022-10-06 17:50,1.461853
2022-10-06 17:55,1.462427
2022-10-06 18:00,1.462714
2022-10-06 18:05,1.462714
2022-10-06 18:10,1.462714
2022-10-06 18:15,1.461567
2022-10-06 18:20,1.460419
2022-10-06 18:25,1.459272
2022-10-06 18:30,1.458124
2022-10-06 18:35,1.456403
2022-10-06 18:40,1.454681
2022-10-06 18:45,1.452959
2022-10-06 18:50,1.450376
2022-10-06 18:55,1.448654
2022-10-06 19:00,1.446072
2022-10-06 19:05,1.443489
2022-10-06 19:10,1.440046
2022-10-06 19:15,1.437464
2022-10-06 19:20,1.436029
2022-10-06 19:25,1.434594
2022-10-06 19:30,1.433159
2022-10-06 19:35,1.431724
2022-10-06 19:40,1.430003
2022-10-06 19:45,1.429142
2022-10-06 19:50,1.428281
2022-10-06 19:55,1.428568
2022-10-06 20:00,1.427708
2022-10-06 20:05,1.427708
2022-10-06 20:10,1.427708
2022-10-06 20:15,1.428568
2022-10-06 20:20,1.428281
2022-10-06 20:25,1.427995
2022-10-06 20:30,1.427134
2022-10-06 20:35,1.425987
2022-10-06 20:40,1.424839
2022-10-06 20:45,1.424552
2022-10-06 20:50,1.423405
2022-10-06 20:55,1.422258
2022-10-06 21:00,1.420823
2022-10-06 21:05,1.419676
2022-10-06 21:10,1.418529
2022-10-06 21:15,1.417381
2022-10-06 21:20,1.416234
2022-10-06 21:25,1.415373
2022-10-06 21:30,1.414800
2022-10-06 21:35,1.415373
2022-10-06 21:40,1.416521
2022-10-06 21:45,1.417668
2022-10-06 21:50,1.418529
2022-10-06 21:55,1.419389
2022-10-06 22:00,1.420537
2022-10-06 22:05,1.421684
2022-10-06 22:10,1.422831
2022-10-06 22:15,1.423979
2022-10-06 22:20,1.425126
2022-10-06 22:25,1.426274
2022-10-06 22:30,1.427421
2022-10-06 22:35,1.428281
2022-10-06 22:40,1.428281
2022-10-06 22:45,1.427995
2022-10-06 22:50,1.427708
2022-10-06 22:55,1.427708
2022-10-06 23:00,1.426847
2022-10-06 23:05,1.425700
2022-10-06 23:10,1.425126
2022-10-06 23:15,1.424552
2022-10-06 23:20,1.424266
2022-10-06 23:25,1.423979
2022-10-06 23:30,1.423405
2022-10-06 23:35,1.422258
2022-10-06 23:40,1.421110
2022-10-06 23:45,1.420250
2022-10-06 23:50,1.419389
2022-10-06 23:55,1.418529
2022-10-07 00:00,1.417381
2022-10-07 00:05,1.417381
2022-10-07 00:10,1.417381
2022-10-07 00:15,1.416521
2022-10-07 00:20,1.415660
2022-10-07 00:25,1.414513
2022-10-07 00:30,1.413652
2022-10-07 00:35,1.413079
2022-10-07 00:40,1.414226
2022-10-07 00:45,1.415947
2022-10-07 00:50,1.417094
2022-10-07 00:55,1.418816
2022-10-07 01:00,1.420537
2022-10-07 01:05,1.422545
2022-10-07 01:10,1.424266
2022-10-07 01:15,1.425987
2022-10-07 01:20,1.427995
2022-10-07 01:25,1.430003
2022-10-07 01:30,1.432585
2022-10-07 01:35,1.436028
2022-10-07 01:40,1.439471
2022-10-07 01:45,1.440332
2022-10-07 01:50,1.442053
2022-10-07 01:55,1.444923
2022-10-07 02:00,1.447218
2022-10-07 02:05,1.449514
2022-10-07 02:10,1.451810
2022-10-07 02:15,1.453818
2022-10-07 02:20,1.455540
2022-10-07 02:25,1.456402
2022-10-07 02:30,1.456689
2022-10-07 02:35,1.455827
2022-10-07 02:40,1.453532
2022-10-07 02:45,1.451236
2022-10-07 02:50,1.450375
2022-10-07 02:55,1.448080
2022-10-07 03:00,1.444924
2022-10-07 03:05,1.440046
2022-10-07 03:10,1.435167
2022-10-07 03:15,1.430289
2022-10-07 03:20,1.425124
2022-10-07 03:25,1.420246
2022-10-07 03:30,1.416803
2022-10-07 03:35,1.413933
2022-10-07 03:40,1.411638
2022-10-07 03:45,1.409629
2022-10-07 03:50,1.407620
2022-10-07 03:55,1.405611
2022-10-07 04:00,1.403603
2022-10-07 04:05,1.401881
2022-10-07 04:10,1.401881
2022-10-07 04:15,1.401881
2022-10-07 04:20,1.401881
2022-10-07 04:25,1.402454
2022-10-07 04:30,1.403028
2022-10-07 04:35,1.402741
2022-10-07 04:40,1.402167
2022-10-07 04:45,1.401307
2022-10-07 04:50,1.400160
2022-10-07 04:55,1.398725
2022-10-07 05:00,1.397291
2022-10-07 05:05,1.395857
2022-10-07 05:10,1.394423
2022-10-07 05:15,1.392988
2022-10-07 05:20,1.391554
2022-10-07 05:25,1.390120
2022-10-07 05:30,1.388973
2022-10-07 05:35,1.387538
2022-10-07 05:40,1.386391
2022-10-07 05:45,1.385817
2022-10-07 05:50,1.385530
2022-10-07 05:55,1.385530
2022-10-07 06:00,1.385817
2022-10-07 06:05,1.386104
2022-10-07 06:10,1.386391
2022-10-07 06:15,1.386678
2022-10-07 06:20,1.386391
2022-10-07 06:25,1.386104
2022-10-07 06:30,1.385817
2022-10-07 06:35,1.385244
2022-10-07 06:40,1.384957
2022-10-07 06:45,1.384670
2022-10-07 06:50,1.384096
2022-10-07 06:55,1.384096
2022-10-07 07:00,1.383522
2022-10-07 07:05,1.383522
2022-10-07 07:10,1.383522
2022-10-07 07:15,1.383522
2022-10-07 07:20,1.383522
2022-10-07 07:25,1.384096
2022-10-07 07:30,1.384670
2022-10-07 07:35,1.385244
2022-10-07 07:40,1.386965
2022-10-07 07:45,1.388686
2022-10-07 07:50,1.390694
2022-10-07 07:55,1.392702
2022-10-07 08:00,1.394136
2022-10-07 08:05,1.396144
2022-10-07 08:10,1.397004
2022-10-07 08:15,1.397004
2022-10-07 08:20,1.397865
2022-10-07 08:25,1.398725
2022-10-07 08:30,1.398152
2022-10-07 08:35,1.396717
2022-10-07 08:40,1.395283
2022-10-07 08:45,1.391840
2022-10-07 08:50,1.388397
2022-10-07 08:55,1.384667
2022-10-07 09:00,1.380937
2022-10-07 09:05,1.376634
2022-10-07 09:10,1.372904
2022-10-07 09:15,1.370035
2022-10-07 09:20,1.368026
2022-10-07 09:25,1.365157
2022-10-07 09:30,1.362287
2022-10-07 09:35,1.360852
2022-10-07 09:40,1.360278
2022-10-07 09:45,1.359703
2022-10-07 09:50,1.360565
2022-10-07 09:55,1.360851
2022-10-07 10:00,1.361713
2022-10-07 10:05,1.362574
2022-10-07 10:10,1.364009
2022-10-07 10:15,1.364871
2022-10-07 10:20,1.365445
2022-10-07 10:25,1.366880
2022-10-07 10:30,1.370323
2022-10-07 10:35,1.373766
2022-10-07 10:40,1.377209
2022-10-07 10:45,1.380652
2022-10-07 10:50,1.384095
2022-10-07 10:55,1.386964
2022-10-07 11:00,1.390694
2022-10-07 11:05,1.395285
2022-10-07 11:10,1.399875
2022-10-07 11:15,1.405039
2022-10-07 11:20,1.409630
2022-10-07 11:25,1.411924
2022-10-07 11:30,1.413359
2022-10-07 11:35,1.412785
2022-10-07 11:40,1.412211
2022-10-07 11:45,1.411638
2022-10-07 11:50,1.411351
2022-10-07 11:55,1.411064
2022-10-07 12:00,1.410777
2022-10-07 12:05,1.410203
2022-10-07 12:10,1.408194
2022-10-07 12:15,1.406472
2022-10-07 12:20,1.404176
2022-10-07 12:25,1.402742
2022-10-07 12:30,1.403603
2022-10-07 12:35,1.404752
2022-10-07 12:40,1.405900
2022-10-07 12:45,1.407335
2022-10-07 12:50,1.408770
2022-10-07 12:55,1.409918
2022-10-07 13:00,1.411066
2022-10-07 13:05,1.412215
2022-10-07 13:10,1.413363
2022-10-07 13:15,1.414798
2022-10-07 13:20,1.416520
2022-10-07 13:25,1.418242
2022-10-07 13:30,1.419389
2022-10-07 13:35,1.420537
2022-10-07 13:40,1.420823
2022-10-07 13:45,1.421110
2022-10-07 13:50,1.421684
2022-10-07 13:55,1.422258
2022-10-07 14:00,1.422831
2022-10-07 14:05,1.423692
2022-10-07 14:10,1.424552
2022-10-07 14:15,1.425413
2022-10-07 14:20,1.426560
2022-10-07 14:25,1.427995
2022-10-07 14:30,1.431438
2022-10-07 14:35,1.436603
2022-10-07 14:40,1.441768
2022-10-07 14:45,1.448941
2022-10-07 14:50,1.456401
2022-10-07 14:55,1.463287
2022-10-07 15:00,1.470173
2022-10-07 15:05,1.477059
2022-10-07 15:10,1.483658
2022-10-07 15:15,1.489970
2022-10-07 15:20,1.496569
2022-10-07 15:25,1.502308
2022-10-07 15:30,1.507472
2022-10-07 15:35,1.509481
2022-10-07 15:40,1.510055
2022-10-07 15:45,1.510628
2022-10-07 15:50,1.509768
2022-10-07 15:55,1.508620
2022-10-07 16:00,1.507473
2022-10-07 16:05,1.506326
2022-10-07 16:10,1.505178
2022-10-07 16:15,1.504605
2022-10-07 16:20,1.504318
2022-10-07 16:25,1.503744
2022-10-07 16:30,1.503744
2022-10-07 16:35,1.503457
2022-10-07 16:40,1.504605
2022-10-07 16:45,1.505752
2022-10-07 16:50,1.507186
2022-10-07 16:55,1.508334
2022-10-07 17:00,1.509481
2022-10-07 17:05,1.510915
2022-10-07 17:10,1.513211
2022-10-07 17:15,1.515506
2022-10-07 17:20,1.516654
2022-10-07 17:25,1.518663
2022-10-07 17:30,1.519810
2022-10-07 17:35,1.521532
2022-10-07 17:40,1.522392
2022-10-07 17:45,1.522966
2022-10-07 17:50,1.524114
2022-10-07 17:55,1.524401
2022-10-07 18:00,1.525549
2022-10-07 18:05,1.526698
2022-10-07 18:10,1.526984
2022-10-07 18:15,1.526410
2022-10-07 18:20,1.525835
2022-10-07 18:25,1.525549
2022-10-07 18:30,1.524400
2022-10-07 18:35,1.523827
2022-10-07 18:40,1.522105
2022-10-07 18:45,1.521531
2022-10-07 18:50,1.522106
2022-10-07 18:55,1.523253
2022-10-07 19:00,1.525549
2022-10-07 19:05,1.526696
2022-10-07 19:10,1.525261
2022-10-07 19:15,1.524400
2022-10-07 19:20,1.523540
2022-10-07 19:25,1.523540
2022-10-07 19:30,1.523827
2022-10-07 19:35,1.523253
2022-10-07 19:40,1.522679
2022-10-07 19:45,1.522392
2022-10-07 19:50,1.521532
2022-10-07 19:55,1.518949
2022-10-07 20:00,1.514933
2022-10-07 20:05,1.510342
2022-10-07 20:10,1.506326
2022-10-07 20:15,1.504030
2022-10-07 20:20,1.501161
2022-10-07 20:25,1.498291
2022-10-07 20:30,1.494562
2022-10-07 20:35,1.490832
2022-10-07 20:40,1.487962
2022-10-07 20:45,1.484519
2022-10-07 20:50,1.481076
2022-10-07 20:55,1.477920
2022-10-07 21:00,1.475338
2022-10-07 21:05,1.472755
2022-10-07 21:10,1.470173
2022-10-07 21:15,1.467590
2022-10-07 21:20,1.465869
2022-10-07 21:25,1.465582
2022-10-07 21:30,1.465869
2022-10-07 21:35,1.467018
2022-10-07 21:40,1.468166
2022-10-07 21:45,1.469314
2022-10-07 21:50,1.471323
2022-10-07 21:55,1.473332
2022-10-07 22:00,1.475340
2022-10-07 22:05,1.477349
2022-10-07 22:10,1.479645
2022-10-07 22:15,1.481940
2022-10-07 22:20,1.484236
2022-10-07 22:25,1.486532
2022-10-07 22:30,1.487967
2022-10-07 22:35,1.490549
2022-10-07 22:40,1.492270
2022-10-07 22:45,1.493991
2022-10-07 22:50,1.495712
2022-10-07 22:55,1.497433
2022-10-07 23:00,1.499154
2022-10-07 23:05,1.500876
2022-10-07 23:10,1.502597
2022-10-07 23:15,1.504318
2022-10-07 23:20,1.506039
2022-10-07 23:25,1.508047
2022-10-07 23:30,1.509481
2022-10-07 23:35,1.510915
2022-10-07 23:40,1.510341
2022-10-07 23:45,1.509768
2022-10-07 23:50,1.509194
2022-10-07 23:55,1.508907
2022-10-08 00:00,1.508907
2022-10-08 00:05,1.508907
2022-10-08 00:10,1.508907
2022-10-08 00:15,1.508907
2022-10-08 00:20,1.508907
2022-10-08 00:25,1.509481
2022-10-08 00:30,1.509194
2022-10-08 00:35,1.510055
2022-10-08 00:40,1.510341
2022-10-08 00:45,1.511202
2022-10-08 00:50,1.511776
2022-10-08 00:55,1.512063
2022-10-08 01:00,1.512063
2022-10-08 01:05,1.510915
2022-10-08 01:10,1.509768
2022-10-08 01:15,1.509481
2022-10-08 01:20,1.508334
2022-10-08 01:25,1.507186
2022-10-08 01:30,1.504891
2022-10-08 01:35,1.503170
2022-10-08 01:40,1.500876
2022-10-08 01:45,1.499154
2022-10-08 01:50,1.497147
2022-10-08 01:55,1.495425
2022-10-08 02:00,1.494565
2022-10-08 02:05,1.494278
2022-10-08 02:10,1.495425
2022-10-08 02:15,1.496860
2022-10-08 02:20,1.497433
2022-10-08 02:25,1.498868
2022-10-08 02:30,1.500302
2022-10-08 02:35,1.502310
2022-10-08 02:40,1.504318
2022-10-08 02:45,1.506326
2022-10-08 02:50,1.508334
2022-10-08 02:55,1.509768
2022-10-08 03:00,1.511202
2022-10-08 03:05,1.512063
2022-10-08 03:10,1.512349
2022-10-08 03:15,1.512063
2022-10-08 03:20,1.510055
2022-10-08 03:25,1.508047
2022-10-08 03:30,1.507473
2022-10-08 03:35,1.506899
2022-10-08 03:40,1.506326
2022-10-08 03:45,1.506039
2022-10-08 03:50,1.506039
2022-10-08 03:55,1.506612
2022-10-08 04:00,1.507760
2022-10-08 04:05,1.508907
2022-10-08 04:10,1.510055
2022-10-08 04:15,1.512063
2022-10-08 04:20,1.515220
2022-10-08 04:25,1.520958
2022-10-08 04:30,1.526697
2022-10-08 04:35,1.531288
2022-10-08 04:40,1.535879
2022-10-08 04:45,1.540184
2022-10-08 04:50,1.544201
2022-10-08 04:55,1.547932
2022-10-08 05:00,1.551089
2022-10-08 05:05,1.551663
2022-10-08 05:10,1.551951
2022-10-08 05:15,1.551951
2022-10-08 05:20,1.551090
2022-10-08 05:25,1.549081
2022-10-08 05:30,1.545924
2022-10-08 05:35,1.542767
2022-10-08 05:40,1.538749
2022-10-08 05:45,1.534445
2022-10-08 05:50,1.530141
2022-10-08 05:55,1.525836
2022-10-08 06:00,1.521532
2022-10-08 06:05,1.516367
2022-10-08 06:10,1.513784
2022-10-08 06:15,1.511489
2022-10-08 06:20,1.509481
2022-10-08 06:25,1.507473
2022-10-08 06:30,1.505465
2022-10-08 06:35,1.503457
2022-10-08 06:40,1.501449
2022-10-08 06:45,1.500015
2022-10-08 06:50,1.498868
2022-10-08 06:55,1.498294
2022-10-08 07:00,1.497720
2022-10-08 07:05,1.497147
2022-10-08 07:10,1.497720
2022-10-08 07:15,1.498294
2022-10-08 07:20,1.498868
2022-10-08 07:25,1.499441
2022-10-08 07:30,1.500015
2022-10-08 07:35,1.500302
2022-10-08 07:40,1.500302
2022-10-08 07:45,1.500302
2022-10-08 07:50,1.500015
2022-10-08 07:55,1.500015
2022-10-08 08:00,1.499728
2022-10-08 08:05,1.499441
2022-10-08 08:10,1.499441
2022-10-08 08:15,1.498868
2022-10-08 08:20,1.497720
2022-10-08 08:25,1.496573
2022-10-08 08:30,1.495139
2022-10-08 08:35,1.493417
2022-10-08 08:40,1.491695
2022-10-08 08:45,1.490260
2022-10-08 08:50,1.488825
2022-10-08 08:55,1.487676
2022-10-08 09:00,1.483660
2022-10-08 09:05,1.479643
2022-10-08 09:10,1.474765
2022-10-08 09:15,1.468739
2022-10-08 09:20,1.463001
2022-10-08 09:25,1.457836
2022-10-08 09:30,1.451523
2022-10-08 09:35,1.444349
2022-10-08 09:40,1.438610
2022-10-08 09:45,1.432585
2022-10-08 09:50,1.426560
2022-10-08 09:55,1.420534
2022-10-08 10:00,1.414509
2022-10-08 10:05,1.411065
2022-10-08 10:10,1.407621
2022-10-08 10:15,1.405612
2022-10-08 10:20,1.404464
2022-10-08 10:25,1.404177
2022-10-08 10:30,1.403029
2022-10-08 10:35,1.403029
2022-10-08 10:40,1.405038
2022-10-08 10:45,1.405325
2022-10-08 10:50,1.406187
2022-10-08 10:55,1.407048
2022-10-08 11:00,1.408483
2022-10-08 11:05,1.409345
2022-10-08 11:10,1.410206
2022-10-08 11:15,1.410780
2022-10-08 11:20,1.411067
2022-10-08 11:25,1.411067
2022-10-08 11:30,1.409919
2022-10-08 11:35,1.409632
2022-10-08 11:40,1.409632
2022-10-08 11:45,1.408771
2022-10-08 11:50,1.408196
2022-10-08 11:55,1.407909
2022-10-08 12:00,1.408482
2022-10-08 12:05,1.408482
2022-10-08 12:10,1.410203
2022-10-08 12:15,1.411924
2022-10-08 12:20,1.413933
2022-10-08 12:25,1.414507
2022-10-08 12:30,1.415655
2022-10-08 12:35,1.417951
2022-10-08 12:40,1.420246
2022-10-08 12:45,1.423117
2022-10-08 12:50,1.425699
2022-10-08 12:55,1.428568
2022-10-08 13:00,1.431151
2022-10-08 13:05,1.432872
2022-10-08 13:10,1.434019
2022-10-08 13:15,1.433159
2022-10-08 13:20,1.432011
2022-10-08 13:25,1.431151
2022-10-08 13:30,1.432011
2022-10-08 13:35,1.433446
2022-10-08 13:40,1.434019
2022-10-08 13:45,1.434593
2022-10-08 13:50,1.434305
2022-10-08 13:55,1.434593
2022-10-08 14:00,1.435167
2022-10-08 14:05,1.435742
2022-10-08 14:10,1.436030
2022-10-08 14:15,1.437465
2022-10-08 14:20,1.440047
2022-10-08 14:25,1.443203
2022-10-08 14:30,1.446073
2022-10-08 14:35,1.448368
2022-10-08 14:40,1.449803
2022-10-08 14:45,1.451238
2022-10-08 14:50,1.452674
2022-10-08 14:55,1.454109
2022-10-08 15:00,1.455256
2022-10-08 15:05,1.456117
2022-10-08 15:10,1.456977
2022-10-08 15:15,1.458124
2022-10-08 15:20,1.458698
2022-10-08 15:25,1.458985
2022-10-08 15:30,1.458985
2022-10-08 15:35,1.458985
2022-10-08 15:40,1.458985
2022-10-08 15:45,1.458985
2022-10-08 15:50,1.458985
2022-10-08 15:55,1.459272
2022-10-08 16:00,1.459559
2022-10-08 16:05,1.459846
2022-10-08 16:10,1.461567
2022-10-08 16:15,1.463288
2022-10-08 16:20,1.465009
2022-10-08 16:25,1.466730
2022-10-08 16:30,1.468739
2022-10-08 16:35,1.470747
2022-10-08 16:40,1.472756
2022-10-08 16:45,1.476199
2022-10-08 16:50,1.479929
2022-10-08 16:55,1.484519
2022-10-08 17:00,1.488823
2022-10-08 17:05,1.495422
2022-10-08 17:10,1.504317
2022-10-08 17:15,1.512638
2022-10-08 17:20,1.520959
2022-10-08 17:25,1.529280
2022-10-08 17:30,1.538175
2022-10-08 17:35,1.546782
2022-10-08 17:40,1.555389
2022-10-08 17:45,1.563996
2022-10-08 17:50,1.571169
2022-10-08 17:55,1.578055
2022-10-08 18:00,1.584080
2022-10-08 18:05,1.589532
2022-10-08 18:10,1.592688
2022-10-08 18:15,1.593549
2022-10-08 18:20,1.592115
2022-10-08 18:25,1.590680
2022-10-08 18:30,1.589246
2022-10-08 18:35,1.586665
2022-10-08 18:40,1.584083
2022-10-08 18:45,1.581214
2022-10-08 18:50,1.578346
2022-10-08 18:55,1.574903
2022-10-08 19:00,1.570886
2022-10-08 19:05,1.566870
2022-10-08 19:10,1.562566
2022-10-08 19:15,1.557976
2022-10-08 19:20,1.553385
2022-10-08 19:25,1.550229
2022-10-08 19:30,1.547073
2022-10-08 19:35,1.543630
2022-10-08 19:40,1.540761
2022-10-08 19:45,1.537604
2022-10-08 19:50,1.534734
2022-10-08 19:55,1.531863
2022-10-08 20:00,1.528994
2022-10-08 20:05,1.526698
2022-10-08 20:10,1.524116
2022-10-08 20:15,1.522394
2022-10-08 20:20,1.520672
2022-10-08 20:25,1.518950
2022-10-08 20:30,1.516655
2022-10-08 20:35,1.514072
2022-10-08 20:40,1.511777
2022-10-08 20:45,1.509481
2022-10-08 20:50,1.507473
2022-10-08 20:55,1.505465
2022-10-08 21:00,1.503457
2022-10-08 21:05,1.502023
2022-10-08 21:10,1.500589
2022-10-08 21:15,1.499728
2022-10-08 21:20,1.498581
2022-10-08 21:25,1.497720
2022-10-08 21:30,1.496860
2022-10-08 21:35,1.496860
2022-10-08 21:40,1.497433
2022-10-08 21:45,1.498007
2022-10-08 21:50,1.499154
2022-10-08 21:55,1.500589
2022-10-08 22:00,1.502023
2022-10-08 22:05,1.503744
2022-10-08 22:10,1.506040
2022-10-08 22:15,1.509196
2022-10-08 22:20,1.513499
2022-10-08 22:25,1.518377
2022-10-08 22:30,1.523255
2022-10-08 22:35,1.528134
2022-10-08 22:40,1.533012
2022-10-08 22:45,1.537890
2022-10-08 22:50,1.542768
2022-10-08 22:55,1.547072
2022-10-08 23:00,1.550516
2022-10-08 23:05,1.553960
2022-10-08 23:10,1.557117
2022-10-08 23:15,1.559699
2022-10-08 23:20,1.561421
2022-10-08 23:25,1.561709
2022-10-08 23:30,1.562283
2022-10-08 23:35,1.561995
2022-10-08 23:40,1.560560
2022-10-08 23:45,1.558264
2022-10-08 23:50,1.554534
2022-10-08 23:55,1.550516
2022-10-09 00:00,1.546498
2022-10-09 00:05,1.543055
2022-10-09 00:10,1.539611
2022-10-09 00:15,1.536167
2022-10-09 00:20,1.532723
2022-10-09 00:25,1.529279
2022-10-09 00:30,1.525835
2022-10-09 00:35,1.521818
2022-10-09 00:40,1.518949
2022-10-09 00:45,1.516940
2022-10-09 00:50,1.516078
2022-10-09 00:55,1.516940
2022-10-09 01:00,1.518375
2022-10-09 01:05,1.519810
2022-10-09 01:10,1.521532
2022-10-09 01:15,1.523254
2022-10-09 01:20,1.524976
2022-10-09 01:25,1.526698
2022-10-09 01:30,1.528420
2022-10-09 01:35,1.530141
2022-10-09 01:40,1.531577
2022-10-09 01:45,1.533012
2022-10-09 01:50,1.535594
2022-10-09 01:55,1.538177
2022-10-09 02:00,1.540184
2022-10-09 02:05,1.541906
2022-10-09 02:10,1.545635
2022-10-09 02:15,1.549078
2022-10-09 02:20,1.552521
2022-10-09 02:25,1.556538
2022-10-09 02:30,1.560555
2022-10-09 02:35,1.564571
2022-10-09 02:40,1.567154
2022-10-09 02:45,1.570023
2022-10-09 02:50,1.571457
2022-10-09 02:55,1.573179
2022-10-09 03:00,1.572319
2022-10-09 03:05,1.571458
2022-10-09 03:10,1.569737
2022-10-09 03:15,1.566007
2022-10-09 03:20,1.563138
2022-10-09 03:25,1.560269
2022-10-09 03:30,1.556826
2022-10-09 03:35,1.553383
2022-10-09 03:40,1.551375
2022-10-09 03:45,1.552235
2022-10-09 03:50,1.553956
2022-10-09 03:55,1.556826
2022-10-09 04:00,1.558260
2022-10-09 04:05,1.561703
2022-10-09 04:10,1.565146
2022-10-09 04:15,1.569450
2022-10-09 04:20,1.573753
2022-10-09 04:25,1.576622
2022-10-09 04:30,1.579492
2022-10-09 04:35,1.581214
2022-10-09 04:40,1.582074
2022-10-09 04:45,1.580352
2022-10-09 04:50,1.575761
2022-10-09 04:55,1.569736
2022-10-09 05:00,1.563710
2022-10-09 05:05,1.556824
2022-10-09 05:10,1.549938
2022-10-09 05:15,1.543052
2022-10-09 05:20,1.536166
2022-10-09 05:25,1.530141
2022-10-09 05:30,1.524689
2022-10-09 05:35,1.519524
2022-10-09 05:40,1.515506
2022-10-09 05:45,1.512350
2022-10-09 05:50,1.510055
2022-10-09 05:55,1.509194
2022-10-09 06:00,1.508907
2022-10-09 06:05,1.508334
2022-10-09 06:10,1.508907
2022-10-09 06:15,1.508620
2022-10-09 06:20,1.508334
2022-10-09 06:25,1.507186
2022-10-09 06:30,1.504891
2022-10-09 06:35,1.502595
2022-10-09 06:40,1.500012
2022-10-09 06:45,1.497430
2022-10-09 06:50,1.495135
2022-10-09 06:55,1.493127
2022-10-09 07:00,1.490832
2022-10-09 07:05,1.488824
2022-10-09 07:10,1.487963
2022-10-09 07:15,1.487103
2022-10-09 07:20,1.487103
2022-10-09 07:25,1.485954
2022-10-09 07:30,1.486528
2022-10-09 07:35,1.487676
2022-10-09 07:40,1.488538
2022-10-09 07:45,1.489686
2022-10-09 07:50,1.490834
2022-10-09 07:55,1.492842
2022-10-09 08:00,1.495711
2022-10-09 08:05,1.498867
2022-10-09 08:10,1.501735
2022-10-09 08:15,1.503743
2022-10-09 08:20,1.506039
2022-10-09 08:25,1.508334
2022-10-09 08:30,1.511778
2022-10-09 08:35,1.515795
2022-10-09 08:40,1.519525
2022-10-09 08:45,1.524690
2022-10-09 08:50,1.529568
2022-10-09 08:55,1.534733
2022-10-09 09:00,1.538750
2022-10-09 09:05,1.541620
2022-10-09 09:10,1.544491
2022-10-09 09:15,1.546212
2022-10-09 09:20,1.547934
2022-10-09 09:25,1.549369
2022-10-09 09:30,1.550803
2022-10-09 09:35,1.552237
2022-10-09 09:40,1.552237
2022-10-09 09:45,1.552237
2022-10-09 09:50,1.548220
2022-10-09 09:55,1.543915
2022-10-09 10:00,1.539324
2022-10-09 10:05,1.533872
2022-10-09 10:10,1.527846
2022-10-09 10:15,1.521820
2022-10-09 10:20,1.516368
2022-10-09 10:25,1.510916
2022-10-09 10:30,1.505464
2022-10-09 10:35,1.500012
2022-10-09 10:40,1.494561
2022-10-09 10:45,1.489109
2022-10-09 10:50,1.483083
2022-10-09 10:55,1.479927
2022-10-09 11:00,1.477632
2022-10-09 11:05,1.475336
2022-10-09 11:10,1.474188
2022-10-09 11:15,1.474476
2022-10-09 11:20,1.474189
2022-10-09 11:25,1.474476
2022-10-09 11:30,1.474762
2022-10-09 11:35,1.475049
2022-10-09 11:40,1.475049
2022-10-09 11:45,1.475336
2022-10-09 11:50,1.476197
2022-10-09 11:55,1.478780
2022-10-09 12:00,1.481362
2022-10-09 12:05,1.483371
2022-10-09 12:10,1.484519
2022-10-09 12:15,1.485381
2022-10-09 12:20,1.483659
2022-10-09 12:25,1.484520
2022-10-09 12:30,1.485955
2022-10-09 12:35,1.487390
2022-10-09 12:40,1.489112
2022-10-09 12:45,1.492268
2022-10-09 12:50,1.495138
2022-10-09 12:55,1.497433
2022-10-09 13:00,1.498580
2022-10-09 13:05,1.503745
2022-10-09 13:10,1.509770
2022-10-09 13:15,1.517230
2022-10-09 13:20,1.524977
2022-10-09 13:25,1.534732
2022-10-09 13:30,1.542478
2022-10-09 13:35,1.549651
2022-10-09 13:40,1.557111
2022-10-09 13:45,1.564857
2022-10-09 13:50,1.571457
2022-10-09 13:55,1.579491
2022-10-09 14:00,1.588386
2022-10-09 14:05,1.597280
2022-10-09 14:10,1.602158
2022-10-09 14:15,1.606174
2022-10-09 14:20,1.609617
2022-10-09 14:25,1.612773
2022-10-09 14:30,1.615930
2022-10-09 14:35,1.619086
2022-10-09 14:40,1.622242
2022-10-09 14:45,1.625111
2022-10-09 14:50,1.626833
2022-10-09 14:55,1.628555
2022-10-09 15:00,1.627695
2022-10-09 15:05,1.624252
2022-10-09 15:10,1.620809
2022-10-09 15:15,1.617079
2022-10-09 15:20,1.612775
2022-10-09 15:25,1.606750
2022-10-09 15:30,1.600437
2022-10-09 15:35,1.594125
2022-10-09 15:40,1.587526
2022-10-09 15:45,1.580927
2022-10-09 15:50,1.574328
2022-10-09 15:55,1.567728
2022-10-09 16:00,1.561129
2022-10-09 16:05,1.555678
2022-10-09 16:10,1.552521
2022-10-09 16:15,1.548792
2022-10-09 16:20,1.545922
2022-10-09 16:25,1.543913
2022-10-09 16:30,1.543627
2022-10-09 16:35,1.543627
2022-10-09 16:40,1.543913
2022-10-09 16:45,1.544487
2022-10-09 16:50,1.545061
2022-10-09 16:55,1.545348
2022-10-09 17:00,1.546495
2022-10-09 17:05,1.547642
2022-10-09 17:10,1.548503
2022-10-09 17:15,1.548790
2022-10-09 17:20,1.549937
2022-10-09 17:25,1.550511
2022-10-09 17:30,1.550798
2022-10-09 17:35,1.551085
2022-10-09 17:40,1.551371
2022-10-09 17:45,1.551371
2022-10-09 17:50,1.551371
2022-10-09 17:55,1.551658
2022-10-09 18:00,1.552520
2022-10-09 18:05,1.553094
2022-10-09 18:10,1.553956
2022-10-09 18:15,1.555104
2022-10-09 18:20,1.556539
2022-10-09 18:25,1.557974
2022-10-09 18:30,1.559409
2022-10-09 18:35,1.560844
2022-10-09 18:40,1.562279
2022-10-09 18:45,1.565149
2022-10-09 18:50,1.566584
2022-10-09 18:55,1.569453
2022-10-09 19:00,1.572896
2022-10-09 19:05,1.576051
2022-10-09 19:10,1.579207
2022-10-09 19:15,1.582075
2022-10-09 19:20,1.584083
2022-10-09 19:25,1.584370
2022-10-09 19:30,1.583796
2022-10-09 19:35,1.582936
2022-10-09 19:40,1.582075
2022-10-09 19:45,1.580640
2022-10-09 19:50,1.574901
2022-10-09 19:55,1.570597
2022-10-09 20:00,1.563424
2022-10-09 20:05,1.553956
2022-10-09 20:10,1.544200
2022-10-09 20:15,1.534445
2022-10-09 20:20,1.524690
2022-10-09 20:25,1.516082
2022-10-09 20:30,1.509195
2022-10-09 20:35,1.502882
2022-10-09 20:40,1.496569
2022-10-09 20:45,1.490255
2022-10-09 20:50,1.484804
2022-10-09 20:55,1.485665
2022-10-09 21:00,1.486526
2022-10-09 21:05,1.489396
2022-10-09 21:10,1.493700
2022-10-09 21:15,1.499439
2022-10-09 21:20,1.504030
2022-10-09 21:25,1.508048
2022-10-09 21:30,1.511778
2022-10-09 21:35,1.515796
2022-10-09 21:40,1.519813
2022-10-09 21:45,1.524118
2022-10-09 21:50,1.528709
2022-10-09 21:55,1.533013
2022-10-09 22:00,1.533587
2022-10-09 22:05,1.534161
2022-10-09 22:10,1.533587
2022-10-09 22:15,1.533587
2022-10-09 22:20,1.532440
2022-10-09 22:25,1.532440
2022-10-09 22:30,1.533013
2022-10-09 22:35,1.531005
2022-10-09 22:40,1.526987
2022-10-09 22:45,1.522969
2022-10-09 22:50,1.518952
2022-10-09 22:55,1.514648
2022-10-09 23:00,1.510343
2022-10-09 23:05,1.504605
2022-10-09 23:10,1.498866
2022-10-09 23:15,1.493701
2022-10-09 23:20,1.486240
2022-10-09 23:25,1.478493
2022-10-09 23:30,1.471033
2022-10-09 23:35,1.465294
2022-10-09 23:40,1.463859
2022-10-09 23:45,1.462138
2022-10-09 23:50,1.465294
2022-10-09 23:55,1.468450
2022-10-10 00:00,1.471606
2022-10-10 00:05,1.475624
2022-10-10 00:10,1.481362
2022-10-10 00:15,1.486240
2022-10-10 00:20,1.491117
2022-10-10 00:25,1.498577
2022-10-10 00:30,1.506612
2022-10-10 00:35,1.516368
2022-10-10 00:40,1.524402
2022-10-10 00:45,1.528706
2022-10-10 00:50,1.536741
2022-10-10 00:55,1.540471
2022-10-10 01:00,1.544202
2022-10-10 01:05,1.547072
2022-10-10 01:10,1.549081
2022-10-10 01:15,1.551950
2022-10-10 01:20,1.556255
2022-10-10 01:25,1.560559
2022-10-10 01:30,1.564002
2022-10-10 01:35,1.567732
2022-10-10 01:40,1.569740
2022-10-10 01:45,1.571748
2022-10-10 01:50,1.575764
2022-10-10 01:55,1.577772
2022-10-10 02:00,1.579207
2022-10-10 02:05,1.580641
2022-10-10 02:10,1.582936
2022-10-10 02:15,1.585230
2022-10-10 02:20,1.586665
2022-10-10 02:25,1.587525
2022-10-10 02:30,1.588672
2022-10-10 02:35,1.589533
2022-10-10 02:40,1.590107
2022-10-10 02:45,1.591255
2022-10-10 02:50,1.592403
2022-10-10 02:55,1.593551
2022-10-10 03:00,1.594700
2022-10-10 03:05,1.594126
2022-10-10 03:10,1.595274
2022-10-10 03:15,1.596709
2022-10-10 03:20,1.597857
2022-10-10 03:25,1.599006
2022-10-10 03:30,1.600154
2022-10-10 03:35,1.601015
2022-10-10 03:40,1.603598
2022-10-10 03:45,1.604746
2022-10-10 03:50,1.604746
2022-10-10 03:55,1.605033
2022-10-10 04:00,1.606467
2022-10-10 04:05,1.607901
2022-10-10 04:10,1.611057
2022-10-10 04:15,1.612492
2022-10-10 04:20,1.613352
2022-10-10 04:25,1.614500
2022-10-10 04:30,1.615360
2022-10-10 04:35,1.616221
2022-10-10 04:40,1.617081
2022-10-10 04:45,1.616508
2022-10-10 04:50,1.617081
2022-10-10 04:55,1.618229
2022-10-10 05:00,1.618802
2022-10-10 05:05,1.618229
2022-10-10 05:10,1.617655
2022-10-10 05:15,1.617081
2022-10-10 05:20,1.615647
2022-10-10 05:25,1.613638
2022-10-10 05:30,1.611056
2022-10-10 05:35,1.609334
2022-10-10 05:40,1.607612
2022-10-10 05:45,1.605890
2022-10-10 05:50,1.603594
2022-10-10 05:55,1.601012
2022-10-10 06:00,1.598143
2022-10-10 06:05,1.595560
2022-10-10 06:10,1.592978
2022-10-10 06:15,1.590395
2022-10-10 06:20,1.586665
2022-10-10 06:25,1.583796
2022-10-10 06:30,1.583222
2022-10-10 06:35,1.584083
2022-10-10 06:40,1.584083
2022-10-10 06:45,1.584083
2022-10-10 06:50,1.584083
2022-10-10 06:55,1.584657
2022-10-10 07:00,1.585517
2022-10-10 07:05,1.586091
2022-10-10 07:10,1.586665
2022-10-10 07:15,1.586951
2022-10-10 07:20,1.586665
2022-10-10 07:25,1.587525
2022-10-10 07:30,1.588386
2022-10-10 07:35,1.587238
2022-10-10 07:40,1.584657
2022-10-10 07:45,1.582362
2022-10-10 07:50,1.580067
2022-10-10 07:55,1.577485
2022-10-10 08:00,1.574616
2022-10-10 08:05,1.571747
2022-10-10 08:10,1.569164
2022-10-10 08:15,1.566582
2022-10-10 08:20,1.564286
2022-10-10 08:25,1.562564
2022-10-10 08:30,1.561704
2022-10-10 08:35,1.560843
2022-10-10 08:40,1.561704
2022-10-10 08:45,1.564572
2022-10-10 08:50,1.567441
2022-10-10 08:55,1.570309
2022-10-10 09:00,1.573752
2022-10-10 09:05,1.577770
2022-10-10 09:10,1.582361
2022-10-10 09:15,1.586379
2022-10-10 09:20,1.590396
2022-10-10 09:25,1.594414
2022-10-10 09:30,1.597857
2022-10-10 09:35,1.599865
2022-10-10 09:40,1.601872
2022-10-10 09:45,1.602733
2022-10-10 09:50,1.601012
2022-10-10 09:55,1.598717
2022-10-10 10:00,1.596422
2022-10-10 10:05,1.593840
2022-10-10 10:10,1.589536
2022-10-10 10:15,1.584657
2022-10-10 10:20,1.580928
2022-10-10 10:25,1.577198
2022-10-10 10:30,1.574042
2022-10-10 10:35,1.571747
2022-10-10 10:40,1.569739
2022-10-10 10:45,1.567731
2022-10-10 10:50,1.565436
2022-10-10 10:55,1.564002
2022-10-10 11:00,1.563141
2022-10-10 11:05,1.562568
2022-10-10 11:10,1.561994
2022-10-10 11:15,1.563142
2022-10-10 11:20,1.565438
2022-10-10 11:25,1.567733
2022-10-10 11:30,1.570027
2022-10-10 11:35,1.572897
2022-10-10 11:40,1.575766
2022-10-10 11:45,1.579209
2022-10-10 11:50,1.582652
2022-10-10 11:55,1.586382
2022-10-10 12:00,1.591546
2022-10-10 12:05,1.596710
2022-10-10 12:10,1.601587
2022-10-10 12:15,1.606465
2022-10-10 12:20,1.611055
2022-10-10 12:25,1.614498
2022-10-10 12:30,1.617367
2022-10-10 12:35,1.620237
2022-10-10 12:40,1.621958
2022-10-10 12:45,1.621671
2022-10-10 12:50,1.621097
2022-10-10 12:55,1.621097
2022-10-10 13:00,1.621097
2022-10-10 13:05,1.619950
2022-10-10 13:10,1.618802
2022-10-10 13:15,1.619376
2022-10-10 13:20,1.619950
2022-10-10 13:25,1.619663
2022-10-10 13:30,1.619376
2022-10-10 13:35,1.619089
2022-10-10 13:40,1.619663
2022-10-10 13:45,1.621098
2022-10-10 13:50,1.624254
2022-10-10 13:55,1.626549
2022-10-10 14:00,1.629705
2022-10-10 14:05,1.632861
2022-10-10 14:10,1.634582
2022-10-10 14:15,1.635443
2022-10-10 14:20,1.634295
2022-10-10 14:25,1.633148
2022-10-10 14:30,1.634296
2022-10-10 14:35,1.634009
2022-10-10 14:40,1.633723
2022-10-10 14:45,1.632575
2022-10-10 14:50,1.630566
2022-10-10 14:55,1.628558
2022-10-10 15:00,1.627410
2022-10-10 15:05,1.624828
2022-10-10 15:10,1.622245
2022-10-10 15:15,1.621672
2022-10-10 15:20,1.621958
2022-10-10 15:25,1.622819
2022-10-10 15:30,1.623680
2022-10-10 15:35,1.622818
2022-10-10 15:40,1.623679
2022-10-10 15:45,1.627409
2022-10-10 15:50,1.631425
2022-10-10 15:55,1.636303
2022-10-10 16:00,1.641181
2022-10-10 16:05,1.646059
2022-10-10 16:10,1.650938
2022-10-10 16:15,1.654954
2022-10-10 16:20,1.658110
2022-10-10 16:25,1.658972
2022-10-10 16:30,1.659546
2022-10-10 16:35,1.660121
2022-10-10 16:40,1.663277
2022-10-10 16:45,1.666146
2022-10-10 16:50,1.667581
2022-10-10 16:55,1.668730
2022-10-10 17:00,1.668155
2022-10-10 17:05,1.668442
2022-10-10 17:10,1.669876
2022-10-10 17:15,1.671310
2022-10-10 17:20,1.673606
2022-10-10 17:25,1.676188
2022-10-10 17:30,1.681066
2022-10-10 17:35,1.685943
2022-10-10 17:40,1.690246
2022-10-10 17:45,1.692829
2022-10-10 17:50,1.694838
2022-10-10 17:55,1.695411
2022-10-10 18:00,1.695985
2022-10-10 18:05,1.697994
2022-10-10 18:10,1.699141
2022-10-10 18:15,1.699141
2022-10-10 18:20,1.699141
2022-10-10 18:25,1.699141
2022-10-10 18:30,1.700289
2022-10-10 18:35,1.701438
2022-10-10 18:40,1.703160
2022-10-10 18:45,1.705742
2022-10-10 18:50,1.707464
2022-10-10 18:55,1.709760
2022-10-10 19:00,1.712055
2022-10-10 19:05,1.713777
2022-10-10 19:10,1.715499
2022-10-10 19:15,1.717221
2022-10-10 19:20,1.718943
2022-10-10 19:25,1.720091
2022-10-10 19:30,1.720953
2022-10-10 19:35,1.720666
2022-10-10 19:40,1.719804
2022-10-10 19:45,1.718369
2022-10-10 19:50,1.716074
2022-10-10 19:55,1.714639
2022-10-10 20:00,1.713778
2022-10-10 20:05,1.712917
2022-10-10 20:10,1.712917
2022-10-10 20:15,1.712057
2022-10-10 20:20,1.711196
2022-10-10 20:25,1.710623
2022-10-10 20:30,1.710623
2022-10-10 20:35,1.710910
2022-10-10 20:40,1.711196
2022-10-10 20:45,1.712058
2022-10-10 20:50,1.712919
2022-10-10 20:55,1.714354
2022-10-10 21:00,1.715216
2022-10-10 21:05,1.715502
2022-10-10 21:10,1.715789
2022-10-10 21:15,1.715789
2022-10-10 21:20,1.718945
2022-10-10 21:25,1.719232
2022-10-10 21:30,1.719232
2022-10-10 21:35,1.718945
2022-10-10 21:40,1.718945
2022-10-10 21:45,1.719232
2022-10-10 21:50,1.719232
2022-10-10 21:55,1.719232
2022-10-10 22:00,1.719232
2022-10-10 22:05,1.719519
2022-10-10 22:10,1.719806
2022-10-10 22:15,1.719519
2022-10-10 22:20,1.718945
2022-10-10 22:25,1.715501
2022-10-10 22:30,1.714926
2022-10-10 22:35,1.714352
2022-10-10 22:40,1.714064
2022-10-10 22:45,1.712055
2022-10-10 22:50,1.709473
2022-10-10 22:55,1.707177
2022-10-10 23:00,1.704882
2022-10-10 23:05,1.701438
2022-10-10 23:10,1.697133
2022-10-10 23:15,1.690821
2022-10-10 23:20,1.685082
2022-10-10 23:25,1.679631
2022-10-10 23:30,1.674181
2022-10-10 23:35,1.668730
2022-10-10 23:40,1.665573
2022-10-10 23:45,1.662417
2022-10-10 23:50,1.660695
2022-10-10 23:55,1.659547
2022-10-11 00:00,1.660408
2022-10-11 00:05,1.661268
2022-10-11 00:10,1.666146
2022-10-11 00:15,1.671598
2022-10-11 00:20,1.680780
2022-10-11 00:25,1.689961
2022-10-11 00:30,1.702586
2022-10-11 00:35,1.716071
2022-10-11 00:40,1.730130
2022-10-11 00:45,1.741894
2022-10-11 00:50,1.753945
2022-10-11 00:55,1.765996
2022-10-11 01:00,1.777760
2022-10-11 01:05,1.788663
2022-10-11 01:10,1.799567
2022-10-11 01:15,1.807601
2022-10-11 01:20,1.815922
2022-10-11 01:25,1.821086
2022-10-11 01:30,1.827686
2022-10-11 01:35,1.829407
2022-10-11 01:40,1.830267
2022-10-11 01:45,1.830554
2022-10-11 01:50,1.829980
2022-10-11 01:55,1.829120
2022-10-11 02:00,1.828259
2022-10-11 02:05,1.826825
2022-10-11 02:10,1.823956
2022-10-11 02:15,1.821086
2022-10-11 02:20,1.816495
2022-10-11 02:25,1.811617
2022-10-11 02:30,1.808174
2022-10-11 02:35,1.802722
2022-10-11 02:40,1.798706
2022-10-11 02:45,1.794402
2022-10-11 02:50,1.790099
2022-10-11 02:55,1.786369
2022-10-11 03:00,1.782926
2022-10-11 03:05,1.779770
2022-10-11 03:10,1.777187
2022-10-11 03:15,1.774891
2022-10-11 03:20,1.772596
2022-10-11 03:25,1.772022
2022-10-11 03:30,1.771448
2022-10-11 03:35,1.770875
2022-10-11 03:40,1.768292
2022-10-11 03:45,1.765710
2022-10-11 03:50,1.763988
2022-10-11 03:55,1.761692
2022-10-11 04:00,1.760257
2022-10-11 04:05,1.758535
2022-10-11 04:10,1.756527
2022-10-11 04:15,1.755666
2022-10-11 04:20,1.757388
2022-10-11 04:25,1.759110
2022-10-11 04:30,1.763701
2022-10-11 04:35,1.768579
2022-10-11 04:40,1.773457
2022-10-11 04:45,1.780918
2022-10-11 04:50,1.788378
2022-10-11 04:55,1.795265
2022-10-11 05:00,1.802726
2022-10-11 05:05,1.809326
2022-10-11 05:10,1.815639
2022-10-11 05:15,1.821952
2022-10-11 05:20,1.827117
2022-10-11 05:25,1.829412
2022-10-11 05:30,1.831706
2022-10-11 05:35,1.830558
2022-10-11 05:40,1.828836
2022-10-11 05:45,1.824819
2022-10-11 05:50,1.820801
2022-10-11 05:55,1.816210
2022-10-11 06:00,1.810471
2022-10-11 06:05,1.805880
2022-10-11 06:10,1.802149
2022-10-11 06:15,1.798706
2022-10-11 06:20,1.795262
2022-10-11 06:25,1.793253
2022-10-11 06:30,1.791532
2022-10-11 06:35,1.789811
2022-10-11 06:40,1.788950
2022-10-11 06:45,1.788377
2022-10-11 06:50,1.790099
2022-10-11 06:55,1.792107
2022-10-11 07:00,1.794977
2022-10-11 07:05,1.798993
2022-10-11 07:10,1.802149
2022-10-11 07:15,1.804732
2022-10-11 07:20,1.807314
2022-10-11 07:25,1.809897
2022-10-11 07:30,1.811044
2022-10-11 07:35,1.812192
2022-10-11 07:40,1.813339
2022-10-11 07:45,1.814200
2022-10-11 07:50,1.815060
2022-10-11 07:55,1.815921
2022-10-11 08:00,1.815921
2022-10-11 08:05,1.815634
2022-10-11 08:10,1.815347
2022-10-11 08:15,1.814773
2022-10-11 08:20,1.813913
2022-10-11 08:25,1.813052
2022-10-11 08:30,1.811905
2022-10-11 08:35,1.799567
2022-10-11 08:40,1.786369
2022-10-11 08:45,1.772884
2022-10-11 08:50,1.759398
2022-10-11 08:55,1.745913
2022-10-11 09:00,1.730132
2022-10-11 09:05,1.714352
2022-10-11 09:10,1.697996
2022-10-11 09:15,1.681354
2022-10-11 09:20,1.664712
2022-10-11 09:25,1.647496
2022-10-11 09:30,1.629707
2022-10-11 09:35,1.611343
2022-10-11 09:40,1.603884
2022-10-11 09:45,1.596423
2022-10-11 09:50,1.588963
2022-10-11 09:55,1.580355
2022-10-11 10:00,1.571747
2022-10-11 10:05,1.565435
2022-10-11 10:10,1.559121
2022-10-11 10:15,1.552522
2022-10-11 10:20,1.546210
2022-10-11 10:25,1.538750
2022-10-11 10:30,1.532151
2022-10-11 10:35,1.526126
2022-10-11 10:40,1.519812
2022-10-11 10:45,1.513786
2022-10-11 10:50,1.508334
2022-10-11 10:55,1.503169
2022-10-11 11:00,1.497718
2022-10-11 11:05,1.491692
2022-10-11 11:10,1.485380
2022-10-11 11:15,1.479642
2022-10-11 11:20,1.475625
2022-10-11 11:25,1.471609
2022-10-11 11:30,1.469600
2022-10-11 11:35,1.466731
2022-10-11 11:40,1.464722
2022-10-11 11:45,1.465870
2022-10-11 11:50,1.467018
2022-10-11 11:55,1.468453
2022-10-11 12:00,1.467880
2022-10-11 12:05,1.468740
2022-10-11 12:10,1.471035
2022-10-11 12:15,1.473617
2022-10-11 12:20,1.475338
2022-10-11 12:25,1.474190
2022-10-11 12:30,1.472755
2022-10-11 12:35,1.469886
2022-10-11 12:40,1.467877
2022-10-11 12:45,1.464721
2022-10-11 12:50,1.458982
2022-10-11 12:55,1.453244
2022-10-11 13:00,1.446932
2022-10-11 13:05,1.442628
2022-10-11 13:10,1.438038
2022-10-11 13:15,1.432299
2022-10-11 13:20,1.425700
2022-10-11 13:25,1.419674
2022-10-11 13:30,1.415370
2022-10-11 13:35,1.411353
2022-10-11 13:40,1.407623
2022-10-11 13:45,1.403894
2022-10-11 13:50,1.400451
2022-10-11 13:55,1.397008
2022-10-11 14:00,1.393565
2022-10-11 14:05,1.390408
2022-10-11 14:10,1.387252
2022-10-11 14:15,1.384670
2022-10-11 14:20,1.382088
2022-10-11 14:25,1.380367
2022-10-11 14:30,1.378358
2022-10-11 14:35,1.376350
2022-10-11 14:40,1.374341
2022-10-11 14:45,1.371472
2022-10-11 14:50,1.368315
2022-10-11 14:55,1.365159
2022-10-11 15:00,1.362577
2022-10-11 15:05,1.359707
2022-10-11 15:10,1.357412
2022-10-11 15:15,1.355116
2022-10-11 15:20,1.352534
2022-10-11 15:25,1.349664
2022-10-11 15:30,1.346507
2022-10-11 15:35,1.343925
2022-10-11 15:40,1.341630
2022-10-11 15:45,1.339335
2022-10-11 15:50,1.338187
2022-10-11 15:55,1.337327
2022-10-11 16:00,1.336466
2022-10-11 16:05,1.336179
2022-10-11 16:10,1.336466
2022-10-11 16:15,1.336753
2022-10-11 16:20,1.337040
2022-10-11 16:25,1.337614
2022-10-11 16:30,1.339049
2022-10-11 16:35,1.341058
2022-10-11 16:40,1.343068
2022-10-11 16:45,1.345077
2022-10-11 16:50,1.347086
2022-10-11 16:55,1.349095
2022-10-11 17:00,1.351104
2022-10-11 17:05,1.353113
2022-10-11 17:10,1.354548
2022-10-11 17:15,1.356270
2022-10-11 17:20,1.357705
2022-10-11 17:25,1.359713
2022-10-11 17:30,1.361435
2022-10-11 17:35,1.363443
2022-10-11 17:40,1.371477
2022-10-11 17:45,1.380945
2022-10-11 17:50,1.390700
2022-10-11 17:55,1.401029
2022-10-11 18:00,1.412220
2022-10-11 18:05,1.423697
2022-10-11 18:10,1.435461
2022-10-11 18:15,1.447512
2022-10-11 18:20,1.459276
2022-10-11 18:25,1.471040
2022-10-11 18:30,1.482231
2022-10-11 18:35,1.493708
2022-10-11 18:40,1.504611
2022-10-11 18:45,1.509203
2022-10-11 18:50,1.512646
2022-10-11 18:55,1.515802
2022-10-11 19:00,1.518384
2022-10-11 19:05,1.520105
2022-10-11 19:10,1.521539
2022-10-11 19:15,1.522687
2022-10-11 19:20,1.523547
2022-10-11 19:25,1.524121
2022-10-11 19:30,1.524695
2022-10-11 19:35,1.525555
2022-10-11 19:40,1.526703
2022-10-11 19:45,1.527850
2022-10-11 19:50,1.528997
2022-10-11 19:55,1.529858
2022-10-11 20:00,1.530719
2022-10-11 20:05,1.531005
2022-10-11 20:10,1.530719
2022-10-11 20:15,1.530432
2022-10-11 20:20,1.530145
2022-10-11 20:25,1.529284
2022-10-11 20:30,1.527850
2022-10-11 20:35,1.526129
2022-10-11 20:40,1.523833
2022-10-11 20:45,1.520390
2022-10-11 20:50,1.516947
2022-10-11 20:55,1.513504
2022-10-11 21:00,1.510061
2022-10-11 21:05,1.506618
2022-10-11 21:10,1.503749
2022-10-11 21:15,1.503175
2022-10-11 21:20,1.503175
2022-10-11 21:25,1.503462
2022-10-11 21:30,1.504323
2022-10-11 21:35,1.505757
2022-10-11 21:40,1.507478
2022-10-11 21:45,1.509487
2022-10-11 21:50,1.512069
2022-10-11 21:55,1.514652
2022-10-11 22:00,1.516947
2022-10-11 22:05,1.518956
2022-10-11 22:10,1.518956
2022-10-11 22:15,1.518956
2022-10-11 22:20,1.516947
2022-10-11 22:25,1.513504
2022-10-11 22:30,1.508626
2022-10-11 22:35,1.503175
2022-10-11 22:40,1.497723
2022-10-11 22:45,1.492271
2022-10-11 22:50,1.486819
2022-10-11 22:55,1.481367
2022-10-11 23:00,1.475629
2022-10-11 23:05,1.470464
2022-10-11 23:10,1.465586
2022-10-11 23:15,1.462717
2022-10-11 23:20,1.459847
2022-10-11 23:25,1.457265
2022-10-11 23:30,1.455256
2022-10-11 23:35,1.454395
2022-10-11 23:40,1.454395
2022-10-11 23:45,1.454682
2022-10-11 23:50,1.454969
2022-10-11 23:55,1.455256
2022-10-12 00:00,1.455543
2022-10-12 00:05,1.456117
2022-10-12 00:10,1.456403
2022-10-12 00:15,1.456690
2022-10-12 00:20,1.456977
2022-10-12 00:25,1.457264
2022-10-12 00:30,1.458124
2022-10-12 00:35,1.459272
2022-10-12 00:40,1.461281
2022-10-12 00:45,1.463289
2022-10-12 00:50,1.465011
2022-10-12 00:55,1.467307
2022-10-12 01:00,1.469603
2022-10-12 01:05,1.471898
2022-10-12 01:10,1.474194
2022-10-12 01:15,1.476489
2022-10-12 01:20,1.478785
2022-10-12 01:25,1.481081
2022-10-12 01:30,1.482803
2022-10-12 01:35,1.483951
2022-10-12 01:40,1.485099
2022-10-12 01:45,1.485960
2022-10-12 01:50,1.485673
2022-10-12 01:55,1.486246
2022-10-12 02:00,1.486246
2022-10-12 02:05,1.485386
2022-10-12 02:10,1.486246
2022-10-12 02:15,1.487681
2022-10-12 02:20,1.489117
2022-10-12 02:25,1.491986
2022-10-12 02:30,1.494855
2022-10-12 02:35,1.498298
2022-10-12 02:40,1.501741
2022-10-12 02:45,1.505758
2022-10-12 02:50,1.508627
2022-10-12 02:55,1.513218
2022-10-12 03:00,1.516947
2022-10-12 03:05,1.519817
2022-10-12 03:10,1.524407
2022-10-12 03:15,1.526416
2022-10-12 03:20,1.526703
2022-10-12 03:25,1.524981
2022-10-12 03:30,1.521825
2022-10-12 03:35,1.520677
2022-10-12 03:40,1.519530
2022-10-12 03:45,1.518382
2022-10-12 03:50,1.516661
2022-10-12 03:55,1.515514
2022-10-12 04:00,1.513506
2022-10-12 04:05,1.511498
2022-10-12 04:10,1.510351
2022-10-12 04:15,1.505474
2022-10-12 04:20,1.501457
2022-10-12 04:25,1.498013
2022-10-12 04:30,1.496291
2022-10-12 04:35,1.494569
2022-10-12 04:40,1.490838
2022-10-12 04:45,1.487108
2022-10-12 04:50,1.483090
2022-10-12 04:55,1.479073
2022-10-12 05:00,1.475055
2022-10-12 05:05,1.471038
2022-10-12 05:10,1.467307
2022-10-12 05:15,1.463576
2022-10-12 05:20,1.462715
2022-10-12 05:25,1.462715
2022-10-12 05:30,1.463289
2022-10-12 05:35,1.464438
2022-10-12 05:40,1.465299
2022-10-12 05:45,1.466160
2022-10-12 05:50,1.465300
2022-10-12 05:55,1.464726
2022-10-12 06:00,1.464152
2022-10-12 06:05,1.463579
2022-10-12 06:10,1.462431
2022-10-12 06:15,1.460997
2022-10-12 06:20,1.460137
2022-10-12 06:25,1.459276
2022-10-12 06:30,1.457554
2022-10-12 06:35,1.457554
2022-10-12 06:40,1.457267
2022-10-12 06:45,1.458702
2022-10-12 06:50,1.460423
2022-10-12 06:55,1.463866
2022-10-12 07:00,1.467309
2022-10-12 07:05,1.471038
2022-10-12 07:10,1.474768
2022-10-12 07:15,1.479360
2022-10-12 07:20,1.485098
2022-10-12 07:25,1.489116
2022-10-12 07:30,1.493133
2022-10-12 07:35,1.497151
2022-10-12 07:40,1.500594
2022-10-12 07:45,1.504037
2022-10-12 07:50,1.506332
2022-10-12 07:55,1.508341
2022-10-12 08:00,1.510350
2022-10-12 08:05,1.512359
2022-10-12 08:10,1.512646
2022-10-12 08:15,1.512934
2022-10-12 08:20,1.512360
2022-10-12 08:25,1.510064
2022-10-12 08:30,1.508629
2022-10-12 08:35,1.506333
2022-10-12 08:40,1.503463
2022-10-12 08:45,1.498298
2022-10-12 08:50,1.492846
2022-10-12 08:55,1.486247
2022-10-12 09:00,1.479074
2022-10-12 09:05,1.471040
2022-10-12 09:10,1.462145
2022-10-12 09:15,1.454685
2022-10-12 09:20,1.445790
2022-10-12 09:25,1.437182
2022-10-12 09:30,1.428574
2022-10-12 09:35,1.419966
2022-10-12 09:40,1.411645
2022-10-12 09:45,1.400169
2022-10-12 09:50,1.389840
2022-10-12 09:55,1.379224
2022-10-12 10:00,1.368607
2022-10-12 10:05,1.358277
2022-10-12 10:10,1.347948
2022-10-12 10:15,1.338480
2022-10-12 10:20,1.327576
2022-10-12 10:25,1.316960
2022-10-12 10:30,1.304909
2022-10-12 10:35,1.292284
2022-10-12 10:40,1.279946
2022-10-12 10:45,1.268182
2022-10-12 10:50,1.260148
2022-10-12 10:55,1.251253
2022-10-12 11:00,1.241210
2022-10-12 11:05,1.231742
2022-10-12 11:10,1.222560
2022-10-12 11:15,1.214239
2022-10-12 11:20,1.205918
2022-10-12 11:25,1.199032
2022-10-12 11:30,1.193294
2022-10-12 11:35,1.188990
2022-10-12 11:40,1.186121
2022-10-12 11:45,1.183251
2022-10-12 11:50,1.180382
2022-10-12 11:55,1.177513
2022-10-12 12:00,1.175504
2022-10-12 12:05,1.175791
2022-10-12 12:10,1.176365
2022-10-12 12:15,1.176938
2022-10-12 12:20,1.177512
2022-10-12 12:25,1.178086
2022-10-12 12:30,1.178659
2022-10-12 12:35,1.179233
2022-10-12 12:40,1.180667
2022-10-12 12:45,1.181815
2022-10-12 12:50,1.183536
2022-10-12 12:55,1.185257
2022-10-12 13:00,1.186978
2022-10-12 13:05,1.188699
2022-10-12 13:10,1.189846
2022-10-12 13:15,1.190994
2022-10-12 13:20,1.192429
2022-10-12 13:25,1.194724
2022-10-12 13:30,1.197881
2022-10-12 13:35,1.201610
2022-10-12 13:40,1.205628
2022-10-12 13:45,1.210506
2022-10-12 13:50,1.216531
2022-10-12 13:55,1.221983
2022-10-12 14:00,1.227435
2022-10-12 14:05,1.232887
2022-10-12 14:10,1.239200
2022-10-12 14:15,1.245513
2022-10-12 14:20,1.251826
2022-10-12 14:25,1.257565
2022-10-12 14:30,1.261868
2022-10-12 14:40,1.265311
2022-10-12 14:45,1.268181
2022-10-12 14:50,1.270189
2022-10-12 14:55,1.270762
2022-10-12 15:00,1.270189
2022-10-12 15:05,1.267607
2022-10-12 15:10,1.265025
2022-10-12 15:15,1.262156
2022-10-12 15:20,1.258425
2022-10-12 15:25,1.254695
2022-10-12 15:30,1.250964
2022-10-12 15:35,1.248095
2022-10-12 15:40,1.245800
2022-10-12 15:45,1.243505
2022-10-12 15:50,1.241210
2022-10-12 15:55,1.239489
2022-10-12 16:00,1.237768
2022-10-12 16:05,1.236047
2022-10-12 16:10,1.236621
2022-10-12 16:15,1.237195
2022-10-12 16:20,1.238056
2022-10-12 16:25,1.240065
2022-10-12 16:30,1.242934
2022-10-12 16:35,1.245803
2022-10-12 16:40,1.248098
2022-10-12 16:45,1.250393
2022-10-12 16:50,1.252114
2022-10-12 16:55,1.253835
2022-10-12 17:00,1.255556
2022-10-12 17:05,1.257851
2022-10-12 17:10,1.260146
2022-10-12 17:15,1.262154
2022-10-12 17:20,1.264161
2022-10-12 17:25,1.266169
2022-10-12 17:30,1.266456
2022-10-12 17:35,1.265883
2022-10-12 17:40,1.265309
2022-10-12 17:45,1.264735
2022-10-12 17:50,1.265022
2022-10-12 17:55,1.266457
2022-10-12 18:00,1.268466
2022-10-12 18:05,1.270761
2022-10-12 18:10,1.272197
2022-10-12 18:15,1.273632
2022-10-12 18:20,1.275354
2022-10-12 18:25,1.277075
2022-10-12 18:30,1.278797
2022-10-12 18:35,1.281954
2022-10-12 18:40,1.285397
2022-10-12 18:45,1.290275
2022-10-12 18:50,1.296874
2022-10-12 18:55,1.304334
2022-10-12 19:00,1.312655
2022-10-12 19:05,1.320403
2022-10-12 19:10,1.327863
2022-10-12 19:15,1.335611
2022-10-12 19:20,1.343358
2022-10-12 19:25,1.350819
2022-10-12 19:30,1.357991
2022-10-12 19:35,1.365164
2022-10-12 19:40,1.371477
2022-10-12 19:45,1.377502
2022-10-12 19:50,1.382666
2022-10-12 19:55,1.385535
2022-10-12 20:00,1.386683
2022-10-12 20:05,1.386395
2022-10-12 20:10,1.385247
2022-10-12 20:15,1.383812
2022-10-12 20:20,1.382377
2022-10-12 20:25,1.380942
2022-10-12 20:30,1.379507
2022-10-12 20:35,1.378646
2022-10-12 20:40,1.377786
2022-10-12 20:45,1.376638
2022-10-12 20:50,1.375491
2022-10-12 20:55,1.373770
2022-10-12 21:00,1.372622
2022-10-12 21:05,1.371475
2022-10-12 21:10,1.370328
2022-10-12 21:15,1.369467
2022-10-12 21:20,1.369467
2022-10-12 21:25,1.369754
2022-10-12 21:30,1.370041
2022-10-12 21:35,1.370614
2022-10-12 21:40,1.370901
2022-10-12 21:45,1.371762
2022-10-12 21:50,1.373771
2022-10-12 21:55,1.375779
2022-10-12 22:00,1.377788
2022-10-12 22:05,1.379797
2022-10-12 22:10,1.381806
2022-10-12 22:15,1.383814
2022-10-12 22:20,1.386397
2022-10-12 22:25,1.388406
2022-10-12 22:30,1.390128
2022-10-12 22:35,1.391562
2022-10-12 22:40,1.392709
2022-10-12 22:45,1.393857
2022-10-12 22:50,1.394430
2022-10-12 22:55,1.393569
2022-10-12 23:00,1.392707
2022-10-12 23:05,1.391559
2022-10-12 23:10,1.390124
2022-10-12 23:15,1.388115
2022-10-12 23:20,1.386107
2022-10-12 23:25,1.383811
2022-10-12 23:30,1.381515
2022-10-12 23:35,1.379220
2022-10-12 23:40,1.376638
2022-10-12 23:45,1.374057
2022-10-12 23:50,1.371475
2022-10-12 23:55,1.368606
2022-10-13 00:00,1.366312
2022-10-13 00:05,1.364017
2022-10-13 00:10,1.362009
2022-10-13 00:15,1.360288
2022-10-13 00:20,1.359141
2022-10-13 00:25,1.358280
2022-10-13 00:30,1.357706
2022-10-13 00:35,1.357133
2022-10-13 00:40,1.356272
2022-10-13 00:45,1.355985
2022-10-13 00:50,1.355698
2022-10-13 00:55,1.357133
2022-10-13 01:00,1.358854
2022-10-13 01:05,1.360862
2022-10-13 01:10,1.362870
2022-10-13 01:15,1.367747
2022-10-13 01:20,1.372337
2022-10-13 01:25,1.376928
2022-10-13 01:30,1.378649
2022-10-13 01:35,1.382952
2022-10-13 01:40,1.388404
2022-10-13 01:45,1.394143
2022-10-13 01:50,1.400168
2022-10-13 01:55,1.406193
2022-10-13 02:00,1.410498
2022-10-13 02:05,1.414515
2022-10-13 02:10,1.418246
2022-10-13 02:15,1.421977
2022-10-13 02:20,1.422838
2022-10-13 02:25,1.423986
2022-10-13 02:30,1.425135
2022-10-13 02:35,1.429152
2022-10-13 02:40,1.430587
2022-10-13 02:45,1.431161
2022-10-13 02:50,1.432882
2022-10-13 02:55,1.434316
2022-10-13 03:00,1.435750
2022-10-13 03:05,1.437185
2022-10-13 03:10,1.438906
2022-10-13 03:15,1.441201
2022-10-13 03:20,1.442922
2022-10-13 03:25,1.444643
2022-10-13 03:30,1.445216
2022-10-13 03:35,1.445790
2022-10-13 03:40,1.446077
2022-10-13 03:45,1.444642
2022-10-13 03:50,1.442920
2022-10-13 03:55,1.438903
2022-10-13 04:00,1.434887
2022-10-13 04:05,1.430295
2022-10-13 04:10,1.425704
2022-10-13 04:15,1.421113
2022-10-13 04:20,1.415948
2022-10-13 04:25,1.411357
2022-10-13 04:30,1.406479
2022-10-13 04:35,1.403036
2022-10-13 04:40,1.399592
2022-10-13 04:45,1.395001
2022-10-13 04:50,1.392131
2022-10-13 04:55,1.389262
2022-10-13 05:00,1.387540
2022-10-13 05:05,1.385531
2022-10-13 05:10,1.384384
2022-10-13 05:15,1.383236
2022-10-13 05:20,1.382089
2022-10-13 05:25,1.380942
2022-10-13 05:30,1.379794
2022-10-13 05:35,1.377786
2022-10-13 05:40,1.375491
2022-10-13 05:45,1.373483
2022-10-13 05:50,1.374344
2022-10-13 05:55,1.373484
2022-10-13 06:00,1.372336
2022-10-13 06:05,1.371189
2022-10-13 06:10,1.370328
2022-10-13 06:15,1.369181
2022-10-13 06:20,1.368034
2022-10-13 06:25,1.366599
2022-10-13 06:30,1.365165
2022-10-13 06:35,1.363444
2022-10-13 06:40,1.362296
2022-10-13 06:45,1.360574
2022-10-13 06:50,1.358278
2022-10-13 06:55,1.353974
2022-10-13 07:00,1.351391
2022-10-13 07:05,1.348809
2022-10-13 07:10,1.346227
2022-10-13 07:15,1.341635
2022-10-13 07:20,1.336184
2022-10-13 07:25,1.330732
2022-10-13 07:30,1.325280
2022-10-13 07:35,1.318968
2022-10-13 07:40,1.312942
2022-10-13 07:45,1.307491
2022-10-13 07:50,1.302614
2022-10-13 07:55,1.298024
2022-10-13 08:00,1.293720
2022-10-13 08:05,1.289417
2022-10-13 08:10,1.285400
2022-10-13 08:15,1.281096
2022-10-13 08:20,1.277653
2022-10-13 08:25,1.275070
2022-10-13 08:30,1.271627
2022-10-13 08:35,1.267897
2022-10-13 08:40,1.264453
2022-10-13 08:45,1.261010
2022-10-13 08:50,1.257566
2022-10-13 08:55,1.252974
2022-10-13 09:00,1.244080
2022-10-13 09:05,1.235185
2022-10-13 09:10,1.226290
2022-10-13 09:15,1.217395
2022-10-13 09:20,1.208788
2022-10-13 09:25,1.201329
2022-10-13 09:30,1.193869
2022-10-13 09:35,1.187270
2022-10-13 09:40,1.181244
2022-10-13 09:45,1.176080
2022-10-13 09:50,1.170916
2022-10-13 09:55,1.165752
2022-10-13 10:00,1.162309
2022-10-13 10:05,1.163170
2022-10-13 10:10,1.164030
2022-10-13 10:15,1.164891
2022-10-13 10:20,1.165751
2022-10-13 10:25,1.166038
2022-10-13 10:30,1.166038
2022-10-13 10:35,1.164890
2022-10-13 10:40,1.162020
2022-10-13 10:45,1.159150
2022-10-13 10:50,1.155132
2022-10-13 10:55,1.151114
2022-10-13 11:00,1.146523
2022-10-13 11:05,1.141358
2022-10-13 11:10,1.135907
2022-10-13 11:15,1.129020
2022-10-13 11:20,1.122133
2022-10-13 11:25,1.114099
2022-10-13 11:30,1.106638
2022-10-13 11:35,1.098604
2022-10-13 11:40,1.091718
2022-10-13 11:45,1.086554
2022-10-13 11:50,1.081390
2022-10-13 11:55,1.077086
2022-10-13 12:00,1.073930
2022-10-13 12:05,1.075077
2022-10-13 12:10,1.076225
2022-10-13 12:15,1.077659
2022-10-13 12:20,1.080815
2022-10-13 12:25,1.083971
2022-10-13 12:30,1.088275
2022-10-13 12:35,1.092578
2022-10-13 12:40,1.097742
2022-10-13 12:45,1.102620
2022-10-13 12:50,1.108358
2022-10-13 12:55,1.111228
2022-10-13 13:00,1.114097
2022-10-13 13:05,1.115819
2022-10-13 13:10,1.113811
2022-10-13 13:15,1.111803
2022-10-13 13:20,1.112664
2022-10-13 13:25,1.113526
2022-10-13 13:30,1.118117
2022-10-13 13:35,1.122708
2022-10-13 13:40,1.127299
2022-10-13 13:45,1.131891
2022-10-13 13:50,1.136769
2022-10-13 13:55,1.140785
2022-10-13 14:00,1.147671
2022-10-13 14:05,1.154557
2022-10-13 14:10,1.161443
2022-10-13 14:15,1.167756
2022-10-13 14:20,1.173208
2022-10-13 14:25,1.174355
2022-10-13 14:30,1.175215
2022-10-13 14:35,1.172346
2022-10-13 14:40,1.169477
2022-10-13 14:45,1.166608
2022-10-13 14:50,1.165460
2022-10-13 14:55,1.164313
2022-10-13 15:00,1.163165
2022-10-13 15:05,1.162018
2022-10-13 15:10,1.160871
2022-10-13 15:15,1.159723
2022-10-13 15:20,1.159436
2022-10-13 15:25,1.160010
2022-10-13 15:30,1.162306
2022-10-13 15:35,1.165175
2022-10-13 15:40,1.168618
2022-10-13 15:45,1.172061
2022-10-13 15:50,1.176078
2022-10-13 15:55,1.178372
2022-10-13 16:00,1.180667
2022-10-13 16:05,1.182962
2022-10-13 16:10,1.186979
2022-10-13 16:15,1.193291
2022-10-13 16:20,1.199603
2022-10-13 16:25,1.205629
2022-10-13 16:30,1.211654
2022-10-13 16:35,1.217967
2022-10-13 16:40,1.224279
2022-10-13 16:45,1.230017
2022-10-13 16:50,1.236617
2022-10-13 16:55,1.242931
2022-10-13 17:00,1.249531
2022-10-13 17:05,1.256704
2022-10-13 17:10,1.263878
2022-10-13 17:15,1.269617
2022-10-13 17:20,1.273346
2022-10-13 17:25,1.277363
2022-10-13 17:30,1.281954
2022-10-13 17:35,1.286546
2022-10-13 17:40,1.291997
2022-10-13 17:45,1.297162
2022-10-13 17:50,1.303475
2022-10-13 17:55,1.308926
2022-10-13 18:00,1.314090
2022-10-13 18:05,1.320115
2022-10-13 18:10,1.325854
2022-10-13 18:15,1.331592
2022-10-13 18:20,1.337331
2022-10-13 18:25,1.343070
2022-10-13 18:30,1.348521
2022-10-13 18:35,1.354259
2022-10-13 18:40,1.359136
2022-10-13 18:45,1.362579
2022-10-13 18:50,1.365735
2022-10-13 18:55,1.367744
2022-10-13 19:00,1.369466
2022-10-13 19:05,1.370614
2022-10-13 19:10,1.368606
2022-10-13 19:15,1.366023
2022-10-13 19:20,1.363441
2022-10-13 19:25,1.360285
2022-10-13 19:30,1.355120
2022-10-13 19:35,1.349955
2022-10-13 19:40,1.343929
2022-10-13 19:45,1.338477
2022-10-13 19:50,1.333026
2022-10-13 19:55,1.327861
2022-10-13 20:00,1.322409
2022-10-13 20:05,1.317531
2022-10-13 20:10,1.313227
2022-10-13 20:15,1.310070
2022-10-13 20:20,1.310070
2022-10-13 20:25,1.310070
2022-10-13 20:30,1.310357
2022-10-13 20:35,1.312653
2022-10-13 20:40,1.314662
2022-10-13 20:45,1.316670
2022-10-13 20:50,1.318966
2022-10-13 20:55,1.321262
2022-10-13 21:00,1.322697
2022-10-13 21:05,1.324705
2022-10-13 21:10,1.326427
2022-10-13 21:15,1.328149
2022-10-13 21:20,1.330732
2022-10-13 21:25,1.330158
2022-10-13 21:30,1.329584
2022-10-13 21:35,1.328150
2022-10-13 21:40,1.326429
2022-10-13 21:45,1.324995
2022-10-13 21:50,1.323561
2022-10-13 21:55,1.322987
2022-10-13 22:00,1.322413
2022-10-13 22:05,1.322126
2022-10-13 22:10,1.321553
2022-10-13 22:15,1.320979
2022-10-13 22:20,1.320979
2022-10-13 22:25,1.321266
2022-10-13 22:30,1.321840
2022-10-13 22:35,1.322413
2022-10-13 22:40,1.323847
2022-10-13 22:45,1.326142
2022-10-13 22:50,1.328437
2022-10-13 22:55,1.331019
2022-10-13 23:00,1.332453
2022-10-13 23:05,1.333887
2022-10-13 23:10,1.335608
2022-10-13 23:15,1.337329
2022-10-13 23:20,1.337903
2022-10-13 23:25,1.337903
2022-10-13 23:30,1.337329
2022-10-13 23:35,1.336756
2022-10-13 23:40,1.334460
2022-10-13 23:45,1.332164
2022-10-13 23:50,1.329008
2022-10-13 23:55,1.325852
2022-10-14 00:00,1.322409
2022-10-14 00:05,1.319253
2022-10-14 00:10,1.316097
2022-10-14 00:15,1.312941
2022-10-14 00:20,1.309784
2022-10-14 00:25,1.307776
2022-10-14 00:30,1.305767
2022-10-14 00:35,1.304045
2022-10-14 00:40,1.302898
2022-10-14 00:45,1.303759
2022-10-14 00:50,1.304333
2022-10-14 00:55,1.304333
2022-10-14 01:00,1.303473
2022-10-14 01:05,1.302612
2022-10-14 01:10,1.301752
2022-10-14 01:15,1.300891
2022-10-14 01:20,1.300031
2022-10-14 01:25,1.299170
2022-10-14 01:30,1.297449
2022-10-14 01:35,1.295728
2022-10-14 01:40,1.294581
2022-10-14 01:45,1.292285
2022-10-14 01:50,1.289416
2022-10-14 01:55,1.287120
2022-10-14 02:00,1.285399
2022-10-14 02:05,1.284825
2022-10-14 02:10,1.284252
2022-10-14 02:15,1.283678
2022-10-14 02:20,1.282817
2022-10-14 02:25,1.281957
2022-10-14 02:30,1.280810
2022-10-14 02:35,1.280523
2022-10-14 02:40,1.279661
2022-10-14 02:45,1.278226
2022-10-14 02:50,1.277078
2022-10-14 02:55,1.276217
2022-10-14 03:00,1.275068
2022-10-14 03:05,1.273920
2022-10-14 03:10,1.272485
2022-10-14 03:15,1.271050
2022-10-14 03:20,1.269615
2022-10-14 03:25,1.268467
2022-10-14 03:30,1.267318
2022-10-14 03:35,1.266457
2022-10-14 03:40,1.265596
2022-10-14 03:45,1.265309
2022-10-14 03:50,1.265022
2022-10-14 03:55,1.266744
2022-10-14 04:00,1.269040
2022-10-14 04:05,1.270761
2022-10-14 04:10,1.272483
2022-10-14 04:15,1.274205
2022-10-14 04:20,1.275067
2022-10-14 04:25,1.275928
2022-10-14 04:30,1.276789
2022-10-14 04:35,1.277938
2022-10-14 04:40,1.279373
2022-10-14 04:45,1.280521
2022-10-14 04:50,1.281956
2022-10-14 04:55,1.283104
2022-10-14 05:00,1.282531
2022-10-14 05:05,1.281096
2022-10-14 05:10,1.280523
2022-10-14 05:15,1.279949
2022-10-14 05:20,1.279375
2022-10-14 05:25,1.279949
2022-10-14 05:30,1.280523
2022-10-14 05:35,1.281096
2022-10-14 05:40,1.281670
2022-10-14 05:45,1.281957
2022-10-14 05:50,1.282531
2022-10-14 05:55,1.282817
2022-10-14 06:00,1.283391
2022-10-14 06:05,1.283965
2022-10-14 06:10,1.285399
2022-10-14 06:15,1.286546
2022-10-14 06:20,1.286546
2022-10-14 06:25,1.286260
2022-10-14 06:30,1.285686
2022-10-14 06:35,1.285112
2022-10-14 06:40,1.284539
2022-10-14 06:45,1.283678
2022-10-14 06:50,1.282817
2022-10-14 06:55,1.284539
2022-10-14 07:00,1.287696
2022-10-14 07:05,1.293721
2022-10-14 07:10,1.299746
2022-10-14 07:15,1.304911
2022-10-14 07:20,1.310076
2022-10-14 07:25,1.316389
2022-10-14 07:30,1.322988
2022-10-14 07:35,1.329587
2022-10-14 07:40,1.336186
2022-10-14 07:45,1.341637
2022-10-14 07:50,1.347088
2022-10-14 07:55,1.352539
2022-10-14 08:00,1.355407
2022-10-14 08:05,1.356842
2022-10-14 08:10,1.355406
2022-10-14 08:15,1.353971
2022-10-14 08:20,1.353685
2022-10-14 08:25,1.353398
2022-10-14 08:30,1.353111
2022-10-14 08:35,1.352824
2022-10-14 08:40,1.352537
2022-10-14 08:45,1.352250
2022-10-14 08:50,1.353112
2022-10-14 08:55,1.353973
2022-10-14 09:00,1.353973
2022-10-14 09:05,1.352539
2022-10-14 09:10,1.350818
2022-10-14 09:15,1.348523
2022-10-14 09:20,1.344793
2022-10-14 09:25,1.339341
2022-10-14 09:30,1.333029
2022-10-14 09:35,1.326717
2022-10-14 09:40,1.320117
2022-10-14 09:45,1.313230
2022-10-14 09:50,1.306343
2022-10-14 09:55,1.299456
2022-10-14 10:00,1.292569
2022-10-14 10:05,1.286544
2022-10-14 10:10,1.281953
2022-10-14 10:15,1.277935
2022-10-14 10:20,1.274204
2022-10-14 10:25,1.272196
2022-10-14 10:30,1.271047
2022-10-14 10:35,1.270760
2022-10-14 10:40,1.269612
2022-10-14 10:45,1.268751
2022-10-14 10:50,1.268177
2022-10-14 10:55,1.266169
2022-10-14 11:00,1.262153
2022-10-14 11:05,1.258136
2022-10-14 11:10,1.254119
2022-10-14 11:15,1.250103
2022-10-14 11:20,1.245799
2022-10-14 11:25,1.242069
2022-10-14 11:30,1.237766
2022-10-14 11:35,1.233462
2022-10-14 11:40,1.229159
2022-10-14 11:45,1.226002
2022-10-14 11:50,1.222846
2022-10-14 11:55,1.219690
2022-10-14 12:00,1.218542
2022-10-14 12:05,1.219402
2022-10-14 12:10,1.219689
2022-10-14 12:15,1.219976
2022-10-14 12:20,1.219402
2022-10-14 12:25,1.218829
2022-10-14 12:30,1.217968
2022-10-14 12:35,1.217108
2022-10-14 12:40,1.215673
2022-10-14 12:45,1.214812
2022-10-14 12:50,1.213090
2022-10-14 12:55,1.211081
2022-10-14 13:00,1.209073
2022-10-14 13:05,1.205916
2022-10-14 13:10,1.202760
2022-10-14 13:15,1.198744
2022-10-14 13:20,1.194440
2022-10-14 13:25,1.190710
2022-10-14 13:30,1.186119
2022-10-14 13:35,1.180094
2022-10-14 13:40,1.172920
2022-10-14 13:45,1.165747
2022-10-14 13:50,1.158000
2022-10-14 13:55,1.150827
2022-10-14 14:00,1.143941
2022-10-14 14:05,1.137342
2022-10-14 14:10,1.131316
2022-10-14 14:15,1.125004
2022-10-14 14:20,1.119552
2022-10-14 14:25,1.114387
2022-10-14 14:30,1.109509
2022-10-14 14:35,1.105492
2022-10-14 14:40,1.103484
2022-10-14 14:45,1.103197
2022-10-14 14:50,1.104344
2022-10-14 14:55,1.106066
2022-10-14 15:00,1.107213
2022-10-14 15:05,1.106640
2022-10-14 15:10,1.105779
2022-10-14 15:15,1.106640
2022-10-14 15:20,1.107787
2022-10-14 15:25,1.112952
2022-10-14 15:30,1.119551
2022-10-14 15:35,1.127011
2022-10-14 15:40,1.134471
2022-10-14 15:45,1.141357
2022-10-14 15:50,1.147956
2022-10-14 15:55,1.153694
2022-10-14 16:00,1.158285
2022-10-14 16:05,1.163450
2022-10-14 16:10,1.170336
2022-10-14 16:15,1.177222
2022-10-14 16:20,1.182387
2022-10-14 16:25,1.187552
2022-10-14 16:30,1.189273
2022-10-14 16:35,1.189559
2022-10-14 16:40,1.188986
2022-10-14 16:45,1.188412
2022-10-14 16:50,1.187552
2022-10-14 16:55,1.186691
2022-10-14 17:00,1.185830
2022-10-14 17:05,1.185830
2022-10-14 17:10,1.186691
2022-10-14 17:15,1.188126
2022-10-14 17:20,1.190135
2022-10-14 17:25,1.192430
2022-10-14 17:30,1.195300
2022-10-14 17:35,1.198743
2022-10-14 17:40,1.202186
2022-10-14 17:45,1.206203
2022-10-14 17:50,1.209934
2022-10-14 17:55,1.214238
2022-10-14 18:00,1.218256
2022-10-14 18:05,1.222273
2022-10-14 18:10,1.226291
2022-10-14 18:15,1.229448
2022-10-14 18:20,1.232030
2022-10-14 18:25,1.233752
2022-10-14 18:30,1.235187
2022-10-14 18:35,1.236049
2022-10-14 18:40,1.236623
2022-10-14 18:45,1.237772
2022-10-14 18:50,1.237772
2022-10-14 18:55,1.238632
2022-10-14 19:00,1.241214
2022-10-14 19:05,1.244082
2022-10-14 19:10,1.246951
2022-10-14 19:15,1.247238
2022-10-14 19:20,1.247524
2022-10-14 19:25,1.249245
2022-10-14 19:30,1.252114
2022-10-14 19:35,1.256131
2022-10-14 19:40,1.260434
2022-10-14 19:45,1.264451
2022-10-14 19:50,1.267894
2022-10-14 19:55,1.271911
2022-10-14 20:00,1.275354
2022-10-14 20:05,1.274780
2022-10-14 20:10,1.276215
2022-10-14 20:15,1.277650
2022-10-14 20:20,1.282527
2022-10-14 20:25,1.287692
2022-10-14 20:30,1.291135
2022-10-14 20:35,1.292570
2022-10-14 20:40,1.292857
2022-10-14 20:45,1.292857
2022-10-14 20:50,1.292857
2022-10-14 20:55,1.294292
2022-10-14 21:00,1.295727
2022-10-14 21:05,1.297162
2022-10-14 21:10,1.300606
2022-10-14 21:15,1.302041
2022-10-14 21:20,1.303476
2022-10-14 21:25,1.302616
2022-10-14 21:30,1.301468
2022-10-14 21:35,1.300607
2022-10-14 21:40,1.301468
2022-10-14 21:45,1.301754
2022-10-14 21:50,1.302041
2022-10-14 21:55,1.301754
2022-10-14 22:00,1.298884
2022-10-14 22:05,1.295727
2022-10-14 22:10,1.292283
2022-10-14 22:15,1.288266
2022-10-14 22:20,1.284822
2022-10-14 22:25,1.280804
2022-10-14 22:30,1.278509
2022-10-14 22:35,1.276213
2022-10-14 22:40,1.273918
2022-10-14 22:45,1.271048
2022-10-14 22:50,1.268753
2022-10-14 22:55,1.266457
2022-10-14 23:00,1.264735
2022-10-14 23:05,1.261005
2022-10-14 23:10,1.258424
2022-10-14 23:15,1.258711
2022-10-14 23:20,1.259571
2022-10-14 23:25,1.257850
2022-10-14 23:30,1.257850
2022-10-14 23:35,1.256129
2022-10-14 23:40,1.254121
2022-10-14 23:45,1.251826
2022-10-14 23:50,1.249531
2022-10-14 23:55,1.247237
2022-10-15 00:00,1.244942
2022-10-15 00:05,1.242647
2022-10-15 00:10,1.243509
2022-10-15 00:15,1.243795
2022-10-15 00:20,1.241501
2022-10-15 00:25,1.239206
2022-10-15 00:30,1.238919
2022-10-15 00:35,1.237485
2022-10-15 00:40,1.237198
2022-10-15 00:45,1.237485
2022-10-15 00:50,1.238919
2022-10-15 00:55,1.241787
2022-10-15 01:00,1.244656
2022-10-15 01:05,1.246951
2022-10-15 01:10,1.249245
2022-10-15 01:15,1.251540
2022-10-15 01:20,1.253548
2022-10-15 01:25,1.255556
2022-10-15 01:30,1.257564
2022-10-15 01:35,1.259572
2022-10-15 01:40,1.261580
2022-10-15 01:45,1.263588
2022-10-15 01:50,1.264735
2022-10-15 01:55,1.263301
2022-10-15 02:00,1.259858
2022-10-15 02:05,1.256415
2022-10-15 02:10,1.253546
2022-10-15 02:15,1.248955
2022-10-15 02:20,1.246086
2022-10-15 02:25,1.243217
2022-10-15 02:30,1.240347
2022-10-15 02:35,1.238913
2022-10-15 02:40,1.236044
2022-10-15 02:45,1.233749
2022-10-15 02:50,1.231454
2022-10-15 02:55,1.230594
2022-10-15 03:00,1.231741
2022-10-15 03:05,1.234037
2022-10-15 03:10,1.236332
2022-10-15 03:15,1.238628
2022-10-15 03:20,1.242645
2022-10-15 03:25,1.244367
2022-10-15 03:30,1.246088
2022-10-15 03:35,1.247524
2022-10-15 03:40,1.246663
2022-10-15 03:45,1.247238
2022-10-15 03:50,1.246950
2022-10-15 03:55,1.246088
2022-10-15 04:00,1.244080
2022-10-15 04:05,1.241497
2022-10-15 04:10,1.238341
2022-10-15 04:15,1.232889
2022-10-15 04:20,1.227438
2022-10-15 04:25,1.221986
2022-10-15 04:30,1.217108
2022-10-15 04:35,1.212230
2022-10-15 04:40,1.208212
2022-10-15 04:45,1.205055
2022-10-15 04:50,1.200751
2022-10-15 04:55,1.197881
2022-10-15 05:00,1.197021
2022-10-15 05:05,1.196160
2022-10-15 05:10,1.195873
2022-10-15 05:15,1.195587
2022-10-15 05:20,1.197595
2022-10-15 05:25,1.199604
2022-10-15 05:30,1.201613
2022-10-15 05:35,1.203622
2022-10-15 05:40,1.205630
2022-10-15 05:45,1.206779
2022-10-15 05:50,1.207927
2022-10-15 05:55,1.210509
2022-10-15 06:00,1.211944
2022-10-15 06:05,1.211944
2022-10-15 06:10,1.213666
2022-10-15 06:15,1.217969
2022-10-15 06:20,1.222273
2022-10-15 06:25,1.226576
2022-10-15 06:30,1.230019
2022-10-15 06:35,1.233462
2022-10-15 06:40,1.237479
2022-10-15 06:45,1.240922
2022-10-15 06:50,1.244652
2022-10-15 06:55,1.248382
2022-10-15 07:00,1.249816
2022-10-15 07:05,1.249529
2022-10-15 07:10,1.248955
2022-10-15 07:15,1.246947
2022-10-15 07:20,1.242070
2022-10-15 07:25,1.237193
2022-10-15 07:30,1.232316
2022-10-15 07:35,1.228299
2022-10-15 07:40,1.224282
2022-10-15 07:45,1.218257
2022-10-15 07:50,1.212231
2022-10-15 07:55,1.206206
2022-10-15 08:00,1.200180
2022-10-15 08:05,1.193868
2022-10-15 08:10,1.190138
2022-10-15 08:15,1.186695
2022-10-15 08:20,1.182678
2022-10-15 08:25,1.178660
2022-10-15 08:30,1.174643
2022-10-15 08:35,1.170051
2022-10-15 08:40,1.164600
2022-10-15 08:45,1.158861
2022-10-15 08:50,1.154557
2022-10-15 08:55,1.150828
2022-10-15 09:00,1.147385
2022-10-15 09:05,1.145089
2022-10-15 09:10,1.145089
2022-10-15 09:15,1.144228
2022-10-15 09:20,1.143366
2022-10-15 09:25,1.143941
2022-10-15 09:30,1.143654
2022-10-15 09:35,1.143367
2022-10-15 09:40,1.144515
2022-10-15 09:45,1.146811
2022-10-15 09:50,1.149393
2022-10-15 09:55,1.151976
2022-10-15 10:00,1.154558
2022-10-15 10:05,1.156854
2022-10-15 10:10,1.158002
2022-10-15 10:15,1.159150
2022-10-15 10:20,1.160299
2022-10-15 10:25,1.161447
2022-10-15 10:30,1.161159
2022-10-15 10:35,1.161733
2022-10-15 10:40,1.161733
2022-10-15 10:45,1.160585
2022-10-15 10:50,1.157141
2022-10-15 10:55,1.151689
2022-10-15 11:00,1.145950
2022-10-15 11:05,1.140212
2022-10-15 11:10,1.129021
2022-10-15 11:15,1.117831
2022-10-15 11:20,1.106641
2022-10-15 11:25,1.095450
2022-10-15 11:30,1.084260
2022-10-15 11:35,1.072209
2022-10-15 11:40,1.061593
2022-10-15 11:45,1.051551
2022-10-15 11:50,1.041796
2022-10-15 11:55,1.034049
2022-10-15 12:00,1.028310
2022-10-15 12:05,1.023719
2022-10-15 12:10,1.019415
2022-10-15 12:15,1.020849
2022-10-15 12:20,1.021996
2022-10-15 12:25,1.022857
2022-10-15 12:30,1.024004
2022-10-15 12:35,1.025152
2022-10-15 12:40,1.028021
2022-10-15 12:45,1.029455
2022-10-15 12:50,1.030890
2022-10-15 12:55,1.033472
2022-10-15 13:00,1.036628
2022-10-15 13:05,1.039211
2022-10-15 13:10,1.041506
2022-10-15 13:15,1.041793
2022-10-15 13:20,1.041793
2022-10-15 13:25,1.043515
2022-10-15 13:30,1.045524
2022-10-15 13:35,1.047246
2022-10-15 13:40,1.048968
2022-10-15 13:45,1.048681
2022-10-15 13:50,1.048107
2022-10-15 13:55,1.047533
2022-10-15 14:00,1.045811
2022-10-15 14:05,1.043229
2022-10-15 14:10,1.041220
2022-10-15 14:15,1.038351
2022-10-15 14:20,1.037204
2022-10-15 14:25,1.036630
2022-10-15 14:30,1.034621
2022-10-15 14:35,1.036055
2022-10-15 14:40,1.038925
2022-10-15 14:45,1.042368
2022-10-15 14:50,1.047533
2022-10-15 14:55,1.052984
2022-10-15 15:00,1.058436
2022-10-15 15:05,1.063888
2022-10-15 15:10,1.069626
2022-10-15 15:15,1.075365
2022-10-15 15:20,1.081391
2022-10-15 15:25,1.087416
2022-10-15 15:30,1.093728
2022-10-15 15:35,1.099180
2022-10-15 15:40,1.100328
2022-10-15 15:45,1.098606
2022-10-15 15:50,1.095737
2022-10-15 15:55,1.092868
2022-10-15 16:00,1.090572
2022-10-15 16:05,1.087703
2022-10-15 16:10,1.084834
2022-10-15 16:15,1.082538
2022-10-15 16:20,1.081677
2022-10-15 16:25,1.082825
2022-10-15 16:30,1.083972
2022-10-15 16:35,1.082538
2022-10-15 16:40,1.082825
2022-10-15 16:45,1.084833
2022-10-15 16:50,1.088276
2022-10-15 16:55,1.092292
2022-10-15 17:00,1.096309
2022-10-15 17:05,1.098892
2022-10-15 17:10,1.102908
2022-10-15 17:15,1.106925
2022-10-15 17:20,1.110081
2022-10-15 17:25,1.111802
2022-10-15 17:30,1.111515
2022-10-15 17:35,1.111515
2022-10-15 17:40,1.116680
2022-10-15 17:45,1.120985
2022-10-15 17:50,1.124715
2022-10-15 17:55,1.128446
2022-10-15 18:00,1.132464
2022-10-15 18:05,1.138202
2022-10-15 18:10,1.146523
2022-10-15 18:15,1.152262
2022-10-15 18:20,1.159722
2022-10-15 18:25,1.167470
2022-10-15 18:30,1.173495
2022-10-15 18:35,1.179521
2022-10-15 18:40,1.184972
2022-10-15 18:45,1.186980
2022-10-15 18:50,1.189275
2022-10-15 18:55,1.191283
2022-10-15 19:00,1.195873
2022-10-15 19:05,1.200177
2022-10-15 19:10,1.202759
2022-10-15 19:15,1.203333
2022-10-15 19:20,1.205916
2022-10-15 19:25,1.206776
2022-10-15 19:30,1.208210
2022-10-15 19:35,1.213949
2022-10-15 19:40,1.219688
2022-10-15 19:45,1.225713
2022-10-15 19:50,1.232600
2022-10-15 19:55,1.238339
2022-10-15 20:00,1.244077
2022-10-15 20:05,1.247233
2022-10-15 20:10,1.250389
2022-10-15 20:15,1.253546
2022-10-15 20:20,1.256989
2022-10-15 20:25,1.260145
2022-10-15 20:30,1.263301
2022-10-15 20:35,1.265883
2022-10-15 20:40,1.265883
2022-10-15 20:45,1.265883
2022-10-15 20:50,1.266170
2022-10-15 20:55,1.265596
2022-10-15 21:00,1.265883
2022-10-15 21:05,1.265883
2022-10-15 21:10,1.266169
2022-10-15 21:15,1.266456
2022-10-15 21:20,1.266456
2022-10-15 21:25,1.266456
2022-10-15 21:30,1.266456
2022-10-15 21:35,1.265596
2022-10-15 21:40,1.264735
2022-10-15 21:45,1.263875
2022-10-15 21:50,1.263014
2022-10-15 21:55,1.261867
2022-10-15 22:00,1.260719
2022-10-15 22:05,1.259572
2022-10-15 22:10,1.258711
2022-10-15 22:15,1.256990
2022-10-15 22:20,1.255269
2022-10-15 22:25,1.253261
2022-10-15 22:30,1.250679
2022-10-15 22:35,1.248096
2022-10-15 22:40,1.246374
2022-10-15 22:45,1.244653
2022-10-15 22:50,1.243505
2022-10-15 22:55,1.242358
2022-10-15 23:00,1.241210
2022-10-15 23:05,1.240063
2022-10-15 23:10,1.238916
2022-10-15 23:15,1.239489
2022-10-15 23:20,1.244080
2022-10-15 23:25,1.249531
2022-10-15 23:30,1.255557
2022-10-15 23:35,1.262157
2022-10-15 23:40,1.268757
2022-10-15 23:45,1.275357
2022-10-15 23:50,1.281096
2022-10-15 23:55,1.282817
2022-10-16 00:00,1.284538
2022-10-16 00:05,1.287119
2022-10-16 00:10,1.289701
2022-10-16 00:15,1.289414
2022-10-16 00:20,1.287406
2022-10-16 00:25,1.281955
2022-10-16 00:30,1.275643
2022-10-16 00:35,1.269331
2022-10-16 00:40,1.265887
2022-10-16 00:45,1.263878
2022-10-16 00:50,1.262730
2022-10-16 00:55,1.262443
2022-10-16 01:00,1.266460
2022-10-16 01:05,1.270478
2022-10-16 01:10,1.273922
2022-10-16 01:15,1.277079
2022-10-16 01:20,1.283391
2022-10-16 01:25,1.290277
2022-10-16 01:30,1.296589
2022-10-16 01:35,1.302902
2022-10-16 01:40,1.309214
2022-10-16 01:45,1.312658
2022-10-16 01:50,1.315240
2022-10-16 01:55,1.316962
2022-10-16 02:00,1.318111
2022-10-16 02:05,1.318397
2022-10-16 02:10,1.318684
2022-10-16 02:15,1.318684
2022-10-16 02:20,1.319545
2022-10-16 02:25,1.319545
2022-10-16 02:30,1.316962
2022-10-16 02:35,1.314954
2022-10-16 02:40,1.313805
2022-10-16 02:45,1.310936
2022-10-16 02:50,1.307205
2022-10-16 02:55,1.301180
2022-10-16 03:00,1.294868
2022-10-16 03:05,1.289416
2022-10-16 03:10,1.283390
2022-10-16 03:15,1.277939
2022-10-16 03:20,1.272487
2022-10-16 03:25,1.265888
2022-10-16 03:30,1.259862
2022-10-16 03:35,1.255845
2022-10-16 03:40,1.252402
2022-10-16 03:45,1.246951
2022-10-16 03:50,1.244368
2022-10-16 03:55,1.241499
2022-10-16 04:00,1.241499
2022-10-16 04:05,1.242646
2022-10-16 04:10,1.243507
2022-10-16 04:15,1.244941
2022-10-16 04:20,1.243793
2022-10-16 04:25,1.242645
2022-10-16 04:30,1.242358
2022-10-16 04:35,1.240636
2022-10-16 04:40,1.239774
2022-10-16 04:45,1.237479
2022-10-16 04:50,1.236331
2022-10-16 04:55,1.234036
2022-10-16 05:00,1.233749
2022-10-16 05:05,1.232314
2022-10-16 05:10,1.230018
2022-10-16 05:15,1.228297
2022-10-16 05:20,1.226863
2022-10-16 05:25,1.227438
2022-10-16 05:30,1.227725
2022-10-16 05:35,1.228012
2022-10-16 05:40,1.229734
2022-10-16 05:45,1.230595
2022-10-16 05:50,1.234325
2022-10-16 05:55,1.238629
2022-10-16 06:00,1.242359
2022-10-16 06:05,1.244367
2022-10-16 06:10,1.246376
2022-10-16 06:15,1.249245
2022-10-16 06:20,1.251540
2022-10-16 06:25,1.253548
2022-10-16 06:30,1.255556
2022-10-16 06:35,1.257851
2022-10-16 06:40,1.258998
2022-10-16 06:45,1.260146
2022-10-16 06:50,1.261293
2022-10-16 06:55,1.260432
2022-10-16 07:00,1.258998
2022-10-16 07:05,1.258138
2022-10-16 07:10,1.257564
2022-10-16 07:15,1.256990
2022-10-16 07:20,1.255556
2022-10-16 07:25,1.254122
2022-10-16 07:30,1.252688
2022-10-16 07:35,1.251253
2022-10-16 07:40,1.250106
2022-10-16 07:45,1.250106
2022-10-16 07:50,1.250106
2022-10-16 07:55,1.250106
2022-10-16 08:00,1.250106
2022-10-16 08:05,1.250106
2022-10-16 08:10,1.250106
2022-10-16 08:15,1.250680
2022-10-16 08:20,1.250967
2022-10-16 08:25,1.251253
2022-10-16 08:30,1.250680
2022-10-16 08:35,1.251253
2022-10-16 08:40,1.252688
2022-10-16 08:45,1.253835
2022-10-16 08:50,1.256131
2022-10-16 08:55,1.259287
2022-10-16 09:00,1.261582
2022-10-16 09:05,1.263878
2022-10-16 09:10,1.262731
2022-10-16 09:15,1.261583
2022-10-16 09:20,1.258714
2022-10-16 09:25,1.256131
2022-10-16 09:30,1.253262
2022-10-16 09:35,1.251253
2022-10-16 09:40,1.247524
2022-10-16 09:45,1.242359
2022-10-16 09:50,1.237194
2022-10-16 09:55,1.230594
2022-10-16 10:00,1.223133
2022-10-16 10:05,1.214525
2022-10-16 10:10,1.207638
2022-10-16 10:15,1.204195
2022-10-16 10:20,1.201038
2022-10-16 10:25,1.199602
2022-10-16 10:30,1.198167
2022-10-16 10:35,1.197019
2022-10-16 10:40,1.195871
2022-10-16 10:45,1.196731
2022-10-16 10:50,1.198453
2022-10-16 10:55,1.200175
2022-10-16 11:00,1.201610
2022-10-16 11:05,1.201324
2022-10-16 11:10,1.203045
2022-10-16 11:15,1.204767
2022-10-16 11:20,1.206488
2022-10-16 11:25,1.204481
2022-10-16 11:30,1.201612
2022-10-16 11:35,1.198456
2022-10-16 11:40,1.193866
2022-10-16 11:45,1.190709
2022-10-16 11:50,1.186118
2022-10-16 11:55,1.181240
2022-10-16 12:00,1.176362
2022-10-16 12:05,1.171771
2022-10-16 12:10,1.170623
2022-10-16 12:15,1.169476
2022-10-16 12:20,1.166607
2022-10-16 12:25,1.163737
2022-10-16 12:30,1.164598
2022-10-16 12:35,1.166606
2022-10-16 12:40,1.169762
2022-10-16 12:45,1.176361
2022-10-16 12:50,1.181813
2022-10-16 12:55,1.187265
2022-10-16 13:00,1.193003
2022-10-16 13:05,1.198742
2022-10-16 13:10,1.204481
2022-10-16 13:15,1.209645
2022-10-16 13:20,1.214810
2022-10-16 13:25,1.218827
2022-10-16 13:30,1.222844
2022-10-16 13:35,1.226574
2022-10-16 13:40,1.230017
2022-10-16 13:45,1.232599
2022-10-16 13:50,1.233173
2022-10-16 13:55,1.233460
2022-10-16 14:00,1.233746
2022-10-16 14:05,1.233746
2022-10-16 14:10,1.233460
2022-10-16 14:15,1.233460
2022-10-16 14:20,1.231164
2022-10-16 14:25,1.228008
2022-10-16 14:30,1.226000
2022-10-16 14:35,1.224853
2022-10-16 14:40,1.224566
2022-10-16 14:45,1.225714
2022-10-16 14:50,1.230018
2022-10-16 14:55,1.232601
2022-10-16 15:00,1.233749
2022-10-16 15:05,1.234897
2022-10-16 15:10,1.234897
2022-10-16 15:15,1.235184
2022-10-16 15:20,1.234897
2022-10-16 15:25,1.235758
2022-10-16 15:30,1.237479
2022-10-16 15:35,1.239200
2022-10-16 15:40,1.240347
2022-10-16 15:45,1.240634
2022-10-16 15:50,1.239486
2022-10-16 15:55,1.235182
2022-10-16 16:00,1.231165
2022-10-16 16:05,1.227147
2022-10-16 16:10,1.218539
2022-10-16 16:15,1.211080
2022-10-16 16:20,1.203620
2022-10-16 16:25,1.201038
2022-10-16 16:30,1.198455
2022-10-16 16:35,1.195873
2022-10-16 16:40,1.194438
2022-10-16 16:45,1.189274
2022-10-16 16:50,1.184110
2022-10-16 16:55,1.175502
2022-10-16 17:00,1.166894
2022-10-16 17:05,1.159721
2022-10-16 17:10,1.155130
2022-10-16 17:15,1.157426
2022-10-16 17:20,1.161443
2022-10-16 17:25,1.165459
2022-10-16 17:30,1.164886
2022-10-16 17:35,1.165460
2022-10-16 17:40,1.165747
2022-10-16 17:45,1.164025
2022-10-16 17:50,1.166607
2022-10-16 17:55,1.169188
2022-10-16 18:00,1.175501
2022-10-16 18:05,1.182962
2022-10-16 18:10,1.190423
2022-10-16 18:15,1.196735
2022-10-16 18:20,1.201612
2022-10-16 18:25,1.203908
2022-10-16 18:30,1.205343
2022-10-16 18:35,1.206778
2022-10-16 18:40,1.207065
2022-10-16 18:45,1.207639
2022-10-16 18:50,1.209074
2022-10-16 18:55,1.209649
2022-10-16 19:00,1.210510
2022-10-16 19:05,1.210797
2022-10-16 19:10,1.209937
2022-10-16 19:15,1.209076
2022-10-16 19:20,1.208215
2022-10-16 19:25,1.206494
2022-10-16 19:30,1.205634
2022-10-16 19:35,1.205347
2022-10-16 19:40,1.202478
2022-10-16 19:45,1.199608
2022-10-16 19:50,1.197313
2022-10-16 19:55,1.197026
2022-10-16 20:00,1.196739
2022-10-16 20:05,1.196165
2022-10-16 20:10,1.199035
2022-10-16 20:15,1.198748
2022-10-16 20:20,1.199035
2022-10-16 20:25,1.200182
2022-10-16 20:30,1.201329
2022-10-16 20:35,1.202477
2022-10-16 20:40,1.203911
2022-10-16 20:45,1.207928
2022-10-16 20:50,1.211944
2022-10-16 20:55,1.215674
2022-10-16 21:00,1.217109
2022-10-16 21:05,1.218543
2022-10-16 21:10,1.219977
2022-10-16 21:15,1.217681
2022-10-16 21:20,1.219116
2022-10-16 21:25,1.219976
2022-10-16 21:30,1.219402
2022-10-16 21:35,1.218829
2022-10-16 21:40,1.219116
2022-10-16 21:45,1.219402
2022-10-16 21:50,1.219689
2022-10-16 21:55,1.219976
2022-10-16 22:00,1.219116
2022-10-16 22:05,1.219976
2022-10-16 22:10,1.219402
2022-10-16 22:15,1.218829
2022-10-16 22:20,1.218829
2022-10-16 22:25,1.217395
2022-10-16 22:30,1.215960
2022-10-16 22:35,1.214238
2022-10-16 22:40,1.212516
2022-10-16 22:45,1.209934
2022-10-16 22:50,1.207352
2022-10-16 22:55,1.204769
2022-10-16 23:00,1.203048
2022-10-16 23:05,1.202187
2022-10-16 23:10,1.199893
2022-10-16 23:15,1.198171
2022-10-16 23:20,1.196449
2022-10-16 23:25,1.194727
2022-10-16 23:30,1.194727
2022-10-16 23:35,1.194727
2022-10-16 23:40,1.195588
2022-10-16 23:45,1.196450
2022-10-16 23:50,1.197311
2022-10-16 23:55,1.198746
2022-10-17 00:00,1.199608
2022-10-17 00:05,1.198459
2022-10-17 00:10,1.197311
2022-10-17 00:15,1.196163
2022-10-17 00:20,1.197598
2022-10-17 00:25,1.199033
2022-10-17 00:30,1.201329
2022-10-17 00:35,1.203623
2022-10-17 00:40,1.205918
2022-10-17 00:45,1.208213
2022-10-17 00:50,1.210508
2022-10-17 00:55,1.212802
2022-10-17 01:00,1.214237
2022-10-17 01:05,1.216245
2022-10-17 01:10,1.219688
2022-10-17 01:15,1.224279
2022-10-17 01:20,1.229731
2022-10-17 01:25,1.232600
2022-10-17 01:30,1.235469
2022-10-17 01:35,1.236043
2022-10-17 01:40,1.235756
2022-10-17 01:45,1.235469
2022-10-17 01:50,1.236617
2022-10-17 01:55,1.238626
2022-10-17 02:00,1.240922
2022-10-17 02:05,1.243504
2022-10-17 02:10,1.246374
2022-10-17 02:15,1.248956
2022-10-17 02:20,1.250390
2022-10-17 02:25,1.251251
2022-10-17 02:30,1.252972
2022-10-17 02:35,1.254406
2022-10-17 02:40,1.257275
2022-10-17 02:45,1.260145
2022-10-17 02:50,1.262727
2022-10-17 02:55,1.263301
2022-10-17 03:00,1.263014
2022-10-17 03:05,1.262440
2022-10-17 03:10,1.261006
2022-10-17 03:15,1.259285
2022-10-17 03:20,1.258425
2022-10-17 03:25,1.257564
2022-10-17 03:30,1.256417
2022-10-17 03:35,1.257278
2022-10-17 03:40,1.258426
2022-10-17 03:45,1.259861
2022-10-17 03:50,1.262444
2022-10-17 03:55,1.266174
2022-10-17 04:00,1.270479
2022-10-17 04:05,1.274209
2022-10-17 04:10,1.278513
2022-10-17 04:15,1.283965
2022-10-17 04:20,1.289417
2022-10-17 04:25,1.294008
2022-10-17 04:30,1.298599
2022-10-17 04:35,1.304625
2022-10-17 04:40,1.309502
2022-10-17 04:45,1.314379
2022-10-17 04:50,1.318969
2022-10-17 04:55,1.324134
2022-10-17 05:00,1.328438
2022-10-17 05:05,1.332741
2022-10-17 05:10,1.337619
2022-10-17 05:15,1.341062
2022-10-17 05:20,1.344219
2022-10-17 05:25,1.347375
2022-10-17 05:30,1.350531
2022-10-17 05:35,1.354548
2022-10-17 05:40,1.361147
2022-10-17 05:45,1.366885
2022-10-17 05:50,1.371190
2022-10-17 05:55,1.375494
2022-10-17 06:00,1.378077
2022-10-17 06:05,1.380659
2022-10-17 06:10,1.384676
2022-10-17 06:15,1.388692
2022-10-17 06:20,1.393570
2022-10-17 06:25,1.397013
2022-10-17 06:30,1.400456
2022-10-17 06:35,1.403899
2022-10-17 06:40,1.406481
2022-10-17 06:45,1.405047
2022-10-17 06:50,1.403613
2022-10-17 06:55,1.405047
2022-10-17 07:00,1.406481
2022-10-17 07:05,1.406481
2022-10-17 07:10,1.407915
2022-10-17 07:15,1.407915
2022-10-17 07:20,1.407915
2022-10-17 07:25,1.407915
2022-10-17 07:30,1.409350
2022-10-17 07:35,1.410784
2022-10-17 07:40,1.412218
2022-10-17 07:45,1.412505
2022-10-17 07:50,1.412792
2022-10-17 07:55,1.413079
2022-10-17 08:00,1.411931
2022-10-17 08:05,1.410784
2022-10-17 08:10,1.411071
2022-10-17 08:15,1.409923
2022-10-17 08:20,1.408776
2022-10-17 08:25,1.408489
2022-10-17 08:30,1.408202
2022-10-17 08:35,1.407915
2022-10-17 08:40,1.407629
2022-10-17 08:45,1.407915
2022-10-17 08:50,1.409350
2022-10-17 08:55,1.410210
2022-10-17 09:00,1.409349
2022-10-17 09:05,1.408487
2022-10-17 09:10,1.409348
2022-10-17 09:15,1.410208
2022-10-17 09:20,1.411069
2022-10-17 09:25,1.411930
2022-10-17 09:30,1.410208
2022-10-17 09:35,1.408486
2022-10-17 09:40,1.406190
2022-10-17 09:45,1.403034
2022-10-17 09:50,1.399304
2022-10-17 09:55,1.396435
2022-10-17 10:00,1.394139
2022-10-17 10:05,1.393565
2022-10-17 10:10,1.392992
2022-10-17 10:15,1.389836
2022-10-17 10:20,1.386679
2022-10-17 10:25,1.382089
2022-10-17 10:30,1.377499
2022-10-17 10:35,1.376064
2022-10-17 10:40,1.374917
2022-10-17 10:45,1.374343
2022-10-17 10:50,1.374630
2022-10-17 10:55,1.373196
2022-10-17 11:00,1.369753
2022-10-17 11:05,1.365449
2022-10-17 11:10,1.358850
2022-10-17 11:15,1.352251
2022-10-17 11:20,1.345652
2022-10-17 11:25,1.338192
2022-10-17 11:30,1.331305
2022-10-17 11:35,1.323558
2022-10-17 11:40,1.313516
2022-10-17 11:45,1.303187
2022-10-17 11:50,1.292858
2022-10-17 11:55,1.282242
2022-10-17 12:00,1.273347
2022-10-17 12:05,1.265888
2022-10-17 12:10,1.257567
2022-10-17 12:15,1.251541
2022-10-17 12:20,1.244655
2022-10-17 12:25,1.238630
2022-10-17 12:30,1.234325
2022-10-17 12:35,1.230022
2022-10-17 12:40,1.226579
2022-10-17 12:45,1.223996
2022-10-17 12:50,1.221414
2022-10-17 12:55,1.218831
2022-10-17 13:00,1.216536
2022-10-17 13:05,1.214240
2022-10-17 13:10,1.211084
2022-10-17 13:15,1.209650
2022-10-17 13:20,1.208215
2022-10-17 13:25,1.208215
2022-10-17 13:30,1.207642
2022-10-17 13:35,1.206208
2022-10-17 13:40,1.205634
2022-10-17 13:45,1.204486
2022-10-17 13:50,1.203337
2022-10-17 13:55,1.202189
2022-10-17 14:00,1.199894
2022-10-17 14:05,1.197598
2022-10-17 14:10,1.196163
2022-10-17 14:15,1.195301
2022-10-17 14:20,1.194440
2022-10-17 14:25,1.194440
2022-10-17 14:30,1.193866
2022-10-17 14:35,1.193866
2022-10-17 14:40,1.196161
2022-10-17 14:45,1.198744
2022-10-17 14:50,1.202761
2022-10-17 14:55,1.207639
2022-10-17 15:00,1.212517
2022-10-17 15:05,1.218543
2022-10-17 15:10,1.223708
2022-10-17 15:15,1.229733
2022-10-17 15:20,1.235759
2022-10-17 15:25,1.242932
2022-10-17 15:30,1.249245
2022-10-17 15:35,1.256131
2022-10-17 15:40,1.263017
2022-10-17 15:45,1.267034
2022-10-17 15:50,1.271338
2022-10-17 15:55,1.274781
2022-10-17 16:00,1.277363
2022-10-17 16:05,1.281093
2022-10-17 16:10,1.285971
2022-10-17 16:15,1.291997
2022-10-17 16:20,1.296301
2022-10-17 16:25,1.302901
2022-10-17 16:30,1.308353
2022-10-17 16:35,1.313804
2022-10-17 16:40,1.318683
2022-10-17 16:45,1.323561
2022-10-17 16:50,1.329873
2022-10-17 16:55,1.335898
2022-10-17 17:00,1.341637
2022-10-17 17:05,1.347376
2022-10-17 17:10,1.351967
2022-10-17 17:15,1.356557
2022-10-17 17:20,1.359713
2022-10-17 17:25,1.364017
2022-10-17 17:30,1.364877
2022-10-17 17:35,1.366025
2022-10-17 17:40,1.368033
2022-10-17 17:45,1.370041
2022-10-17 17:50,1.372909
2022-10-17 17:55,1.374057
2022-10-17 18:00,1.374057
2022-10-17 18:05,1.375204
2022-10-17 18:10,1.376351
2022-10-17 18:15,1.377499
2022-10-17 18:20,1.376638
2022-10-17 18:25,1.376925
2022-10-17 18:30,1.375204
2022-10-17 18:35,1.375491
2022-10-17 18:40,1.378073
2022-10-17 18:45,1.379795
2022-10-17 18:50,1.382951
2022-10-17 18:55,1.384673
2022-10-17 19:00,1.387256
2022-10-17 19:05,1.390699
2022-10-17 19:10,1.393281
2022-10-17 19:15,1.396437
2022-10-17 19:20,1.399020
2022-10-17 19:25,1.402463
2022-10-17 19:30,1.405906
2022-10-17 19:35,1.410209
2022-10-17 19:40,1.412505
2022-10-17 19:45,1.411358
2022-10-17 19:50,1.410210
2022-10-17 19:55,1.407629
2022-10-17 20:00,1.405333
2022-10-17 20:05,1.403325
2022-10-17 20:10,1.401317
2022-10-17 20:15,1.399021
2022-10-17 20:20,1.394144
2022-10-17 20:25,1.391849
2022-10-17 20:30,1.387545
2022-10-17 20:35,1.383242
2022-10-17 20:40,1.378938
2022-10-17 20:45,1.375782
2022-10-17 20:50,1.372625
2022-10-17 20:55,1.369181
2022-10-17 21:00,1.365163
2022-10-17 21:05,1.361434
2022-10-17 21:10,1.357416
2022-10-17 21:15,1.352251
2022-10-17 21:20,1.347374
2022-10-17 21:25,1.344505
2022-10-17 21:30,1.339627
2022-10-17 21:35,1.336758
2022-10-17 21:40,1.333889
2022-10-17 21:45,1.331019
2022-10-17 21:50,1.327290
2022-10-17 21:55,1.324421
2022-10-17 22:00,1.322700
2022-10-17 22:05,1.321840
2022-10-17 22:10,1.322126
2022-10-17 22:15,1.321266
2022-10-17 22:20,1.322700
2022-10-17 22:25,1.323561
2022-10-17 22:30,1.324421
2022-10-17 22:35,1.324708
2022-10-17 22:40,1.324995
2022-10-17 22:45,1.325855
2022-10-17 22:50,1.327003
2022-10-17 22:55,1.329011
2022-10-17 23:00,1.330732
2022-10-17 23:05,1.331592
2022-10-17 23:10,1.332166
2022-10-17 23:15,1.330732
2022-10-17 23:20,1.330445
2022-10-17 23:25,1.329011
2022-10-17 23:30,1.328150
2022-10-17 23:35,1.327290
2022-10-17 23:40,1.327003
2022-10-17 23:45,1.327863
2022-10-17 23:50,1.328150
2022-10-17 23:55,1.327576
2022-10-18 00:00,1.327863
2022-10-18 00:05,1.328724
2022-10-18 00:10,1.329298
2022-10-18 00:15,1.329584
2022-10-18 00:20,1.330732
2022-10-18 00:25,1.332166
2022-10-18 00:30,1.333600
2022-10-18 00:35,1.335608
2022-10-18 00:40,1.338764
2022-10-18 00:45,1.341920
2022-10-18 00:50,1.343068
2022-10-18 00:55,1.343928
2022-10-18 01:00,1.345649
2022-10-18 01:05,1.346223
2022-10-18 01:10,1.346797
2022-10-18 01:15,1.347657
2022-10-18 01:20,1.348805
2022-10-18 01:25,1.349952
2022-10-18 01:30,1.349092
2022-10-18 01:35,1.348231
2022-10-18 01:40,1.346510
2022-10-18 01:45,1.342780
2022-10-18 01:50,1.339050
2022-10-18 01:55,1.336182
2022-10-18 02:00,1.334174
2022-10-18 02:05,1.331879
2022-10-18 02:10,1.330158
2022-10-18 02:15,1.327863
2022-10-18 02:20,1.325855
2022-10-18 02:25,1.323847
2022-10-18 02:30,1.322987
2022-10-18 02:35,1.325283
2022-10-18 02:40,1.328726
2022-10-18 02:45,1.332455
2022-10-18 02:50,1.337333
2022-10-18 02:55,1.342784
2022-10-18 03:00,1.347661
2022-10-18 03:05,1.351677
2022-10-18 03:10,1.355694
2022-10-18 03:15,1.359137
2022-10-18 03:20,1.363154
2022-10-18 03:25,1.366884
2022-10-18 03:30,1.370327
2022-10-18 03:35,1.372909
2022-10-18 03:40,1.373770
2022-10-18 03:45,1.372909
2022-10-18 03:50,1.371475
2022-10-18 03:55,1.369754
2022-10-18 04:00,1.367459
2022-10-18 04:05,1.365738
2022-10-18 04:10,1.364304
2022-10-18 04:15,1.362870
2022-10-18 04:20,1.363730
2022-10-18 04:25,1.362296
2022-10-18 04:30,1.360862
2022-10-18 04:35,1.361722
2022-10-18 04:40,1.360288
2022-10-18 04:45,1.361148
2022-10-18 04:50,1.362583
2022-10-18 04:55,1.364877
2022-10-18 05:00,1.367172
2022-10-18 05:05,1.369467
2022-10-18 05:10,1.371762
2022-10-18 05:15,1.374057
2022-10-18 05:20,1.376351
2022-10-18 05:25,1.376638
2022-10-18 05:30,1.378933
2022-10-18 05:35,1.381228
2022-10-18 05:40,1.381515
2022-10-18 05:45,1.386105
2022-10-18 05:50,1.388687
2022-10-18 05:55,1.391270
2022-10-18 06:00,1.393565
2022-10-18 06:05,1.395861
2022-10-18 06:10,1.398157
2022-10-18 06:15,1.400452
2022-10-18 06:20,1.402748
2022-10-18 06:25,1.405044
2022-10-18 06:30,1.407339
2022-10-18 06:35,1.407627
2022-10-18 06:40,1.407915
2022-10-18 06:45,1.408202
2022-10-18 06:50,1.401890
2022-10-18 06:55,1.395578
2022-10-18 07:00,1.389265
2022-10-18 07:05,1.382379
2022-10-18 07:10,1.374920
2022-10-18 07:15,1.368034
2022-10-18 07:20,1.361148
2022-10-18 07:25,1.354262
2022-10-18 07:30,1.347376
2022-10-18 07:35,1.340490
2022-10-18 07:40,1.337619
2022-10-18 07:45,1.334749
2022-10-18 07:50,1.331879
2022-10-18 07:55,1.333313
2022-10-18 08:00,1.335609
2022-10-18 08:05,1.338765
2022-10-18 08:10,1.342495
2022-10-18 08:15,1.346799
2022-10-18 08:20,1.351102
2022-10-18 08:25,1.355692
2022-10-18 08:30,1.361718
2022-10-18 08:35,1.366308
2022-10-18 08:40,1.370899
2022-10-18 08:45,1.373481
2022-10-18 08:50,1.376064
2022-10-18 08:55,1.378646
2022-10-18 09:00,1.381229
2022-10-18 09:05,1.382950
2022-10-18 09:10,1.383810
2022-10-18 09:15,1.384671
2022-10-18 09:20,1.385531
2022-10-18 09:25,1.386679
2022-10-18 09:30,1.385819
2022-10-18 09:35,1.383523
2022-10-18 09:40,1.382663
2022-10-18 09:45,1.381802
2022-10-18 09:50,1.382664
2022-10-18 09:55,1.381803
2022-10-18 10:00,1.380943
2022-10-18 10:05,1.379508
2022-10-18 10:10,1.377787
2022-10-18 10:15,1.374918
2022-10-18 10:20,1.372623
2022-10-18 10:25,1.370902
2022-10-18 10:30,1.367745
2022-10-18 10:35,1.366885
2022-10-18 10:40,1.365450
2022-10-18 10:45,1.363441
2022-10-18 10:50,1.362628
2022-10-18 10:55,1.359633
2022-10-18 11:00,1.358276
2022-10-18 11:05,1.356618
2022-10-18 11:10,1.355478
2022-10-18 11:15,1.354546
